0,2000
1,37
2,9
3,7/15
4,6
5,150
6,60
7,4800
8,8.8
9,9
10,41
11,15
12,90
13,56
14,45
15,8172
16,16
17,18.7
18,322.5
19,10
20,270
21,5
22,100
23,54
24,390
25,53
26,24
27,48
28,0.628
29,1950
30,5.7
31,48
32,9
33,720
34,30
35,29/20
36,341
37,5
38,5/12
39,48
40,400
41,24
42,9
43,500
44,32
45,17
46,95
47,288
48,180
49,380
50,706
51,9
52,9000
53,280
54,779
55,120
56,202
57,4250
58,1056
59,4
60,13
61,792
62,300
63,756
64,2448
65,588
66,14992
67,40
68,3640
69,945
70,9
71,75.84
72,6000
73,2/4
74,225
75,3.8
76,250
77,19/20
78,24
79,294
80,3
81,27
82,8
83,392
84,275
85,20%
86,15
87,30
88,434
89,304
90,2.98
91,20
92,20
93,4000
94,1426
95,490.24
96,8
97,16
98,3
99,260
100,2496
101,40
102,3287.8
103,13
104,8
105,37.5
106,4/9
107,20490
108,10.9
109,3
110,2_3/5
111,1200
112,560
113,147
114,14
115,30
116,1322
117,623
118,192
119,124
120,1.54
121,13
122,25
123,79
124,4000
125,90%
126,360
127,0.8
128,85
129,770
130,7/9
131,5703
132,10
133,9
134,11200
135,9
136,695
137,50
138,4
139,94
140,90
141,290
142,72
143,17
144,8345.76
145,356
146,15
147,2520
148,4800
149,9
150,2/3
151,384
152,20/3
153,475
154,8000
155,3/10
156,5
157,600
158,98
159,230
160,30
161,50
162,5
163,2
164,32
165,1350
166,702
167,875
168,13
169,180
170,3_1/4
171,9
172,176
173,144
174,2/3
175,14
176,52
177,9
178,8
179,17
180,40
181,40.82
182,12
183,27
184,45/8
185,650
186,4000
187,9
188,78
189,7
190,550
191,904.32
192,10495
193,890
194,2800
195,2346
196,656
197,28.26
198,450
199,248
200,75
201,228
202,12
203,7/20
204,4
205,40
206,4/9
207,7
208,37
209,1342
210,6
211,72.9
212,2499
213,32980
214,6
215,6375
216,80
217,5
218,67920
219,2
220,5
221,333
222,20
223,4
224,94
225,1872
226,42
227,9
228,1
229,8.4
230,170
231,373
232,3025
233,207
234,684
235,405
236,781
237,4200
238,1/18
239,205
240,800
241,200
242,25/8
243,5475
244,276
245,7/10
246,318
247,25/24
248,290
249,10
250,24
251,75
252,3175.5
253,1710
254,845
255,7500
256,1536
257,6
258,490
259,5
260,2400
261,480
262,40
263,96
264,48/25
265,5
266,19/24
267,492
268,48
269,9
270,25000
271,11360
272,75
273,12
274,520
275,1985
276,297
277,2.4
278,32
279,2300
280,50.24
281,8
282,5.2
283,736
284,59
285,18
286,240
287,579
288,48
289,2700
290,974
291,5
292,2
293,534
294,16
295,23
296,4800
297,3
298,4
299,105
300,138
301,49/20
302,6
303,8
304,81
305,314
306,9
307,20
308,20
309,24
310,125.6
311,540
312,32
313,2/7
314,36
315,80
316,4
317,324
318,900
319,1/3
320,12
321,432
322,3/8
323,7/40
324,3/5
325,4
326,3600
327,73.75
328,710
329,12
330,10737.5
331,434000
332,16000
333,300
334,4/7
335,1920
336,15
337,546
338,6
339,1
340,25
341,90
342,21
343,15
344,125
345,33
346,48
347,4
348,425
349,5
350,32
351,600
352,438
353,1570
354,180
355,200
356,346.5
357,12
358,2500
359,4
360,5043.5
361,628
362,85
363,9
364,10
365,540
366,9/35
367,24
368,5/8
369,29
370,150
371,172
372,10
373,7
374,36
375,1350
376,481
377,96
378,2301
379,30/7
380,70
381,42
382,2/5
383,6240
384,55375
385,92
386,48
387,50.24
388,500
389,20
390,7
391,1260
392,320
393,750
394,538.5
395,100
396,450
397,9
398,6552
399,12
400,134
401,136
402,864
403,3
404,705
405,32
406,14
407,4/15
408,7
409,3.14
410,12
411,5
412,1/8
413,800
414,10
415,91
416,47
417,8
418,1320
419,10
420,2/3
421,1
422,309
423,4
424,2.4
425,16.5
426,2
427,2400
428,291
429,1400
430,580
431,1480
432,352
433,97
434,12960
435,32
436,408
437,44
438,3.25
439,8000
440,1/4
441,42
442,410
443,87.5
444,64
445,510
446,3/5
447,0.5
448,20
449,1920
450,866
451,68
452,4%
453,10
454,30
455,133
456,1080
457,0.6
458,76
459,390
460,24
461,2400
462,32
463,736
464,9/10
465,1740
466,235
467,352
468,21
469,30
470,12
471,19
472,700
473,125.6
474,9
475,8.75
476,506
477,3
478,1536
479,243
480,32
481,533
482,7/6
483,3.2
484,75
485,280
486,90
487,216
488,15
489,1240
490,3
491,96
492,300
493,4
494,440
495,2187.98
496,576
497,1440
498,80
499,1344
500,272
501,800
502,960
503,7
504,985
505,729
506,150
507,725
508,97.2
509,39
510,2640
511,10
512,7/40
513,2.5
514,126
515,59
516,786
517,0.2
518,2/3
519,300
520,43
521,8
522,355
523,1800
524,3/8
525,200
526,170
527,95
528,24
529,37.68
530,120
531,2
532,150
533,58.7
534,7.5
535,450
536,1.44
537,12
538,7
539,80
540,576
541,16
542,216
543,900
544,42
545,40
546,2
547,70
548,5
549,72
550,930
551,301.44
552,42
553,9
554,1300
555,750
556,11
557,3
558,7.065
559,125.6
560,1.54
561,6
562,4
563,100
564,59
565,60
566,2800
567,304.7
568,320
569,2550
570,28.4
571,19.8
572,11200
573,18
574,2500
575,49.8
576,4
577,2
578,125
579,400
580,1400
581,9
582,394
583,320
584,8
585,9
586,25
587,33
588,45
589,1200
590,27
591,16
592,80
593,0.4
594,4
595,19.625
596,0.9
597,935
598,256
599,12000
600,782
601,1.6
602,3
603,100
604,53
605,2/5
606,8
607,7.5
608,5
609,62
610,900
611,9
612,99
613,20
614,10.8
615,7200
616,142.1
617,2
618,28.26
619,90
620,89.4
621,70
622,800
623,114
624,98
625,20/3
626,400
627,18
628,376
629,57
630,30
631,39.215
632,3_2/3
633,2000
634,48
635,94%
636,90%
637,60%
638,93.75%
639,60
640,30
641,40
642,45
643,36
644,1350
645,7
646,2
647,26
648,21
649,300
650,280
651,30
652,13.75
653,25
654,98%
655,49
656,40
657,96%
658,1.2
659,95%
660,54
661,1200
662,950
663,87.5%
664,60
665,1095
666,50
667,200
668,2
669,8400
670,35
671,980
672,36
673,32
674,5.5
675,96%
676,20
677,2
678,98%
679,96%
680,2
681,460
682,480
683,450
684,14
685,42
686,480
687,60
688,36
689,35
690,300
691,1500
692,81
693,9
694,40
695,796
696,64
697,20
698,19/40
699,53
700,48
701,48
702,4
703,3
704,9
705,5
706,94%
707,5/8
708,25
709,84
710,2400
711,137
712,2.4
713,0.3
714,10%
715,1000
716,240
717,960
718,40
719,48
720,150
721,87.92
722,80
723,240
724,24
725,425
726,420
727,117
728,300
729,307
730,240
731,5
732,32
733,90
734,34
735,135
736,9
737,20
738,49
739,160
740,94%
741,4.5
742,3/8
743,53.75
744,1000
745,4800
746,80
747,170
748,48
749,372
750,7
751,98
752,40
753,10
754,48
755,250
756,8
757,96
758,75
759,400
760,833
761,20
762,282.6
763,390.4
764,92
765,900
766,21972
767,3.4
768,200
769,40
770,909
771,49
772,109.5
773,39
774,8
775,28
776,376
777,180
778,384
779,8
780,7
781,3760
782,3680
783,25
784,1420
785,160
786,12.56
787,4
788,350
789,304
790,98%
791,81
792,200
793,75
794,147.37
795,2800
796,7
797,80
798,24/5
799,480
800,89.5
801,55
802,48
803,30;36
804,40
805,34.6
806,250
807,72
808,5
809,32
810,2.7
811,5
812,2
813,34.54
814,15
815,4000
816,2000
817,12
818,8
819,90
820,90
821,1200;480
822,88
823,180
824,100.48
825,1050
826,138
827,15
828,2.4
829,40
830,290
831,400
832,38.4
833,27
834,98
835,320
836,45
837,24
838,20
839,5.5
840,20
841,1.5
842,4
843,438
844,546
845,144
846,8
847,42
848,340
849,5
850,300
851,5500
852,49
853,12
854,20
855,0.8
856,17.5
857,210
858,9
859,30
860,13
861,150
862,42
863,2/7
864,24
865,11
866,0.6
867,25
868,35
869,5
870,13.2
871,12
872,9
873,60
874,38
875,27
876,9000
877,11%
878,87.92
879,25%
880,56
881,400
882,30
883,9
884,59
885,24
886,480
887,471
888,12
889,37
890,2.4
891,72
892,13.2
893,57.7
894,72
895,9
896,295
897,12
898,48
899,24
900,4000
901,207000
902,4
903,225
904,20
905,750
906,300
907,60
908,27
909,53.04
910,5
911,6.09
912,90
913,25
914,4.9
915,430
916,2353.6
917,94.2
918,94.3
919,4
920,200
921,3
922,8
923,94%
924,200
925,192
926,96%
927,97.5
928,24
929,8
930,40000
931,35000
932,120
933,376.8
934,6
935,250
936,45
937,270
938,7
939,17
940,76
941,9
942,204
943,48
944,9
945,1/12
946,176
947,5
948,270
949,48
950,0.4
951,48
952,32
953,231
954,24
955,12
956,16
957,3
958,10000
959,130
960,6
961,8
962,640
963,32100
964,16
965,28
966,15
967,7.5
968,72
969,1/15
970,156.2
971,10
972,3674
973,987.5
974,41
975,18
976,70
977,8
978,942
979,835
980,142.9
981,4800
982,30
983,456
984,5.5%
985,70
986,49
987,12
988,6
989,890
990,9
991,28
992,597
993,609
994,0.5%
995,2040
996,1/2
997,30
998,72
999,2/5
1000,62.8
1001,200
1002,90
1003,45
1004,6
1005,10%
1006,123
1007,40
1008,9439.2
1009,2/4
1010,4
1011,161
1012,312.5
1013,40%
1014,5
1015,8
1016,15
1017,20
1018,70
1019,4/3
1020,8
1021,40%
1022,50%
1023,24.96
1024,54
1025,45720
1026,13000
1027,1/4
1028,307
1029,96
1030,15;10
1031,203.4
1032,8
1033,10
1034,200
1035,396
1036,0.324
1037,30
1038,200
1039,52.5
1040,4.5
1041,4800
1042,2.5
1043,12
1044,38.25
1045,27
1046,3/4
1047,108
1048,529
1049,375
1050,45
1051,25
1052,240
1053,20
1054,3500
1055,1
1056,10.5
1057,28.26
1058,3/16
1059,512
1060,36
1061,9
1062,3.8
1063,5.9
1064,18
1065,20
1066,32
1067,9
1068,75
1069,45
1070,55
1071,20
1072,75
1073,284
1074,1/25
1075,4198
1076,15
1077,204
1078,0.6
1079,300
1080,3400
1081,120
1082,25
1083,30
1084,13
1085,9
1086,1/30
1087,360
1088,4/9
1089,0.144
1090,240
1091,45
1092,1950
1093,56
1094,4296
1095,27
1096,1440
1097,3/8
1098,27
1099,120
1100,1/7
1101,16
1102,454
1103,20
1104,210
1105,4/10
1106,43.8
1107,36
1108,90
1109,16
1110,27
1111,2.5
1112,27.8
1113,50%
1114,400
1115,560
1116,6
1117,50
1118,8
1119,8
1120,15
1121,30
1122,24
1123,9
1124,41
1125,4000
1126,84
1127,1.5
1128,1000
1129,0.1
1130,0.24
1131,8
1132,30
1133,550
1134,128
1135,40
1136,30
1137,17
1138,480
1139,280
1140,9000
1141,30
1142,7
1143,240
1144,12
1145,6
1146,600
1147,870
1148,50
1149,41.3
1150,2.8
1151,8
1152,7/6
1153,770
1154,4
1155,270
1156,4
1157,40
1158,954
1159,3
1160,14
1161,4
1162,240
1163,45
1164,16300
1165,27
1166,5
1167,20
1168,78
1169,18.5
1170,19.7%
1171,900
1172,360
1173,40
1174,15
1175,98%
1176,2.5
1177,2
1178,6500
1179,198
1180,3
1181,450
1182,24
1183,42
1184,147
1185,300
1186,8
1187,499
1188,95
1189,97
1190,3000
1191,180
1192,270
1193,37500
1194,72
1195,95%
1196,15
1197,50
1198,132
1199,314
1200,48
1201,2.5/11
1202,19.6
1203,25%
1204,5.1
1205,21
1206,42
1207,124
1208,8
1209,5
1210,1
1211,25
1212,247
1213,70%
1214,90
1215,320
1216,45
1217,30
1218,27
1219,750
1220,80%
1221,50
1222,3
1223,153.6
1224,8
1225,20
1226,94.2
1227,800
1228,18
1229,140
1230,16
1231,8
1232,52
1233,512
1234,450
1235,94.2
1236,23
1237,70
1238,24
1239,30
1240,25.3%
1241,12
1242,800
1243,80
1244,47
1245,420
1246,85
1247,69
1248,44
1249,180
1250,39
1251,45
1252,35
1253,16
1254,36
1255,8
1256,30
1257,38
1258,24
1259,16
1260,53
1261,22
1262,4
1263,37
1264,6
1265,45
1266,6
1267,23
1268,13
1269,18
1270,55
1271,53
1272,30
1273,26
1274,35
1275,9
1276,78
1277,7:30
1278,94
1279,30
1280,81
1281,51
1282,74
1283,18
1284,48
1285,36
1286,49
1287,35
1288,27
1289,48
1290,9
1291,22
1292,23
1293,10
1294,33
1295,4
1296,10
1297,3
1298,8
1299,6
1300,5
1301,20
1302,6
1303,5
1304,6
1305,6
1306,4
1307,5
1308,8
1309,8
1310,7
1311,12
1312,3
1313,36
1314,8
1315,8
1316,47
1317,6
1318,3
1319,9
1320,8
1321,18
1322,70
1323,21
1324,32
1325,40
1326,27
1327,7
1328,4
1329,10
1330,30
1331,10
1332,74
1333,23
1334,5
1335,45
1336,54
1337,21
1338,30
1339,5
1340,73
1341,24
1342,6
1343,7
1344,14
1345,84
1346,31
1347,33
1348,24
1349,17
1350,45
1351,16
1352,19
1353,28
1354,19
1355,27
1356,84
1357,75.36
1358,160
1359,500
1360,105
1361,3440
1362,60000
1363,5/9
1364,4.8
1365,4/5
1366,10
1367,9
1368,37680
1369,50
1370,36
1371,27
1372,295
1373,60
1374,93.75
1375,19/35
1376,400
1377,49
1378,27
1379,8.4
1380,27
1381,753.6
1382,360
1383,112
1384,456
1385,10.8
1386,18
1387,8
1388,150
1389,2.4
1390,34
1391,30
1392,48000
1393,9
1394,40
1395,16
1396,4
1397,100
1398,95
1399,768
1400,2
1401,180
1402,640
1403,30
1404,20
1405,5
1406,8
1407,50
1408,987
1409,125
1410,129
1411,50
1412,800
1413,36
1414,248
1415,300
1416,31500
1417,9
1418,200
1419,35
1420,29/20
1421,23.4
1422,33.45
1423,5
1424,0.08
1425,15
1426,9
1427,4
1428,504
1429,8
1430,30
1431,32
1432,3
1433,178
1434,4
1435,41.1
1436,240
1437,26.98
1438,79.2
1439,72
1440,20
1441,11
1442,105
1443,90
1444,54
1445,18
1446,18900
1447,57
1448,0.95
1449,4
1450,44
1451,9.6
1452,216
1453,417
1454,40
1455,80
1456,99
1457,51
1458,10
1459,9
1460,3600
1461,560
1462,170
1463,330
1464,8
1465,270
1466,45
1467,288
1468,2
1469,2.7
1470,147
1471,44
1472,3.2
1473,328
1474,26
1475,7
1476,50
1477,4500
1478,378
1479,24
1480,0.6
1481,7952
1482,18
1483,3
1484,3/4
1485,4
1486,10
1487,27
1488,8
1489,56
1490,2
1491,27
1492,30
1493,7000
1494,32
1495,3
1496,9
1497,7
1498,10.88
1499,2370
1500,94
1501,2.4
1502,124
1503,4
1504,471
1505,28
1506,89
1507,8
1508,13
1509,360
1510,945
1511,20
1512,4.8
1513,175
1514,48
1515,400
1516,36
1517,1.6
1518,5306
1519,20
1520,60
1521,52
1522,390
1523,32
1524,106
1525,8
1526,284
1527,3
1528,32
1529,810
1530,408
1531,30
1532,8
1533,95
1534,5200
1535,1
1536,5
1537,44
1538,1/22
1539,160
1540,128
1541,502.24
1542,23
1543,180
1544,3.5
1545,300
1546,180
1547,11
1548,1
1549,14
1550,39
1551,56
1552,4250
1553,3000
1554,6.75
1555,753.6
1556,0.8452
1557,2
1558,10
1559,2
1560,8000
1561,27
1562,10
1563,80
1564,7
1565,30
1566,800
1567,12
1568,5760
1569,9
1570,390
1571,4
1572,31.4
1573,7
1574,52
1575,45
1576,942
1577,37
1578,220
1579,292
1580,125
1581,64
1582,125
1583,200
1584,1223
1585,960
1586,300
1587,30
1588,54
1589,2400
1590,73
1591,216
1592,96
1593,200
1594,90
1595,348
1596,5.2
1597,20%
1598,10
1599,102
1600,30
1601,200
1602,30
1603,800
1604,16
1605,60%
1606,2736
1607,56
1608,8
1609,23.58
1610,200.96
1611,5024
1612,700
1613,400
1614,40.32
1615,52
1616,559
1617,40
1618,150
1619,384
1620,52.5
1621,80
1622,97.52
1623,120
1624,240
1625,374.7
1626,20
1627,250
1628,0.5
1629,14
1630,2000
1631,5
1632,45
1633,4/3
1634,85
1635,24
1636,8
1637,27
1638,20
1639,0.8
1640,72
1641,0.15
1642,192
1643,720
1644,59
1645,10
1646,8
1647,2.25
1648,57
1649,15
1650,1774
1651,35
1652,8
1653,15
1654,94%
1655,408.32
1656,3
1657,4000
1658,47
1659,2.4
1660,82
1661,4
1662,2_2/9
1663,40
1664,3.2
1665,5
1666,29
1667,66
1668,625
1669,3.32
1670,7/10
1671,74525
1672,5200
1673,32
1674,40
1675,147
1676,200
1677,2
1678,72
1679,5000
1680,27
1681,2400
1682,142
1683,2400
1684,3
1685,25
1686,145
1687,810
1688,3140
1689,150
1690,1120
1691,16
1692,3
1693,0.8
1694,75.36
1695,480
1696,104
1697,2
1698,30
1699,12
1700,33
1701,22
1702,6.95
1703,4.2
1704,40/3
1705,0.2
1706,4/3
1707,18
1708,875
1709,5.8
1710,480
1711,3200
1712,6600
1713,40.4
1714,960
1715,10
1716,4
1717,450
1718,18
1719,1200
1720,1/2
1721,35.792
1722,20
1723,576
1724,113.04
1725,18
1726,23
1727,219.53
1728,8
1729,835
1730,2_2/9
1731,25
1732,88
1733,43.5
1734,25
1735,90
1736,90
1737,150
1738,280
1739,3808
1740,27
1741,60
1742,25
1743,1380
1744,40
1745,80
1746,96
1747,25.12
1748,24
1749,3040
1750,114
1751,300
1752,6
1753,1.74
1754,25
1755,45
1756,4
1757,3600
1758,157
1759,150
1760,17
1761,192
1762,32.13
1763,237
1764,5
1765,375
1766,57
1767,30
1768,36
1769,8
1770,3.2
1771,420
1772,250
1773,3000
1774,2
1775,200
1776,640
1777,250
1778,11980
1779,920
1780,50
1781,9
1782,1170
1783,1800
1784,64
1785,2
1786,9
1787,5
1788,824
1789,6
1790,600
1791,250
1792,20
1793,11460
1794,5
1795,22
1796,5
1797,230
1798,24
1799,380
1800,4
1801,7/8
1802,3360
1803,3
1804,300
1805,942
1806,7200
1807,28
1808,200
1809,8
1810,630
1811,2
1812,53.38
1813,4
1814,8
1815,108
1816,4
1817,20
1818,225
1819,36
1820,7520
1821,9
1822,52
1823,9
1824,3978
1825,382
1826,12.5
1827,5
1828,80
1829,471
1830,40
1831,3
1832,60
1833,5800
1834,256
1835,394
1836,14548
1837,3
1838,3
1839,2
1840,300
1841,3
1842,12
1843,4
1844,3.5
1845,28.26
1846,12
1847,756
1848,9
1849,3000
1850,818
1851,45.3
1852,45
1853,1035
1854,1
1855,11
1856,1800
1857,22500
1858,50
1859,15
1860,60
1861,2.5
1862,96
1863,12
1864,7
1865,9
1866,475
1867,6
1868,38
1869,6720
1870,630
1871,20
1872,5400
1873,7040
1874,2
1875,11
1876,24
1877,6
1878,108
1879,45
1880,9.42
1881,7
1882,6
1883,3552
1884,1088
1885,20
1886,8
1887,8
1888,27
1889,8
1890,16
1891,52%
1892,54
1893,34.54
1894,250
1895,256
1896,0.4
1897,3.5
1898,8
1899,64
1900,9
1901,32
1902,36
1903,2.1
1904,3
1905,192
1906,420
1907,300
1908,27
1909,21
1910,225
1911,1478
1912,12
1913,9
1914,1.4
1915,216
1916,18
1917,11
1918,16
1919,96
1920,12
1921,480
1922,11
1923,504
1924,13
1925,0.9
1926,12
1927,72
1928,6
1929,314
1930,20
1931,3
1932,40
1933,720
1934,4750
1935,2
1936,279
1937,30.72
1938,11
1939,40
1940,400
1941,0.8
1942,62.8
1943,5000
1944,50.7
1945,24
1946,2930
1947,1500
1948,24
1949,27
1950,20%
1951,7
1952,50
1953,2.04
1954,3
1955,4900
1956,7
1957,219
1958,63.58
1959,50
1960,18
1961,0.4
1962,3740
1963,25
1964,35000
1965,30.8
1966,240
1967,296
1968,23.58
1969,17
1970,530
1971,4.2
1972,3
1973,0.8
1974,6
1975,43
1976,2.4
1977,60
1978,90
1979,9
1980,450
1981,27
1982,13.4
1983,7.2
1984,7
1985,28
1986,200
1987,2/3
1988,48
1989,3740
1990,201
1991,17
1992,787
1993,532.5
1994,22
1995,4605
1996,25
1997,12
1998,13
1999,2
2000,24
2001,168
2002,8
2003,81
2004,8
2005,45
2006,265
2007,885
2008,900
2009,621
2010,8
2011,48
2012,1300
2013,0.2
2014,30
2015,180
2016,14
2017,3
2018,2.5
2019,400
2020,90
2021,72
2022,500
2023,80
2024,10
2025,11.76
2026,90
2027,18
2028,9
2029,15%
2030,25%
2031,4
2032,7
2033,34
2034,3600
2035,2300
2036,720
2037,720
2038,384
2039,0.75
2040,0.7
2041,28.26
2042,785
2043,6
2044,0.5
2045,13
2046,240
2047,30
2048,7
2049,20
2050,4
2051,1097
2052,288
2053,405.6
2054,10
2055,50.24
2056,45
2057,700
2058,4.8
2059,190000
2060,200
2061,42
2062,不够
2063,27.4
2064,24
2065,91
2066,5000
2067,80
2068,28.26
2069,315
2070,51
2071,260
2072,3
2073,9
2074,54
2075,63
2076,970
2077,4
2078,480
2079,2000
2080,3.3
2081,22
2082,35
2083,10
2084,3.75
2085,80
2086,942
2087,54
2088,500
2089,1740
2090,128
2091,108
2092,20000
2093,900
2094,1056
2095,565.2
2096,314
2097,24
2098,5.5
2099,8
2100,840
2101,700
2102,3
2103,12.56
2104,96
2105,40
2106,9.6
2107,96
2108,2340
2109,2456
2110,200
2111,8
2112,72
2113,19.80
2114,32
2115,622
2116,5
2117,200
2118,628
2119,168
2120,9
2121,88
2122,399.2
2123,7850
2124,4.3
2125,1
2126,830
2127,99
2128,396
2129,90
2130,4
2131,300
2132,18
2133,3895
2134,7
2135,1458
2136,23
2137,8
2138,14
2139,12
2140,3
2141,8
2142,12
2143,12
2144,0.4
2145,9
2146,13456
2147,24
2148,27/12
2149,200
2150,70.3
2151,53.76
2152,7
2153,62.8
2154,709
2155,9
2156,9
2157,120
2158,15
2159,22.096
2160,23.2
2161,480
2162,84
2163,40
2164,22
2165,40
2166,760
2167,720
2168,52
2169,3.6
2170,2
2171,4
2172,19%
2173,10885
2174,7
2175,12%
2176,65%
2177,4
2178,300
2179,48
2180,7850
2181,20
2182,715
2183,7
2184,2547
2185,280
2186,25
2187,441
2188,912
2189,30
2190,9
2191,8
2192,225
2193,56
2194,3
2195,3400
2196,24
2197,1
2198,259
2199,12
2200,70
2201,384
2202,2320
2203,11400
2204,3
2205,30
2206,12
2207,28
2208,18
2209,210
2210,496
2211,40.536
2212,135
2213,3.6
2214,1.22
2215,9
2216,9
2217,286
2218,9
2219,20
2220,1081
2221,4075
2222,490
2223,31
2224,9.42
2225,75
2226,6
2227,80
2228,7530
2229,1010
2230,75.36
2231,4
2232,30
2233,9
2234,0.7
2235,1.48
2236,5
2237,95
2238,50
2239,2000
2240,1500
2241,438
2242,4
2243,6458
2244,45
2245,1.5
2246,6
2247,90
2248,4.5
2249,900
2250,1884
2251,90
2252,78
2253,24
2254,1440
2255,9
2256,20
2257,5750
2258,32
2259,7
2260,384
2261,16%
2262,22%
2263,8.4
2264,8
2265,120
2266,2304
2267,22.5
2268,8
2269,27
2270,1
2271,225
2272,43
2273,50
2274,9
2275,75
2276,150
2277,320
2278,1
2279,4
2280,36
2281,1260
2282,300
2283,1190
2284,3308
2285,54
2286,20
2287,15
2288,7
2289,200
2290,90
2291,45
2292,45
2293,40
2294,56
2295,39.42
2296,72
2297,5
2298,2
2299,62.8
2300,72
2301,2.5
2302,300
2303,30
2304,50.24
2305,5
2306,18
2307,59
2308,13
2309,8
2310,8
2311,6
2312,40
2313,5700
2314,1350
2315,6
2316,930
2317,450
2318,2
2319,48
2320,75
2321,134
2322,96
2323,30.4
2324,75
2325,900
2326,1477
2327,35
2328,7
2329,13
2330,75
2331,27
2332,0.5
2333,3900
2334,11.76
2335,80
2336,12
2337,5
2338,631
2339,3
2340,2
2341,1552
2342,20
2343,45
2344,5/8
2345,140
2346,58
2347,144
2348,52
2349,397
2350,1200
2351,11
2352,420
2353,24
2354,90
2355,400
2356,930
2357,12
2358,75
2359,1523
2360,62.5%
2361,12
2362,448
2363,9
2364,476
2365,90
2366,20
2367,28.26
2368,3
2369,4
2370,40
2371,7
2372,0.4--0.85
2373,75
2374,100
2375,32
2376,8
2377,7
2378,3
2379,3.2
2380,90
2381,24
2382,6.75
2383,1230
2384,370
2385,121
2386,55
2387,730
2388,14
2389,3.75
2390,90
2391,24
2392,21
2393,54
2394,15
2395,5
2396,128
2397,9
2398,504
2399,40%
2400,25.7
2401,56
2402,0.2
2403,8
2404,270
2405,32
2406,74
2407,2.7
2408,6
2409,9.42
2410,9
2411,50.24
2412,5
2413,6
2414,32
2415,200
2416,12.56
2417,250
2418,94
2419,20
2420,98.2
2421,400
2422,6
2423,21
2424,3.6
2425,360
2426,40
2427,8
2428,150
2429,9.6
2430,49
2431,48
2432,3_1/4
2433,4
2434,120
2435,30
2436,77
2437,51.36
2438,19
2439,12
2440,9
2441,243
2442,36
2443,5
2444,200
2445,4
2446,300
2447,435
2448,7
2449,597
2450,165
2451,30
2452,50
2453,287.2
2454,50
2455,25
2456,25%
2457,196
2458,30
2459,1648.5
2460,30
2461,6
2462,5
2463,10
2464,314
2465,180
2466,157
2467,3.2
2468,23
2469,32
2470,20
2471,42
2472,5
2473,120
2474,12
2475,80
2476,50
2477,4
2478,3
2479,60
2480,30
2481,3
2482,38
2483,5
2484,50.24
2485,600
2486,9
2487,478
2488,24
2489,8
2490,12
2491,9
2492,12
2493,7
2494,75
2495,23
2496,25
2497,17400
2498,1/8
2499,24
2500,1980
2501,49
2502,3000
2503,30
2504,75%
2505,20
2506,4
2507,20
2508,512
2509,90
2510,5000
2511,34.54
2512,5830
2513,3.768
2514,2.5
2515,80
2516,2.5
2517,25.12
2518,84.16
2519,5
2520,198.4
2521,5840
2522,31.4
2523,8
2524,12
2525,576
2526,30
2527,300
2528,40
2529,66
2530,12
2531,4
2532,8
2533,98
2534,30
2535,9
2536,5
2537,216
2538,0.8
2539,84
2540,4.5
2541,8
2542,10
2543,2
2544,300
2545,9
2546,1000
2547,30
2548,825
2549,23
2550,3
2551,5
2552,498
2553,20%
2554,7.5
2555,2
2556,300
2557,301.44
2558,2.4
2559,576
2560,32%
2561,10
2562,9.2
2563,30
2564,4
2565,35
2566,130
2567,25.12
2568,2
2569,708
2570,300
2571,3120
2572,8
2573,2.5
2574,10
2575,30
2576,5
2577,39
2578,20.87
2579,3.7
2580,1029
2581,12
2582,12
2583,52
2584,1.5
2585,8
2586,42
2587,5
2588,28
2589,9
2590,2.3
2591,10
2592,27
2593,220
2594,270
2595,300
2596,180
2597,27
2598,43.2
2599,40
2600,125
2601,3360
2602,900
2603,72
2604,160
2605,63
2606,15
2607,400
2608,8
2609,11
2610,150
2611,28.26
2612,1304
2613,225
2614,30
2615,10
2616,92
2617,2750
2618,900
2619,4
2620,95%
2621,0.25
2622,3/7
2623,17
2624,3
2625,19.6232
2626,50.24
2627,450
2628,37.5%
2629,200
2630,594
2631,6
2632,4
2633,73
2634,56
2635,150
2636,7
2637,13.2
2638,22
2639,8
2640,20
2641,5
2642,9
2643,8
2644,30
2645,128
2646,40
2647,48
2648,320
2649,80
2650,3
2651,8
2652,3
2653,240
2654,240
2655,2.4
2656,3
2657,5
2658,4.5
2659,20
2660,37.68
2661,8
2662,8
2663,3
2664,90
2665,1800
2666,359
2667,93.75%
2668,144
2669,196
2670,0.4
2671,2
2672,35
2673,25
2674,40
2675,35
2676,20
2677,2
2678,784
2679,209.6
2680,56
2681,48
2682,5
2683,3
2684,4
2685,2800
2686,16.7%
2687,4
2688,96
2689,5
2690,180
2691,7000
2692,七五
2693,408
2694,8.2
2695,10
2696,75.36
2697,530
2698,3
2699,24
2700,12
2701,12
2702,1200
2703,100
2704,72
2705,300
2706,5
2707,8
2708,6
2709,43
2710,90
2711,13
2712,109.7
2713,720
2714,2
2715,370
2716,75.36
2717,205
2718,24
2719,2.5
2720,14200
2721,1416
2722,19200
2723,907
2724,20300
2725,54/5
2726,15
2727,59
2728,2210
2729,9
2730,13
2731,27
2732,5
2733,200
2734,12
2735,3.75
2736,5
2737,1
2738,2
2739,18
2740,2.4
2741,10
2742,3
2743,208
2744,30
2745,45
2746,23
2747,23
2748,125
2749,512
2750,26
2751,17
2752,1000
2753,5
2754,4
2755,80
2756,2.7
2757,200
2758,42
2759,25
2760,2
2761,297
2762,90
2763,432
2764,129
2765,19.7
2766,8
2767,2
2768,419
2769,5
2770,40
2771,43.5
2772,6
2773,24
2774,50
2775,24
2776,8
2777,17
2778,60
2779,250
2780,9_2/3
2781,30
2782,7
2783,6
2784,375
2785,7
2786,1260
2787,48
2788,320
2789,17
2790,7
2791,5
2792,36
2793,32
2794,3
2795,100
2796,43.2
2797,4
2798,5
2799,7
2800,8
2801,456
2802,7
2803,1
2804,853
2805,240
2806,30
2807,28
2808,25
2809,16
2810,15.072
2811,1344
2812,96
2813,6
2814,25.12
2815,1
2816,12
2817,18
2818,49
2819,220
2820,3.14
2821,120
2822,320
2823,7
2824,8
2825,74
2826,4800
2827,5
2828,250
2829,32
2830,20
2831,17
2832,3
2833,72
2834,528
2835,6
2836,19
2837,1040
2838,1200
2839,50%
2840,80
2841,40
2842,35
2843,27
2844,380
2845,376.8
2846,40
2847,48
2848,94.2
2849,846
2850,13
2851,53.68
2852,0.5
2853,4
2854,30
2855,10%
2856,2
2857,28
2858,30
2859,8.5
2860,5500
2861,328
2862,7
2863,58.7
2864,8
2865,16
2866,9
2867,50
2868,4.71
2869,1000
2870,140
2871,3000
2872,1200
2873,5
2874,64
2875,750
2876,5
2877,25%
2878,910
2879,32
2880,5
2881,7200
2882,96%
2883,30
2884,5
2885,7.5
2886,8
2887,1256
2888,308
2889,251.2
2890,1020
2891,270
2892,2
2893,8
2894,150
2895,25%
2896,20
2897,429
2898,2490
2899,1375
2900,9
2901,529
2902,11
2903,9
2904,75
2905,130
2906,30
2907,4
2908,150.72
2909,300
2910,4
2911,10
2912,505
2913,66
2914,3
2915,80
2916,15
2917,301.44
2918,25
2919,399
2920,180
2921,16
2922,4
2923,7200
2924,3.75
2925,4
2926,12000
2927,9
2928,396
2929,8
2930,13
2931,13
2932,787
2933,25
2934,7
2935,753.6
2936,40
2937,78.5
2938,6
2939,4
2940,27000
2941,200
2942,7536
2943,84
2944,12
2945,241.92
2946,40
2947,407.2
2948,75
2949,433
2950,42
2951,3.27
2952,48
2953,75
2954,525
2955,13.5
2956,12
2957,10
2958,30
2959,8.5
2960,8
2961,27
2962,43
2963,230
2964,50.24
2965,20
2966,40
2967,180
2968,30
2969,280
2970,18
2971,24
2972,20
2973,60
2974,3.6
2975,12
2976,14
2977,62.8
2978,176
2979,25
2980,48
2981,92.6%
2982,8
2983,4000
2984,4850
2985,41
2986,1.8
2987,4
2988,90
2989,2
2990,5.6
2991,1.6
2992,37.65
2993,397
2994,700
2995,96
2996,400
2997,109
2998,18
2999,12
3000,40
3001,320
3002,88
3003,65.36
3004,0.3
3005,200
3006,27
3007,25
3008,126
3009,226.08
3010,87.92
3011,1.2
3012,251.2
3013,1281
3014,28.26
3015,2000
3016,8
3017,250
3018,96
3019,90
3020,40
3021,25
3022,760
3023,100
3024,15
3025,96
3026,33
3027,4500
3028,3600
3029,144
3030,9
3031,734
3032,12
3033,54/5
3034,8
3035,80
3036,120
3037,8
3038,15%
3039,1
3040,94.2
3041,3
3042,10
3043,3
3044,300
3045,7.5
3046,34
3047,1740
3048,4
3049,30
3050,3
3051,54
3052,30
3053,7
3054,14
3055,10.5
3056,400
3057,3
3058,375
3059,513.6
3060,225
3061,732
3062,50.24
3063,75.36
3064,280
3065,25
3066,1920
3067,24
3068,140
3069,750
3070,120
3071,9240
3072,75%
3073,80
3074,4.3
3075,360
3076,30
3077,3.14
3078,30
3079,45
3080,45
3081,96
3082,2512
3083,0.75
3084,24
3085,54
3086,2000
3087,20
3088,5
3089,48
3090,98%
3091,189
3092,42
3093,48
3094,399
3095,379.2
3096,78
3097,2
3098,78.5
3099,3
3100,2.1
3101,5/8
3102,98
3103,30
3104,1.2
3105,30
3106,120
3107,900
3108,50
3109,5_5/6
3110,4
3111,360
3112,192
3113,160
3114,520
3115,1.2
3116,350
3117,295
3118,25
3119,45
3120,310
3121,2304
3122,350
3123,27
3124,9
3125,150
3126,450
3127,35
3128,7
3129,429.7
3130,3000
3131,58.8
3132,10
3133,5.9
3134,8000
3135,48
3136,244.92
3137,282.6
3138,640
3139,48
3140,98%
3141,3000
3142,20
3143,27
3144,8
3145,320
3146,5
3147,90
3148,1.5
3149,875
3150,25
3151,40
3152,9
3153,50
3154,9
3155,0.4
3156,24
3157,0.48
3158,32
3159,12
3160,41.6
3161,200
3162,15360
3163,10%
3164,1.44
3165,48
3166,15
3167,38
3168,13
3169,7
3170,20
3171,320
3172,32
3173,39
3174,84
3175,80
3176,2439
3177,9
3178,624
3179,48
3180,900
3181,36.3
3182,4.7
3183,4.7
3184,720
3185,208
3186,5.5
3187,28
3188,594
3189,15
3190,60
3191,425
3192,289
3193,60
3194,720
3195,30
3196,52
3197,5120
3198,1800
3199,2760
3200,70
3201,80
3202,3600
3203,32
3204,198
3205,7
3206,475
3207,202
3208,75
3209,85
3210,120
3211,39.8
3212,72
3213,8
3214,9
3215,75
3216,600
3217,800
3218,25
3219,90
3220,9
3221,4
3222,15
3223,350
3224,360
3225,475
3226,160
3227,5
3228,20
3229,8
3230,2540
3231,400
3232,3600
3233,306
3234,27
3235,3060
3236,930
3237,3250
3238,75
3239,75
3240,238
3241,8400
3242,1400
3243,1160
3244,1800
3245,50
3246,2700
3247,288
3248,2500
3249,2400
3250,280
3251,78
3252,300
3253,1200
3254,30
3255,6
3256,3
3257,3
3258,8
3259,4
3260,2580
3261,8
3262,3
3263,20
3264,3
3265,9
3266,7
3267,490
3268,35
3269,186
3270,225
3271,24
3272,29
3273,8
3274,75
3275,336
3276,180
3277,35
3278,305
3279,625
3280,784
3281,5000
3282,7
3283,270
3284,1208
3285,43
3286,2
3287,8
3288,50
3289,5400
3290,250
3291,31
3292,18
3293,14
3294,59
3295,27
3296,91
3297,250
3298,1000
3299,224
3300,5
3301,57
3302,296
3303,89
3304,97
3305,11
3306,447
3307,477
3308,93
3309,39
3310,112
3311,660
3312,84
3313,9
3314,31
3315,7
3316,63
3317,315
3318,249
3319,8
3320,220
3321,54
3322,605
3323,39
3324,8000
3325,60
3326,200
3327,23.75
3328,1425
3329,32
3330,80
3331,90
3332,250
3333,864
3334,420
3335,90
3336,207
3337,20
3338,34
3339,448
3340,200
3341,750
3342,95
3343,4
3344,397
3345,5
3346,100
3347,15
3348,2400
3349,180
3350,32
3351,12
3352,15
3353,48
3354,39
3355,2600
3356,784
3357,130
3358,60
3359,86
3360,550
3361,520
3362,204
3363,720
3364,45
3365,88
3366,29
3367,300
3368,89
3369,5
3370,13500
3371,24045
3372,976
3373,576
3374,708
3375,230
3376,9
3377,910
3378,300
3379,256
3380,27
3381,1053
3382,90
3383,870
3384,172
3385,90
3386,25
3387,15
3388,24
3389,45
3390,98
3391,432
3392,960
3393,60
3394,40
3395,120
3396,24
3397,25
3398,60
3399,80
3400,845
3401,90
3402,45
3403,74
3404,9
3405,46
3406,246
3407,50
3408,50
3409,16
3410,100
3411,6
3412,216
3413,3810
3414,30
3415,232
3416,5
3417,5
3418,16
3419,195
3420,56
3421,108
3422,552
3423,7980
3424,1500
3425,9
3426,6520
3427,432
3428,8
3429,25
3430,7
3431,38
3432,2380
3433,12
3434,70
3435,35.44
3436,3
3437,18
3438,30
3439,88
3440,0.8
3441,480
3442,75
3443,9
3444,1285
3445,230
3446,70
3447,3
3448,45
3449,96
3450,1400
3451,220
3452,5200
3453,4
3454,30
3455,98
3456,7
3457,28
3458,15
3459,3
3460,32
3461,0.75
3462,15
3463,2.94
3464,4
3465,7
3466,170
3467,180
3468,879
3469,350
3470,3
3471,9
3472,7.4
3473,756
3474,23
3475,300
3476,27
3477,25
3478,8
3479,600
3480,875
3481,3
3482,40
3483,54
3484,800
3485,48
3486,40
3487,36
3488,240
3489,90
3490,25
3491,1728
3492,13
3493,84
3494,100
3495,20
3496,9
3497,3.6
3498,3.6
3499,8
3500,6
3501,16
3502,50
3503,800
3504,4
3505,3120
3506,19
3507,100
3508,475
3509,32
3510,300
3511,420
3512,12
3513,9375
3514,24.75
3515,5760
3516,136
3517,6
3518,30
3519,495
3520,192
3521,8
3522,24
3523,6
3524,84
3525,300
3526,40
3527,90
3528,2
3529,7
3530,4
3531,20
3532,7.6
3533,196
3534,0.2
3535,5
3536,9
3537,6
3538,192
3539,376
3540,150
3541,2400
3542,12180
3543,2600
3544,6
3545,5
3546,15
3547,1494
3548,588
3549,2000
3550,8
3551,75
3552,15
3553,4050
3554,205
3555,720
3556,194
3557,8
3558,75
3559,520
3560,394
3561,1400
3562,872
3563,9
3564,380
3565,163
3566,32
3567,3895
3568,1512
3569,2
3570,11
3571,10
3572,20
3573,35
3574,30
3575,2200
3576,35
3577,20
3578,15
3579,34
3580,4560
3581,76
3582,74
3583,20
3584,405
3585,37
3586,50
3587,315
3588,6480
3589,4
3590,4050
3591,50
3592,57.6
3593,19
3594,30
3595,1760
3596,47
3597,7
3598,21
3599,7
3600,134
3601,7488
3602,74
3603,3027
3604,1500
3605,640
3606,40
3607,15
3608,22
3609,6
3610,9
3611,25
3612,548.4
3613,75
3614,945
3615,8
3616,528
3617,112
3618,7.6
3619,170
3620,150
3621,6
3622,450
3623,234
3624,15
3625,4960
3626,150
3627,40
3628,1080
3629,420
3630,1200
3631,920
3632,340
3633,14000
3634,3875
3635,175
3636,140
3637,497
3638,16
3639,390
3640,74
3641,7
3642,120
3643,4860
3644,20.7
3645,23
3646,18
3647,2450
3648,3
3649,225
3650,20
3651,15
3652,48
3653,250
3654,138
3655,6
3656,139
3657,915
3658,80
3659,572
3660,24
3661,2300
3662,5
3663,51
3664,24
3665,493
3666,92
3667,430
3668,80
3669,528
3670,3080
3671,1248
3672,13
3673,100
3674,14.5
3675,596
3676,4890
3677,1230
3678,0.3
3679,5880
3680,168
3681,480
3682,9
3683,30
3684,10
3685,84
3686,1536
3687,400
3688,1000
3689,384
3690,225
3691,20
3692,8
3693,38
3694,1058
3695,504
3696,50
3697,3
3698,13000
3699,184
3700,16320
3701,120
3702,920
3703,5
3704,1350
3705,7
3706,4500
3707,80
3708,17
3709,44
3710,6
3711,74
3712,1810
3713,9
3714,480
3715,570
3716,10000
3717,517
3718,40
3719,684
3720,12
3721,318
3722,1095
3723,72
3724,10125
3725,7
3726,24
3727,100
3728,10
3729,30
3730,1275
3731,84
3732,320
3733,38
3734,534
3735,200
3736,107
3737,3840
3738,448
3739,14000
3740,439
3741,1500
3742,74
3743,5370
3744,90
3745,450
3746,212
3747,8
3748,150
3749,8
3750,720
3751,135
3752,200
3753,720
3754,1404
3755,720
3756,37
3757,54
3758,3360
3759,5000
3760,18000
3761,94
3762,75
3763,6
3764,0.9
3765,11
3766,8
3767,2370
3768,300
3769,6
3770,55
3771,2160
3772,108
3773,9
3774,780
3775,11
3776,20000
3777,30
3778,76325
3779,8
3780,552
3781,16
3782,12
3783,280
3784,8
3785,8
3786,4790
3787,34
3788,414
3789,346
3790,0.65
3791,3430
3792,240
3793,64
3794,270
3795,93.6
3796,32
3797,36
3798,106
3799,948
3800,1080
3801,4.9
3802,7930
3803,5
3804,15
3805,84
3806,1641
3807,4000
3808,54
3809,8
3810,144
3811,144
3812,48
3813,150
3814,900
3815,24
3816,849
3817,15
3818,45
3819,36
3820,14700
3821,40
3822,36
3823,5
3824,120
3825,5
3826,36
3827,9
3828,5760
3829,1710
3830,398
3831,9.72
3832,11200
3833,14
3834,720
3835,90
3836,896
3837,13
3838,45
3839,3690
3840,8100
3841,1232
3842,192
3843,1539
3844,2
3845,7
3846,7
3847,576
3848,30
3849,7600
3850,90
3851,256
3852,4
3853,56
3854,2520
3855,75
3856,576
3857,216
3858,455
3859,75
3860,960
3861,96
3862,140
3863,1440
3864,468
3865,3900
3866,1680
3867,375
3868,420
3869,5000
3870,4
3871,40
3872,21
3873,10560
3874,30
3875,5760
3876,54
3877,120
3878,750
3879,2800
3880,7.76
3881,10
3882,7
3883,4
3884,29
3885,4
3886,18
3887,240
3888,100
3889,1200
3890,144
3891,80
3892,1.70
3893,108
3894,8
3895,24
3896,270
3897,27
3898,12
3899,4
3900,8
3901,36
3902,30
3903,3600
3904,3
3905,3
3906,144
3907,168
3908,13
3909,3.2
3910,410
3911,6
3912,91
3913,140
3914,16074
3915,5000
3916,1320
3917,20
3918,3360
3919,312
3920,150
3921,520
3922,2100
3923,33
3924,750
3925,5
3926,7
3927,300
3928,220
3929,200
3930,89
3931,4.08
3932,80
3933,39
3934,141
3935,25
3936,1568
3937,43
3938,731
3939,9720
3940,456
3941,1257
3942,7
3943,736
3944,14.4
3945,30
3946,288
3947,2.5
3948,90
3949,9
3950,780
3951,420
3952,5
3953,54
3954,462
3955,1600
3956,1082
3957,4
3958,8
3959,30
3960,90
3961,54
3962,57
3963,375
3964,540
3965,104
3966,50
3967,8
3968,344
3969,12
3970,4
3971,65
3972,595
3973,92
3974,96
3975,40
3976,9
3977,20
3978,47
3979,40
3980,10
3981,98
3982,8
3983,360
3984,30
3985,2050
3986,53.5
3987,7
3988,240
3989,28
3990,1760
3991,8
3992,2920
3993,60
3994,1920
3995,13
3996,9
3997,42
3998,58
3999,15
4000,48
4001,21
4002,1695
4003,1754
4004,5334
4005,50
4006,63
4007,35
4008,50
4009,172
4010,70
4011,12
4012,144
4013,2
4014,90
4015,96
4016,20
4017,298
4018,9
4019,13
4020,21
4021,2
4022,8
4023,390
4024,80
4025,800
4026,3092
4027,2
4028,300
4029,3
4030,24
4031,18
4032,150
4033,960
4034,51
4035,6
4036,4
4037,135.6
4038,7920
4039,274
4040,40
4041,500
4042,20
4043,800
4044,12
4045,40
4046,2400
4047,1800
4048,88
4049,192
4050,180
4051,4
4052,160
4053,9
4054,0.72
4055,225
4056,24
4057,270
4058,257
4059,27
4060,200
4061,3309
4062,576
4063,685
4064,7
4065,410
4066,174
4067,3440
4068,24
4069,804
4070,4
4071,3750
4072,79
4073,320
4074,1400
4075,185
4076,30
4077,6
4078,9.7
4079,250
4080,12
4081,160
4082,563
4083,1672
4084,7
4085,510
4086,122
4087,1442
4088,2400
4089,98
4090,48
4091,930
4092,93
4093,20
4094,9600
4095,3194
4096,2
4097,3.5
4098,237.6
4099,2040
4100,45
4101,105
4102,800
4103,5
4104,39
4105,1600
4106,24
4107,2304
4108,37
4109,24.75
4110,4
4111,6/5
4112,5
4113,37
4114,4060
4115,85
4116,8
4117,8
4118,12
4119,690
4120,24
4121,5
4122,40
4123,9
4124,7
4125,70
4126,30000
4127,1095
4128,90
4129,95
4130,3125
4131,56
4132,1325
4133,26.2
4134,100
4135,20
4136,420
4137,3
4138,36
4139,16
4140,40
4141,189
4142,960
4143,84
4144,1112
4145,240
4146,49
4147,14
4148,12
4149,1163
4150,248
4151,200
4152,21
4153,588
4154,638
4155,5
4156,7
4157,428
4158,5
4159,3
4160,312.5
4161,240
4162,3.14
4163,932
4164,95
4165,320
4166,37
4167,380
4168,16
4169,9
4170,576
4171,18.75
4172,980
4173,360
4174,384
4175,700
4176,8
4177,1814
4178,50.24
4179,37.5
4180,4
4181,30
4182,720
4183,159
4184,200
4185,29
4186,25
4187,72
4188,3
4189,4
4190,40
4191,28.26
4192,30
4193,4
4194,93.75%
4195,21.98
4196,200
4197,384
4198,62.8
4199,27
4200,135
4201,7
4202,130%
4203,48
4204,3.14
4205,22500
4206,13
4207,730
4208,135
4209,4520
4210,73
4211,21
4212,270
4213,30
4214,170
4215,30
4216,5
4217,180
4218,240
4219,1050
4220,10
4221,180
4222,36
4223,384
4224,5
4225,502.4
4226,90
4227,300
4228,2
4229,376.8
4230,54
4231,240
4232,9.42
4233,12.5%
4234,35.42
4235,48
4236,30
4237,3240
4238,4
4239,81
4240,30
4241,20
4242,40
4243,400
4244,68
4245,960
4246,700
4247,35
4248,300
4249,2.5
4250,12
4251,37
4252,900
4253,3.4
4254,32
4255,3.2
4256,30.8
4257,8
4258,150
4259,49
4260,17
4261,548
4262,48
4263,756
4264,320
4265,8
4266,1
4267,54
4268,74
4269,8.28
4270,2
4271,44
4272,32
4273,56
4274,48
4275,540
4276,320
4277,140
4278,22
4279,5608
4280,36
4281,904.32
4282,72
4283,40
4284,27
4285,270
4286,17
4287,2700
4288,70
4289,35280
4290,48
4291,9
4292,11
4293,3980
4294,1875
4295,144
4296,32
4297,389
4298,232
4299,150
4300,6
4301,14
4302,1440
4303,1.5
4304,350
4305,40
4306,30
4307,5
4308,5
4309,100
4310,400
4311,2800
4312,12
4313,288
4314,2.5%
4315,10%
4316,3780
4317,285
4318,230
4319,18
4320,185
4321,4
4322,255
4323,40
4324,6
4325,30.144
4326,52.9
4327,1
4328,80
4329,0.7
4330,32
4331,1805
4332,15
4333,288
4334,390
4335,240
4336,360
4337,72
4338,32
4339,64
4340,9.5%
4341,470
4342,30
4343,4000
4344,84
4345,4.2
4346,40%
4347,35.4
4348,20%
4349,6
4350,5
4351,15
4352,6
4353,16
4354,7
4355,23/7
4356,2
4357,84
4358,1.32
4359,8
4360,125
4361,8
4362,2
4363,12
4364,750
4365,8.9
4366,240
4367,22/15
4368,270
4369,108
4370,90
4371,9.38
4372,24
4373,27
4374,14
4375,3/5
4376,50
4377,37
4378,20
4379,9
4380,3.14
4381,104
4382,3
4383,45
4384,296
4385,27
4386,2
4387,2
4388,270
4389,18
4390,200
4391,587.2
4392,6
4393,3
4394,20
4395,51200
4396,6400
4397,48000
4398,9
4399,6
4400,5
4401,2760
4402,192
4403,20
4404,90
4405,8
4406,30
4407,9.6
4408,17
4409,8
4410,5
4411,9
4412,50.8
4413,207
4414,129
4415,4
4416,42
4417,92
4418,1000
4419,270
4420,8
4421,75
4422,12
4423,40
4424,375
4425,480
4426,9900
4427,93
4428,150.72
4429,314
4430,289.44
4431,16
4432,1/3
4433,96
4434,4
4435,800
4436,125
4437,9
4438,12.56
4439,3.14
4440,10
4441,1400
4442,8.7%
4443,28.26
4444,145
4445,20
4446,11
4447,150
4448,50.24
4449,34.54
4450,28.26
4451,3
4452,50.24
4453,5
4454,27000
4455,24
4456,9450
4457,30
4458,3
4459,30
4460,180
4461,75.36
4462,90
4463,40
4464,188.4
4465,28.26
4466,12.56
4467,3.14
4468,90
4469,840
4470,540
4471,360
4472,50.24
4473,2
4474,24400
4475,25.12
4476,3
4477,11
4478,320
4479,1920
4480,300
4481,75
4482,75.36
4483,364
4484,188
4485,150
4486,288
4487,8
4488,5
4489,50.24
4490,282.6
4491,2.5
4492,62.8
4493,14.5
4494,2900
4495,13
4496,50.24
4497,15.7
4498,314
4499,40
4500,93
4501,130
4502,5
4503,360
4504,125.6
4505,40%
4506,20.56
4507,12.56
4508,12.56
4509,4028
4510,25
4511,90
4512,12
4513,7
4514,7
4515,24
4516,6.28
4517,28.26
4518,18.84
4519,34
4520,2/9
4521,9
4522,1500
4523,15.7
4524,3.29
4525,565.94
4526,309.268
4527,32
4528,500
4529,1200
4530,60
4531,97.5
4532,2450
4533,6.5
4534,80
4535,900
4536,105
4537,282.6
4538,8
4539,471
4540,3900
4541,48
4542,502.4
4543,28.26
4544,378
4545,56.52
4546,480
4547,35
4548,52
4549,434
4550,87.5
4551,25%
4552,8.56
4553,40
4554,3
4555,30
4556,160.14
4557,56.52
4558,284
4559,120
4560,2
4561,28.26
4562,3
4563,30
4564,500
4565,3200
4566,270
4567,41.6
4568,314
4569,98.2%
4570,14
4571,49π
4572,3
4573,94.2
4574,12.56
4575,8
4576,7
4577,3014.4
4578,903.6
4579,50.24
4580,3
4581,18.84
4582,10
4583,3.768
4584,7.5
4585,6.28
4586,8.05
4587,4/25
4588,300
4589,2100
4590,25
4591,4
4592,48
4593,2826
4594,9
4595,4
4596,9
4597,6
4598,7
4599,49
4600,282.6
4601,50.24
4602,45
4603,80
4604,3.014
4605,3.14
4606,75.36
4607,53.04
4608,3/7
4609,5890
4610,50
4611,314
4612,19.625
4613,62.8
4614,7.5
4615,3.14
4616,3
4617,15492
4618,960
4619,20
4620,12.56
4621,93.75%
4622,9
4623,400
4624,7.5
4625,700
4626,8
4627,28.26
4628,180
4629,10
4630,35
4631,5625
4632,75.2
4633,30.8
4634,32
4635,9
4636,92
4637,28.26
4638,300
4639,49
4640,80
4641,2.03
4642,3.92
4643,39.26
4644,3600
4645,734
4646,25
4647,48
4648,3
4649,72
4650,18.84
4651,2
4652,160
4653,42
4654,1000
4655,0.3
4656,1890
4657,96
4658,24
4659,37.2
4660,40.82
4661,150
4662,540
4663,20
4664,4
4665,125.6
4666,484
4667,28.26
4668,9
4669,7850
4670,321
4671,251.2
4672,50.2
4673,240
4674,280
4675,2
4676,56.52
4677,12.5%
4678,9.35
4679,394.36
4680,30
4681,31/56
4682,25%
4683,7
4684,942
4685,2
4686,3
4687,200
4688,900
4689,1/8
4690,2.7
4691,8
4692,78
4693,23.584
4694,24.92
4695,100.48
4696,40
4697,3.769
4698,37
4699,314
4700,1884
4701,25.12
4702,3.5
4703,4
4704,3
4705,20
4706,2430
4707,42
4708,536
4709,34
4710,20%
4711,325
4712,3769
4713,112
4714,63.584
4715,1
4716,15.7
4717,28.26
4718,720
4719,34.38
4720,2/5
4721,562
4722,894
4723,2.05
4724,28.26
4725,约27.8
4726,27
4727,20
4728,78.5
4729,7
4730,5
4731,380
4732,475
4733,36
4734,12000
4735,39.27
4736,184
4737,15
4738,1500
4739,1600
4740,25.12
4741,39.46
4742,13
4743,32.56
4744,729
4745,1884
4746,12
4747,42
4748,394.4
4749,708.32
4750,270
4751,24
4752,50.24
4753,362
4754,800
4755,4000
4756,12.56
4757,54
4758,2.7
4759,1333
4760,4
4761,54/17
4762,7.8
4763,0.02
4764,202
4765,27/4
4766,94.2
4767,314
4768,5
4769,28.26
4770,65.94
4771,34.54
4772,12.09
4773,36
4774,20
4775,32
4776,394.24
4777,18.84
4778,12.5%
4779,24.58
4780,34.54
4781,80.56
4782,20
4783,144
4784,528
4785,7850
4786,600
4787,3
4788,4
4789,0.942
4790,30
4791,2947
4792,2826
4793,3140
4794,60
4795,30.72
4796,706.5
4797,28.26
4798,2
4799,56.52
4800,75.36
4801,314
4802,10
4803,5
4804,85
4805,538.4
4806,284
4807,942
4808,47.1
4809,2.5152
4810,376.5
4811,1256
4812,62.8
4813,2000
4814,250
4815,512
4816,34%
4817,7/20
4818,40
4819,1920
4820,15
4821,101.76
4822,13.464
4823,295
4824,1.04
4825,200
4826,9
4827,48
4828,9.42
4829,314
4830,381.25
4831,2826
4832,384
4833,5
4834,408.25
4835,75
4836,2.3
4837,53.38
4838,125
4839,56.52
4840,11
4841,10
4842,2160
4843,74.8
4844,27.5
4845,750
4846,8
4847,9
4848,696
4849,309
4850,3.2
4851,40
4852,150
4853,369
4854,4/15
4855,8
4856,270
4857,2000
4858,50
4859,1/10
4860,4
4861,39.2
4862,3
4863,0.78
4864,12/17
4865,15.7
4866,15
4867,8
4868,189
4869,49
4870,352
4871,40/9
4872,48
4873,48
4874,376
4875,251.2
4876,314
4877,251.36
4878,96
4879,24/5
4880,28.26
4881,8
4882,40
4883,1/45
4884,7
4885,80
4886,18
4887,4
4888,38
4889,9
4890,3
4891,40
4892,80
4893,5000
4894,9
4895,6
4896,75
4897,45
4898,5
4899,10
4900,240
4901,32
4902,30
4903,980
4904,12.56
4905,28.26
4906,20
4907,5
4908,25
4909,96
4910,48
4911,87.92
4912,5
4913,4
4914,5
4915,47
4916,39
4917,36
4918,3
4919,90
4920,50
4921,840
4922,9
4923,20
4924,3_1/3
4925,27
4926,800
4927,270
4928,36
4929,5
4930,480
4931,27
4932,37.5
4933,0.8
4934,32.5
4935,5
4936,54
4937,10
4938,2
4939,5
4940,52
4941,3
4942,9
4943,75
4944,67.5
4945,20
4946,1.5
4947,382.5
4948,3
4949,9
4950,19
4951,4
4952,4
4953,4
4954,576
4955,5/22
4956,48
4957,12
4958,8
4959,50.24
4960,25.12
4961,120
4962,17.6%
4963,12
4964,1.8
4965,150
4966,83
4967,240
4968,50
4969,62
4970,72
4971,45
4972,68
4973,43
4974,28
4975,63
4976,21
4977,18
4978,17
4979,7
4980,56
4981,9
4982,84
4983,56
4984,55
4985,18
4986,16
4987,24
4988,27
4989,12
4990,35
4991,18
4992,4
4993,5
4994,4
4995,28
4996,12
4997,24
4998,84
4999,9
5000,36
5001,27
5002,24
5003,50
5004,78
5005,125
5006,32
5007,33
5008,8
5009,3
5010,57
5011,47
5012,8
5013,5
5014,7
5015,20
5016,6
5017,6
5018,34
5019,8
5020,8
5021,28
5022,47
5023,6
5024,9
5025,57
5026,81
5027,19
5028,24
5029,20
5030,20
5031,46
5032,44
5033,27
5034,17
5035,10
5036,2
5037,11
5038,38
5039,59
5040,8
5041,4
5042,20
5043,31
5044,68
5045,19
5046,3
5047,4
5048,9
5049,18
5050,25
5051,93
5052,11
5053,35
5054,31
5055,91
5056,37
5057,70
5058,55
5059,26
5060,81
5061,8
5062,55
5063,55
5064,6
5065,18
5066,20
5067,79
5068,91
5069,80
5070,3
5071,51
5072,84
5073,16
5074,24
5075,57
5076,36
5077,4
5078,42
5079,2
5080,27
5081,30
5082,31
5083,16
5084,7
5085,56
5086,32
5087,24
5088,27
5089,33
5090,32
5091,14
5092,24
5093,23
5094,8
5095,6
5096,8
5097,16
5098,15
5099,18
5100,8
5101,18
5102,6
5103,15
5104,45
5105,18
5106,33
5107,3
5108,19
5109,20
5110,87
5111,21
5112,12
5113,27
5114,180
5115,37
5116,4
5117,75
5118,708.96
5119,24
5120,9
5121,4000
5122,960
5123,6
5124,5730
5125,44
5126,32
5127,19
5128,45
5129,4
5130,8
5131,300
5132,239
5133,30
5134,80
5135,30
5136,3
5137,12
5138,12
5139,31.4
5140,37.68
5141,3.14
5142,4.75
5143,489
5144,3
5145,2
5146,20
5147,400
5148,5.76
5149,102
5150,1892
5151,11
5152,200
5153,8
5154,10.8
5155,5660
5156,75.36
5157,20
5158,3000
5159,200
5160,40
5161,270
5162,438
5163,23
5164,800
5165,20
5166,88
5167,237
5168,48
5169,347.7
5170,246
5171,31.42
5172,0.984
5173,375
5174,30
5175,30
5176,320
5177,11
5178,3014.4
5179,2250
5180,7
5181,2
5182,4400
5183,60
5184,25
5185,2.5
5186,2300
5187,1940
5188,720
5189,13
5190,3
5191,25.6
5192,36
5193,10
5194,98
5195,480
5196,80
5197,7
5198,8
5199,0.8
5200,960
5201,0.048
5202,15
5203,14
5204,72
5205,36.3
5206,5
5207,300
5208,8
5209,3.74
5210,60
5211,30
5212,1700
5213,45
5214,50
5215,4
5216,18
5217,42.42
5218,23
5219,21.98
5220,360
5221,32
5222,400
5223,80
5224,4800
5225,40
5226,1.25
5227,4
5228,25
5229,2400
5230,24.94
5231,20
5232,26.3
5233,60
5234,3360
5235,5600
5236,945.6
5237,9.42
5238,30
5239,27
5240,8
5241,2600
5242,700
5243,31.4
5244,3200
5245,48
5246,15
5247,38
5248,13
5249,4
5250,7
5251,20
5252,32
5253,32
5254,39
5255,84
5256,4.4
5257,8
5258,25
5259,75
5260,39
5261,1050
5262,208
5263,455
5264,0.5
5265,9
5266,7
5267,118.75
5268,2700
5269,15
5270,14
5271,5
5272,6
5273,35
5274,320
5275,75
5276,160
5277,972
5278,30%
5279,3840
5280,17
5281,3.2
5282,72
5283,1890
5284,120
5285,24.93
5286,28.26
5287,31.4
5288,50
5289,30
5290,96
5291,156
5292,85308
5293,251
5294,32
5295,384
5296,75
5297,3
5298,13.5
5299,144
5300,3.928
5301,800
5302,140
5303,50
5304,50
5305,84
5306,30
5307,36
5308,300
5309,400
5310,21
5311,13.56
5312,12
5313,25
5314,28
5315,40
5316,246
5317,90
5318,160
5319,240
5320,300
5321,128
5322,48
5323,39.26
5324,153.86
5325,360
5326,50
5327,32
5328,30
5329,20000
5330,2400
5331,75
5332,1
5333,189
5334,33
5335,7200
5336,180
5337,180
5338,27
5339,52
5340,1172
5341,7500
5342,50
5343,384
5344,376.8
5345,39.265
5346,12
5347,180
5348,9
5349,270
5350,3520
5351,800
5352,246
5353,2300
5354,18
5355,1800
5356,5
5357,480
5358,8.4
5359,100
5360,7.85
5361,0.75
5362,20
5363,2080
5364,2.5
5365,75
5366,8
5367,20
5368,3.576
5369,0.7536
5370,390
5371,5
5372,60000
5373,390
5374,28
5375,25
5376,63
5377,25
5378,2310
5379,200
5380,0.24
5381,40
5382,300
5383,24
5384,85
5385,400
5386,8
5387,840
5388,3
5389,19
5390,8
5391,5
5392,0.9
5393,63
5394,8
5395,15
5396,500
5397,20000
5398,249
5399,35
5400,245
5401,2000
5402,14
5403,324
5404,33
5405,39.44
5406,176
5407,480
5408,210
5409,45
5410,30
5411,58
5412,13.8
5413,89
5414,39.27
5415,1732.65
5416,52
5417,704
5418,48
5419,490
5420,480
5421,2.5
5422,2.5
5423,2.4
5424,2.24
5425,3.75
5426,30
5427,300
5428,200
5429,900
5430,84
5431,30
5432,8
5433,70
5434,10000
5435,960
5436,756
5437,2.5
5438,900
5439,30
5440,512
5441,24
5442,30
5443,27
5444,19.2
5445,0.4
5446,38
5447,2.9
5448,2.7
5449,0.5
5450,30
5451,90
5452,4980
5453,1110
5454,480
5455,24
5456,2
5457,3936
5458,314
5459,100
5460,232.5
5461,3.7692
5462,9.6
5463,273
5464,4
5465,200
5466,12
5467,3
5468,1.8
5469,13.05
5470,25
5471,1500
5472,900
5473,0.18
5474,25
5475,23
5476,1.8
5477,24
5478,360
5479,18000
5480,7200
5481,6
5482,4.5
5483,1
5484,1
5485,10
5486,85
5487,140
5488,40
5489,6
5490,50
5491,15
5492,5
5493,53
5494,1900
5495,42
5496,10
5497,6
5498,1750
5499,375
5500,3
5501,88
5502,5.4
5503,740
5504,350
5505,25
5506,3
5507,1560
5508,390
5509,800
5510,19
5511,800
5512,32
5513,7
5514,210
5515,35
5516,5000
5517,24000
5518,80
5519,5630
5520,76
5521,320
5522,3.75
5523,1920
5524,45
5525,5
5526,90
5527,120
5528,29.3
5529,2070
5530,70
5531,2500
5532,5592.5
5533,48
5534,3
5535,2
5536,5400
5537,579
5538,13
5539,80
5540,10
5541,80
5542,81
5543,398
5544,5
5545,15
5546,30.9
5547,73
5548,4
5549,27
5550,2700
5551,124
5552,840
5553,15
5554,8
5555,2200
5556,24
5557,47
5558,3
5559,20
5560,8
5561,180
5562,12040
5563,480
5564,12
5565,18
5566,9
5567,52
5568,8
5569,180
5570,3
5571,4
5572,188
5573,18000
5574,166
5575,5
5576,4
5577,31.4
5578,3.375
5579,140
5580,43.2
5581,16
5582,94.4
5583,280
5584,90
5585,9
5586,70
5587,360
5588,30
5589,46
5590,2
5591,2400
5592,20
5593,90
5594,30
5595,288
5596,257
5597,51
5598,70
5599,2700
5600,584
5601,3500
5602,420
5603,3
5604,50
5605,85
5606,9080
5607,8
5608,120
5609,400
5610,45
5611,40
5612,12
5613,3.75
5614,39
5615,376.8
5616,6.28
5617,3984
5618,4.5
5619,98
5620,270
5621,3768
5622,47.1
5623,5
5624,76
5625,20
5626,840
5627,280
5628,27
5629,96
5630,250
5631,1209
5632,42
5633,2700
5634,200
5635,94.2
5636,2700
5637,4958
5638,30
5639,942
5640,10
5641,2938
5642,2430
5643,60
5644,47
5645,180
5646,6
5647,28.26
5648,75
5649,150
5650,96
5651,28.26
5652,450
5653,400
5654,2
5655,45
5656,25
5657,3.2
5658,25
5659,2
5660,480
5661,32
5662,80
5663,4.8
5664,2
5665,80
5666,30
5667,150
5668,37.5
5669,3
5670,480
5671,2.38
5672,300
5673,80
5674,960
5675,87.98
5676,2302.5
5677,30
5678,39
5679,1500
5680,500
5681,375
5682,987
5683,38.2
5684,60
5685,28.26
5686,31.25
5687,686
5688,3985.6
5689,2250
5690,45
5691,1600
5692,13
5693,49
5694,96
5695,400
5696,2250
5697,1600
5698,20
5699,50.24
5700,20.56
5701,60
5702,55
5703,8
5704,210
5705,80
5706,89.5
5707,2400
5708,17
5709,12430
5710,0.23
5711,36
5712,32
5713,800
5714,11
5715,23.58
5716,124
5717,8
5718,240
5719,9
5720,945
5721,37.68
5722,40.8
5723,5
5724,1260
5725,95
5726,2.7
5727,300
5728,9
5729,16
5730,7
5731,140
5732,1456
5733,179.2
5734,5729
5735,5
5736,3975.36
5737,425
5738,3460
5739,450
5740,8
5741,6
5742,10
5743,30
5744,599
5745,90
5746,408
5747,15
5748,2000
5749,56.52
5750,642
5751,332
5752,360
5753,275
5754,232
5755,180
5756,142
5757,26
5758,100
5759,24
5760,20
5761,7.5
5762,135
5763,93
5764,42
5765,1
5766,1896
5767,28.8
5768,360
5769,270
5770,25
5771,80
5772,75
5773,240
5774,24
5775,2400
5776,20
5777,150
5778,20
5779,10
5780,70
5781,7
5782,192
5783,39
5784,30
5785,4300
5786,70
5787,44
5788,123750
5789,200
5790,30
5791,48
5792,7540
5793,9120
5794,400
5795,144
5796,420
5797,6
5798,36
5799,14.52
5800,306
5801,48
5802,175
5803,47.68
5804,3
5805,1.2
5806,40
5807,110
5808,40
5809,80
5810,18
5811,4
5812,17
5813,475
5814,802
5815,20
5816,57
5817,372
5818,4.8
5819,100
5820,2.7
5821,36
5822,4
5823,32
5824,40
5825,5
5826,8
5827,27
5828,28.9
5829,24615
5830,2555
5831,2200
5832,5200
5833,4
5834,45
5835,1250
5836,62.8
5837,3
5838,37.65
5839,37.68
5840,10
5841,4
5842,80
5843,0.75
5844,85
5845,53
5846,200
5847,2400
5848,137.5
5849,39.04
5850,7
5851,97.6
5852,25
5853,960
5854,4
5855,9500
5856,8400
5857,400
5858,440
5859,20
5860,9
5861,3.2
5862,108.9
5863,940
5864,42
5865,1.18
5866,360
5867,9
5868,5/16
5869,3.67
5870,15
5871,12
5872,350
5873,0.4
5874,60
5875,39
5876,24
5877,72
5878,2
5879,90
5880,48
5881,493
5882,39
5883,499
5884,18
5885,100
5886,13
5887,9
5888,4
5889,46
5890,34
5891,180
5892,45
5893,34.9
5894,1980
5895,24
5896,750
5897,0.3
5898,5596
5899,3
5900,3
5901,5.5
5902,9.4
5903,19.5
5904,23400
5905,390
5906,4
5907,8
5908,21
5909,7
5910,61
5911,9
5912,16
5913,33
5914,25
5915,9
5916,3
5917,7
5918,50
5919,60
5920,46
5921,8
5922,8
5923,18
5924,31
5925,42
5926,36
5927,18
5928,604
5929,1021
5930,6
5931,895
5932,3
5933,72
5934,42
5935,2
5936,33
5937,8
5938,6
5939,35
5940,12
5941,20
5942,10
5943,15
5944,15
5945,10
5946,10
5947,36
5948,46
5949,56
5950,3
5951,4
5952,12
5953,11
5954,9
5955,42
5956,21
5957,32
5958,54
5959,44
5960,20
5961,50
5962,18
5963,36
5964,33
5965,24
5966,16
5967,53
5968,31
5969,3
5970,62
5971,53
5972,4
5973,6
5974,5
5975,4
5976,28
5977,12
5978,2
5979,12
5980,9
5981,41
5982,9
5983,4
5984,22
5985,60
5986,9
5987,34
5988,17
5989,27
5990,10
5991,4
5992,1
5993,18
5994,18
5995,20
5996,8
5997,4
5998,8
5999,5
6000,7
6001,21
6002,5
6003,6
6004,34
6005,47
6006,3
6007,9
6008,57
6009,81
6010,19
6011,24
6012,20
6013,20
6014,46
6015,44
6016,27
6017,8
6018,4
6019,20
6020,31
6021,60
6022,19
6023,3
6024,4
6025,9
6026,18
6027,25
6028,93
6029,11
6030,35
6031,31
6032,91
6033,37
6034,70
6035,55
6036,26
6037,81
6038,55
6039,6
6040,97
6041,51
6042,84
6043,16
6044,24
6045,57
6046,36
6047,8
6048,36
6049,29
6050,20
6051,24
6052,31
6053,27
6054,15
6055,88
6056,57
6057,7
6058,16
6059,8
6060,48
6061,81
6062,24
6063,97
6064,26
6065,47
6066,23
6067,27
6068,25
6069,36
6070,19
6071,9
6072,24
6073,80
6074,4
6075,20
6076,4
6077,20
6078,3
6079,25
6080,7
6081,6
6082,22
6083,53
6084,41
6085,37
6086,45
6087,19
6088,14
6089,31
6090,34
6091,5
6092,84
6093,40
6094,44
6095,30
6096,20
6097,35
6098,45
6099,25
6100,8
6101,8
6102,14
6103,47
6104,10
6105,72
6106,34
6107,9
6108,6
6109,3
6110,18
6111,4
6112,19
6113,10
6114,7
6115,2
6116,27
6117,30
6118,35
6119,16
6120,6
6121,56
6122,32
6123,27
6124,33
6125,32
6126,16
6127,24
6128,23
6129,8
6130,6
6131,8
6132,16
6133,15
6134,18
6135,8
6136,18
6137,6
6138,15
6139,45
6140,18
6141,20
6142,35
6143,36
6144,23
6145,21
6146,12
6147,27
6148,180
6149,5
6150,4
6151,80
6152,78
6153,26
6154,20
6155,15
6156,270
6157,139
6158,532
6159,398
6160,4
6161,40
6162,150
6163,5
6164,0.8
6165,2
6166,13
6167,2493
6168,500
6169,720
6170,28
6171,41
6172,20
6173,1800
6174,37
6175,180
6176,700
6177,2400
6178,3.6
6179,7
6180,35
6181,27
6182,88
6183,38
6184,400
6185,40
6186,73
6187,5310
6188,500
6189,703
6190,243
6191,120
6192,450
6193,120
6194,450
6195,1740
6196,240
6197,4000
6198,1008
6199,36
6200,48
6201,96
6202,9
6203,36
6204,40
6205,30
6206,52
6207,58
6208,80
6209,20
6210,84
6211,83
6212,185
6213,73
6214,142
6215,270
6216,189
6217,25
6218,40
6219,5
6220,477
6221,808
6222,129
6223,39
6224,20
6225,9
6226,52
6227,9
6228,9
6229,72
6230,315
6231,429
6232,2
6233,220
6234,14
6235,2200
6236,98
6237,96
6238,121
6239,44
6240,440
6241,51
6242,210
6243,5
6244,6
6245,435
6246,290
6247,82
6248,395
6249,180
6250,5
6251,7
6252,148
6253,200
6254,36
6255,138
6256,78
6257,200
6258,4
6259,225
6260,11
6261,70
6262,152
6263,1498
6264,92
6265,75
6266,181
6267,3
6268,21
6269,1620
6270,4000
6271,420
6272,80
6273,77
6274,37.5
6275,800
6276,2
6277,56
6278,270
6279,4
6280,9
6281,396
6282,186
6283,5
6284,37.6
6285,1.34
6286,2.02
6287,20
6288,210
6289,32
6290,24
6291,30
6292,23.8
6293,47.9
6294,76.8
6295,30
6296,360
6297,9
6298,71.78
6299,567
6300,28
6301,8
6302,250
6303,970
6304,64
6305,165
6306,22910
6307,315
6308,6
6309,76
6310,171
6311,72
6312,31.25
6313,26
6314,90
6315,45
6316,9
6317,90
6318,4300
6319,500
6320,2.5
6321,7
6322,4200
6323,308
6324,3
6325,84
6326,3
6327,795
6328,300
6329,3
6330,6120
6331,8880
6332,780
6333,9330
6334,4800
6335,696
6336,125
6337,900
6338,9
6339,40
6340,160
6341,48
6342,160
6343,380
6344,2200
6345,4
6346,6
6347,27
6348,48
6349,2
6350,20
6351,3600
6352,13
6353,7
6354,500
6355,9
6356,12
6357,1470
6358,15
6359,15
6360,20
6361,120
6362,17210
6363,30
6364,12
6365,2/5
6366,3
6367,2.5
6368,2780
6369,702
6370,30
6371,24
6372,45
6373,3/5
6374,8
6375,37
6376,906
6377,1584
6378,3.6
6379,2
6380,14
6381,20
6382,12
6383,7000
6384,3
6385,120
6386,78
6387,600
6388,34.5
6389,1.2
6390,45
6391,0.9
6392,8
6393,10
6394,100
6395,8
6396,5600
6397,5.2
6398,3.3
6399,1428
6400,342
6401,2500
6402,40
6403,6
6404,200
6405,400
6406,725
6407,887
6408,700
6409,20000
6410,1800
6411,0.7
6412,1400
6413,350
6414,1
6415,203.58
6416,140.1
6417,40.4
6418,720
6419,8
6420,540
6421,354
6422,3900
6423,30
6424,45
6425,9
6426,2250
6427,270
6428,4
6429,34
6430,13.8
6431,8.7
6432,48
6433,480
6434,80
6435,80
6436,180
6437,450
6438,122
6439,17
6440,1200
6441,没有
6442,8
6443,50
6444,40
6445,86.1
6446,0.8
6447,178
6448,9.6
6449,40
6450,302.92
6451,32
6452,38
6453,40
6454,73.75
6455,72.6
6456,1080
6457,1.9
6458,300
6459,648
6460,12
6461,5
6462,40
6463,105
6464,2000
6465,200
6466,14
6467,10
6468,19
6469,27
6470,20
6471,20
6472,26
6473,7
6474,7
6475,8
6476,27
6477,9
6478,4
6479,4
6480,42
6481,20
6482,48
6483,13309
6484,75
6485,300
6486,7
6487,49
6488,480
6489,8
6490,4
6491,280
6492,200
6493,84
6494,8
6495,62.8
6496,98
6497,4505.36
6498,23
6499,23
6500,46
6501,50
6502,6
6503,9
6504,24
6505,600
6506,129
6507,180
6508,95
6509,16
6510,35
6511,140
6512,64
6513,335
6514,368
6515,5
6516,200
6517,154
6518,3.95
6519,4100
6520,24
6521,1752
6522,5
6523,1.49
6524,4
6525,7
6526,300
6527,18
6528,74
6529,91
6530,1075
6531,790
6532,32
6533,6
6534,12600
6535,90
6536,178
6537,27
6538,170
6539,38
6540,180
6541,50
6542,1800
6543,222
6544,5
6545,257.4
6546,20
6547,200
6548,191
6549,375
6550,43
6551,3720
6552,206
6553,9
6554,4
6555,648
6556,133
6557,375
6558,77
6559,4
6560,8
6561,720
6562,2.09
6563,16
6564,1052
6565,35
6566,54
6567,17
6568,22500
6569,700
6570,120
6571,45
6572,480
6573,900
6574,12.5
6575,1832
6576,250
6577,72
6578,4410
6579,8
6580,36
6581,320
6582,85
6583,2100
6584,4
6585,9
6586,576
6587,34
6588,147
6589,8
6590,1344
6591,1330
6592,20
6593,100
6594,900
6595,70
6596,104
6597,6.7
6598,204
6599,2730
6600,2304
6601,2250
6602,90
6603,352
6604,38
6605,209
6606,18750
6607,120
6608,18.5
6609,18
6610,45
6611,248
6612,4
6613,24
6614,345
6615,1050
6616,624
6617,691
6618,42
6619,370
6620,4
6621,10.5
6622,4
6623,576
6624,1320
6625,6
6626,13040
6627,352
6628,600
6629,60
6630,800
6631,9.8
6632,72
6633,65
6634,100
6635,5.85
6636,45
6637,40
6638,24
6639,24800
6640,120
6641,3
6642,1740
6643,30
6644,552
6645,2
6646,3800
6647,6960
6648,13480
6649,3
6650,420
6651,352
6652,20
6653,804
6654,189
6655,10.1
6656,42
6657,10
6658,225
6659,540
6660,50
6661,266
6662,4
6663,5
6664,238
6665,20
6666,104
6667,724
6668,105
6669,27
6670,1050
6671,1872
6672,90
6673,478.5
6674,138
6675,230
6676,29
6677,392
6678,3600
6679,800
6680,45
6681,1320
6682,544
6683,21
6684,1206
6685,192
6686,525
6687,4210
6688,287
6689,756
6690,2.25
6691,52
6692,2.1
6693,560
6694,240
6695,56
6696,6
6697,780
6698,1152
6699,9.3
6700,47
6701,600
6702,580
6703,12
6704,4840
6705,5
6706,48
6707,25
6708,4.32
6709,3976
6710,18000
6711,20
6712,57
6713,28
6714,9
6715,7
6716,16
6717,17
6718,23
6719,23
6720,85
6721,3216
6722,90
6723,30
6724,248
6725,1120
6726,80
6727,6
6728,27
6729,0.1
6730,21
6731,39
6732,8
6733,12
6734,19
6735,52
6736,52
6737,73
6738,38
6739,106
6740,10
6741,35
6742,10
6743,20
6744,12
6745,15
6746,2
6747,3
6748,29
6749,22
6750,25
6751,4
6752,39
6753,33
6754,36
6755,80
6756,37
6757,8
6758,33
6759,17
6760,35
6761,45
6762,6
6763,20
6764,4
6765,38
6766,4
6767,30
6768,10
6769,12
6770,4
6771,4
6772,28
6773,60
6774,20
6775,7
6776,9
6777,27
6778,0.7
6779,17
6780,9
6781,17
6782,45
6783,43
6784,7
6785,45
6786,4
6787,49
6788,8
6789,57
6790,87
6791,6
6792,18
6793,79
6794,54
6795,10
6796,38
6797,45
6798,35
6799,39
6800,47
6801,38
6802,270
6803,22
6804,9
6805,109
6806,30
6807,100
6808,10
6809,27
6810,37
6811,25
6812,40
6813,40
6814,33
6815,9
6816,9
6817,25
6818,57
6819,81
6820,37
6821,11
6822,31
6823,23
6824,3
6825,33
6826,30
6827,38
6828,12
6829,28
6830,33
6831,80
6832,57
6833,14
6834,36
6835,34
6836,46
6837,16
6838,14
6839,12
6840,5
6841,35
6842,5
6843,4
6844,13
6845,10
6846,8
6847,18
6848,4
6849,18
6850,14
6851,15
6852,11
6853,4
6854,18
6855,17
6856,3
6857,8
6858,39.52
6859,178
6860,1220
6861,60
6862,80
6863,5220
6864,520
6865,8
6866,20
6867,95%
6868,3584
6869,400
6870,192
6871,228
6872,550
6873,1500
6874,3600
6875,144
6876,60/7
6877,5
6878,260
6879,30
6880,160
6881,3750
6882,108
6883,15
6884,900
6885,200
6886,220
6887,792
6888,48
6889,7
6890,43
6891,54
6892,49
6893,198
6894,3.6
6895,205
6896,256
6897,5040
6898,4790
6899,750
6900,28.26
6901,0.8
6902,5652
6903,89
6904,1
6905,102
6906,9
6907,45
6908,59
6909,625
6910,47
6911,360
6912,55
6913,96%
6914,93.75%
6915,2/5
6916,39.44
6917,30
6918,7.564
6919,216
6920,90
6921,300
6922,0.3
6923,27
6924,6301
6925,24
6926,17
6927,9750
6928,125.6
6929,1296
6930,16390
6931,5.4
6932,70
6933,40
6934,2
6935,14
6936,27
6937,36
6938,11
6939,4
6940,20%
6941,200
6942,70
6943,115%
6944,89
6945,24
6946,30
6947,3
6948,65
6949,75
6950,40
6951,62.8
6952,360
6953,54
6954,5.2
6955,75
6956,2
6957,1.8
6958,7
6959,376.8
6960,125
6961,8.032
6962,7500
6963,240
6964,5
6965,37
6966,30
6967,240.96
6968,24
6969,24
6970,30
6971,18
6972,7.5
6973,8
6974,32
6975,150
6976,13
6977,11
6978,80
6979,160
6980,29
6981,20%
6982,3225
6983,6000
6984,5
6985,30
6986,932
6987,130
6988,200
6989,35
6990,45
6991,1600
6992,96
6993,15
6994,270
6995,2800
6996,900
6997,4.88
6998,300
6999,2400
7000,8
7001,1.2
7002,3
7003,20
7004,4
7005,8
7006,225
7007,180
7008,25%
7009,9.6
7010,45
7011,28.26
7012,120
7013,200
7014,32
7015,480
7016,150
7017,3
7018,3936
7019,1630
7020,50
7021,200.96
7022,75
7023,84
7024,5
7025,200
7026,180
7027,2.592
7028,20%
7029,512
7030,90
7031,30
7032,96
7033,90
7034,25%
7035,80
7036,4.8
7037,10%
7038,512
7039,657
7040,2_2/9
7041,780
7042,630
7043,390
7044,75
7045,8
7046,310
7047,96
7048,50
7049,2
7050,150.4
7051,1428
7052,8
7053,4
7054,16
7055,240
7056,28.26
7057,5
7058,3
7059,280
7060,93.75%
7061,24
7062,24.7
7063,419.2
7064,42
7065,3.7
7066,2400
7067,2.2
7068,12
7069,41
7070,21.98
7071,4
7072,300
7073,5
7074,18.75%
7075,12
7076,840
7077,50
7078,2500
7079,1.5
7080,27.4
7081,400
7082,60
7083,1015
7084,24/25
7085,12
7086,198
7087,2.5
7088,12
7089,37
7090,96
7091,90
7092,12
7093,576
7094,24
7095,400
7096,4
7097,54
7098,78.5
7099,2
7100,40
7101,1600
7102,0.0492
7103,8
7104,2
7105,45
7106,384.5
7107,10000
7108,8
7109,75
7110,1/3
7111,38
7112,34.54
7113,30
7114,239/57
7115,90
7116,320
7117,251.2
7118,185
7119,606
7120,5
7121,205.9
7122,25
7123,48
7124,32
7125,9
7126,540
7127,8.3
7128,160
7129,80
7130,3.14
7131,2.5
7132,24
7133,80
7134,170
7135,25
7136,270
7137,70
7138,100
7139,120
7140,2.72
7141,0.68
7142,600
7143,20%
7144,1
7145,4
7146,91%
7147,20%
7148,9
7149,20
7150,6
7151,3
7152,480
7153,14
7154,60
7155,2000
7156,420
7157,54
7158,105
7159,9
7160,36
7161,478.5
7162,7
7163,3
7164,128
7165,0.5
7166,560
7167,240
7168,112.5
7169,24
7170,1
7171,8
7172,160
7173,75%
7174,25%
7175,738
7176,9
7177,1000
7178,25
7179,216
7180,37.68
7181,522.5
7182,1400
7183,5550
7184,2.4
7185,77
7186,5
7187,768
7188,4
7189,29
7190,23
7191,48
7192,225
7193,93288
7194,6160
7195,5.7
7196,1500
7197,144
7198,17
7199,48
7200,4
7201,9
7202,6340
7203,108
7204,3
7205,96
7206,245
7207,8
7208,8000
7209,358
7210,306
7211,0.7
7212,48
7213,9
7214,10
7215,37.68
7216,796
7217,34.52
7218,20.07
7219,738
7220,39
7221,2196
7222,9
7223,30%
7224,187.5
7225,9
7226,42
7227,19
7228,32
7229,40
7230,16%
7231,720
7232,30
7233,8
7234,5
7235,105
7236,24.9
7237,100
7238,200
7239,10
7240,8
7241,190
7242,25
7243,3040
7244,7
7245,610
7246,73
7247,9.6
7248,168
7249,2000
7250,3000
7251,5
7252,72
7253,276
7254,300
7255,730
7256,5
7257,490
7258,1200
7259,197
7260,60
7261,90
7262,36
7263,10
7264,960
7265,250
7266,66
7267,480
7268,3
7269,1087.5
7270,15.7
7271,75.36
7272,12
7273,300
7274,20
7275,20
7276,45
7277,375
7278,750
7279,40
7280,4
7281,90
7282,240
7283,9.1%
7284,30
7285,30
7286,16
7287,4
7288,5
7289,180
7290,9
7291,450
7292,8
7293,180
7294,2400
7295,294
7296,240
7297,150
7298,272
7299,55.4
7300,40
7301,9/10
7302,240
7303,90
7304,17800
7305,40
7306,360
7307,480
7308,240
7309,0.3
7310,7
7311,2.5
7312,62
7313,240
7314,120.7
7315,75.36
7316,25
7317,251.2
7318,5988
7319,450.72
7320,7
7321,120
7322,23
7323,800
7324,93
7325,3
7326,2000
7327,0.5
7328,900
7329,20
7330,12.5
7331,270
7332,0.45
7333,750
7334,300
7335,197
7336,2430
7337,35.36
7338,9
7339,121
7340,45.025
7341,50
7342,7
7343,3_2/9
7344,432
7345,500
7346,98
7347,437.5
7348,31.4
7349,200
7350,36
7351,22
7352,400
7353,90
7354,750
7355,480
7356,39.25
7357,344
7358,3
7359,29
7360,12
7361,940
7362,750
7363,6
7364,30
7365,50
7366,4000
7367,4000
7368,4000
7369,70
7370,12
7371,3
7372,480
7373,48
7374,28
7375,40/9
7376,5/8
7377,53.96
7378,50
7379,8096
7380,2400
7381,500
7382,400
7383,30
7384,5
7385,314
7386,256
7387,2500
7388,0.5
7389,142.5
7390,6
7391,15
7392,30
7393,314
7394,240
7395,440
7396,972
7397,92
7398,36
7399,56
7400,64
7401,5
7402,8
7403,24
7404,5
7405,390
7406,5
7407,17
7408,4.32
7409,300
7410,98
7411,4
7412,150
7413,150
7414,60
7415,4
7416,1
7417,130
7418,198
7419,2
7420,48
7421,6.8
7422,9
7423,54
7424,179
7425,475
7426,54
7427,18
7428,8
7429,3600
7430,97%
7431,480
7432,52
7433,4
7434,13
7435,90
7436,190
7437,9.9
7438,25
7439,6
7440,960
7441,4
7442,195
7443,0.012
7444,15
7445,0.8
7446,35
7447,180
7448,7200
7449,7500
7450,12.56
7451,20
7452,5
7453,180
7454,4
7455,57
7456,37.5%
7457,24
7458,3.84
7459,5
7460,500
7461,360
7462,64
7463,3700
7464,10.5
7465,270
7466,700
7467,80
7468,125
7469,40
7470,62.8
7471,3
7472,20
7473,0.2
7474,153
7475,18
7476,520
7477,4
7478,55
7479,5.12
7480,25
7481,48
7482,80
7483,400
7484,8400
7485,138
7486,438
7487,27
7488,7
7489,3840
7490,15
7491,1357
7492,53
7493,560
7494,90
7495,24
7496,6
7497,475
7498,3.3
7499,45
7500,89.0225
7501,2
7502,3
7503,3
7504,2700
7505,273
7506,28
7507,3520
7508,25
7509,190
7510,12/5
7511,90
7512,2820
7513,14
7514,84
7515,750
7516,69
7517,980
7518,5
7519,2.2
7520,1450
7521,480
7522,2828
7523,16
7524,744
7525,96
7526,42960
7527,720000
7528,5
7529,5
7530,30
7531,40
7532,10
7533,480
7534,2304
7535,479.2
7536,190
7537,34
7538,40
7539,8
7540,60
7541,18
7542,1212
7543,30
7544,75
7545,251.2
7546,28
7547,63.58
7548,1125
7549,84.78
7550,75
7551,135.4
7552,20
7553,70
7554,19
7555,840
7556,23
7557,180
7558,48
7559,7.5
7560,30
7561,5
7562,200
7563,243
7564,40
7565,432
7566,93
7567,7.8
7568,900
7569,910
7570,9
7571,9
7572,25.72
7573,16
7574,9600
7575,3
7576,4
7577,137.6
7578,84
7579,2/3
7580,200
7581,84
7582,31.8
7583,270
7584,150
7585,900
7586,3.75
7587,40
7588,40
7589,182
7590,270
7591,20
7592,20
7593,5
7594,200
7595,3078
7596,72
7597,106
7598,84
7599,45
7600,20
7601,4
7602,115.84
7603,24
7604,10
7605,160
7606,512
7607,125
7608,40
7609,35
7610,30
7611,7
7612,42
7613,96
7614,2.56
7615,1.44
7616,2
7617,8
7618,18
7619,48
7620,24
7621,7
7622,45
7623,12
7624,0.9
7625,81
7626,256
7627,57.5
7628,36.55
7629,0.6
7630,4.86
7631,3.8
7632,27
7633,480
7634,90
7635,80%
7636,800
7637,7.5
7638,220
7639,54
7640,237
7641,3/5
7642,4/8
7643,10
7644,20
7645,20
7646,72/100
7647,18
7648,1/2
7649,3/7
7650,2240
7651,3850
7652,3
7653,3
7654,36
7655,2400
7656,3/20
7657,64
7658,20
7659,9.56
7660,1440
7661,31.8
7662,7/5
7663,3/8
7664,2
7665,2/5
7666,1/6
7667,5500
7668,9
7669,59
7670,101
7671,34
7672,18
7673,8
7674,7
7675,505
7676,9
7677,2430
7678,2_2/9
7679,16
7680,16
7681,3968
7682,6000
7683,7
7684,90
7685,50
7686,800
7687,257
7688,19/35
7689,84
7690,1800
7691,4
7692,8280
7693,29
7694,3
7695,534
7696,9_4/5
7697,3
7698,5
7699,26
7700,8
7701,130.8
7702,7
7703,9.5
7704,13.35
7705,9.2
7706,3015
7707,520
7708,28
7709,132
7710,72
7711,5/18
7712,30
7713,11/24
7714,3
7715,42
7716,49
7717,60
7718,5/24
7719,48
7720,11
7721,53.44
7722,87
7723,30
7724,1350
7725,7
7726,2/5
7727,9
7728,228
7729,5
7730,210
7731,882
7732,7.5
7733,0.3
7734,200
7735,312.5
7736,10
7737,6
7738,125
7739,90
7740,38
7741,180
7742,36
7743,85
7744,800
7745,180
7746,42
7747,30
7748,204
7749,37
7750,3
7751,700
7752,1.8
7753,578
7754,0.2
7755,3.75
7756,3
7757,720
7758,120
7759,2/5
7760,4
7761,7.2
7762,700
7763,8
7764,4
7765,6
7766,12
7767,33200
7768,20
7769,238
7770,180
7771,2865
7772,37/20
7773,400
7774,48
7775,430
7776,2570
7777,35
7778,10
7779,675
7780,8.2
7781,450
7782,33
7783,4
7784,240
7785,10
7786,19
7787,360
7788,810
7789,150
7790,425.25
7791,26
7792,170
7793,3/7
7794,13
7795,15
7796,16
7797,9/10
7798,1260
7799,1200
7800,375
7801,70
7802,4000
7803,3/8
7804,30
7805,36
7806,50
7807,143
7808,200
7809,18
7810,3.2
7811,72
7812,1.5
7813,30
7814,8
7815,300
7816,1/5
7817,14
7818,120
7819,255
7820,25
7821,3/10
7822,5426
7823,954
7824,1.5
7825,39
7826,40
7827,7/15
7828,800
7829,45
7830,72
7831,630
7832,27
7833,25
7834,9.3
7835,25
7836,7/24
7837,7
7838,600
7839,30
7840,94
7841,2/7
7842,4
7843,27
7844,120
7845,4
7846,7
7847,185
7848,43
7849,340
7850,够
7851,3/4
7852,570
7853,7
7854,16
7855,5/4
7856,4
7857,2_3/4
7858,48
7859,300
7860,310
7861,25/8
7862,243
7863,3
7864,10.7
7865,7
7866,108
7867,18
7868,4
7869,3
7870,180
7871,3/4
7872,15
7873,12.6
7874,28
7875,3/4
7876,4
7877,7
7878,250
7879,11
7880,1/8
7881,150
7882,125
7883,7/10
7884,1/10
7885,3/5
7886,96
7887,1/2
7888,24
7889,3
7890,8
7891,2.5
7892,3
7893,300
7894,219
7895,102
7896,825
7897,25
7898,450
7899,4
7900,1
7901,9
7902,5
7903,20
7904,5.42
7905,18
7906,624
7907,187.5
7908,24/7
7909,4/15
7910,8
7911,2.5
7912,8
7913,79.2
7914,2910
7915,3/16
7916,10
7917,192
7918,1/5
7919,864
7920,9/20
7921,5
7922,0.25
7923,3/10
7924,7
7925,216
7926,150
7927,900
7928,4
7929,960
7930,25
7931,90
7932,4/5
7933,24
7934,82
7935,5/8
7936,2/5
7937,2/5
7938,1000
7939,8
7940,7
7941,7
7942,7/12
7943,8
7944,400
7945,42
7946,4
7947,15
7948,50
7949,30
7950,40
7951,20
7952,18
7953,18
7954,128
7955,86
7956,6
7957,3064
7958,4
7959,245
7960,31/30
7961,12
7962,350
7963,200
7964,7200
7965,6
7966,10
7967,6
7968,300
7969,39
7970,90
7971,9
7972,504
7973,100
7974,3
7975,290
7976,125
7977,50
7978,7
7979,4
7980,42
7981,352
7982,25
7983,1600
7984,35
7985,70
7986,5
7987,187.5
7988,420
7989,14400
7990,570
7991,72
7992,7
7993,1200
7994,193
7995,4
7996,180
7997,910
7998,8/13
7999,42
