0,5000
1,37
2,9
3,7/15
4,6
5,150
6,600
7,4200
8,8.8
9,9
10,41
11,0.3
12,80
13,56
14,54
15,8172
16,16
17,58.7
18,322.5
19,10
20,27
21,8
22,100
23,54
24,294
25,53
26,24
27,16
28,9.42
29,1950
30,3.4
31,75
32,9
33,720
34,40
35,29/20
36,351
37,5
38,29/20
39,48
40,400
41,24
42,8
43,500
44,32
45,16
46,95
47,288
48,928
49,380
50,700
51,9
52,9600
53,280
54,783
55,120
56,172
57,4500
58,1056
59,9
60,13
61,991
62,3000
63,798
64,342
65,6
66,14592
67,240
68,3360
69,750
70,9
71,73.2
72,6600
73,5/8
74,200
75,3.8
76,30
77,1/5
78,24
79,294
80,3.5
81,70
82,8
83,140
84,260
85,20%
86,14
87,30
88,495
89,484
90,2.49
91,20
92,20
93,1705
94,1526
95,407.2
96,8
97,16
98,4
99,260
100,2496
101,40
102,3278.8
103,13
104,5
105,7
106,7/9
107,20700
108,10.7
109,3_1/3
110,4/5
111,1200
112,560
113,140
114,19
115,380
116,2390
117,583
118,153
119,124
120,1.54
121,13
122,2
123,99
124,4000
125,90%
126,400
127,1.5
128,107
129,770
130,7/9
131,5073
132,10
133,10
134,1680
135,9
136,695
137,80
138,4
139,90
140,80
141,293
142,144
143,25
144,8354.72
145,356
146,15
147,4200
148,4800
149,9
150,2/9
151,484
152,10/3
153,440
154,6400
155,3/10
156,5
157,600
158,50
159,230
160,30
161,50
162,5
163,2
164,28
165,1350
166,382
167,3000
168,8
169,720
170,5
171,9
172,235.2
173,144
174,4/35
175,14
176,52
177,8
178,8
179,17
180,40
181,87.92
182,12
183,27
184,48/5
185,650
186,4500
187,9
188,252
189,7
190,275
191,753.6
192,10395
193,900
194,2800
195,2340
196,656
197,84.792
198,500
199,274
200,450
201,228
202,12
203,7/20
204,4
205,40
206,4/9
207,6
208,42
209,8963
210,6
211,78.3
212,2799
213,31790
214,6
215,26250
216,40
217,17
218,64800
219,2
220,5
221,333
222,20
223,8
224,188
225,1632
226,42
227,9
228,0.8
229,8.4
230,138
231,373
232,3025
233,207
234,684
235,5225
236,701
237,4050
238,1/18
239,205
240,800
241,200
242,25/8
243,5475
244,1080
245,3/5
246,70
247,51/24
248,230
249,9
250,27.6
251,8
252,3178.5
253,1380
254,1230
255,6000
256,1536
257,6
258,1470
259,5
260,2505
261,480
262,40
263,48
264,24/5
265,10
266,11/24
267,2704
268,48
269,94
270,25000
271,10360
272,75
273,6
274,520
275,1475
276,270
277,4.5
278,32
279,2300
280,50.24
281,8
282,5.2
283,736
284,59
285,18
286,240
287,849
288,48
289,2700
290,940
291,5
292,2
293,554
294,16
295,23
296,4800
297,3
298,4
299,105
300,238
301,49/20
302,2
303,8
304,81
305,7850
306,9
307,20
308,30
309,24
310,87.92
311,390
312,35
313,2/7
314,36
315,30
316,4
317,324
318,900
319,1/3
320,12
321,432
322,3/8
323,7/40
324,3/10
325,4
326,750
327,77.5
328,710
329,3.2
330,10372.5
331,434000
332,16000
333,300
334,4/7
335,1344
336,15
337,546
338,6
339,1
340,25
341,90
342,21
343,10
344,125
345,7
346,48
347,4
348,425
349,5
350,32
351,600
352,390
353,1538
354,120
355,178
356,39
357,5
358,2500
359,4
360,5024
361,628
362,65
363,9
364,4
365,540
366,9/35
367,32
368,1/8
369,29
370,150
371,282
372,10
373,7
374,36
375,1350
376,481
377,2.94
378,4395
379,10/3
380,70
381,45
382,2/5
383,6240
384,56875
385,92
386,72
387,34.54
388,20
389,20
390,7
391,1260
392,720
393,700
394,39.26
395,100
396,450
397,9
398,6496
399,12
400,134
401,136
402,964
403,2_2/7
404,704
405,32
406,14
407,4/15
408,7
409,75.36
410,12
411,5
412,5/8
413,800
414,10
415,756
416,65
417,8
418,1320
419,10
420,1/3
421,1
422,301
423,2
424,0.64
425,12.96
426,2.7
427,2560
428,99
429,3050
430,580
431,1200
432,384
433,104
434,12960
435,34
436,528
437,44
438,2.1
439,7800
440,1/8
441,47
442,410
443,87.5
444,64
445,930
446,3/5
447,0.45
448,20
449,1920
450,866
451,63
452,3.2%
453,10
454,30
455,133
456,1080
457,60
458,76
459,390
460,24
461,3600
462,34
463,596
464,9
465,1710
466,235
467,94
468,21
469,30
470,18
471,20
472,700
473,125.6
474,9
475,9
476,474
477,3
478,1152
479,243
480,32
481,533
482,7/18
483,3.2
484,75
485,280
486,90
487,216
488,16
489,1278
490,3
491,96
492,260
493,34.8
494,560
495,2187.92
496,576
497,1440
498,80
499,1344
500,272
501,600
502,480
503,7.5
504,995
505,729
506,1500
507,700
508,942
509,39
510,13.2
511,15
512,7/40
513,5
514,120
515,63
516,98
517,0.5
518,1/2
519,300
520,45
521,9
522,355
523,180
524,3/8
525,200
526,220
527,98
528,120
529,39.2
530,120
531,2
532,150
533,59.7
534,24
535,450
536,14.4
537,7
538,7
539,80
540,450
541,1
542,216
543,900
544,41
545,48
546,0.2
547,70
548,5
549,120
550,930
551,94.2
552,208
553,9
554,1300
555,750
556,9
557,37
558,78.5
559,100.432
560,0.7
561,6
562,9
563,125
564,79
565,60
566,2870
567,287
568,720
569,2580
570,24.8
571,18
572,10700
573,3
574,7500
575,49.8
576,4
577,2
578,125
579,800
580,1400
581,9
582,350
583,320
584,12
585,9
586,5
587,30
588,45
589,1200
590,72
591,16
592,80
593,0.4
594,4
595,28.26
596,0.4
597,825
598,256
599,45000
600,2304
601,1.8
602,6
603,100
604,59
605,2/5
606,8
607,7.5
608,5
609,62
610,900
611,7
612,198
613,20
614,11.8
615,36960
616,147.3
617,2
618,47.1
619,90
620,99.4
621,70
622,400
623,114
624,91
625,20/3
626,200
627,42
628,377
629,36
630,30
631,314
632,3
633,2000
634,5760
635,94%
636,90%
637,62.5%
638,93.75%
639,60
640,30
641,40
642,45
643,32
644,1800
645,8
646,2
647,26
648,2150
649,32
650,280
651,60
652,13.5
653,25
654,95%
655,49
656,40
657,97.5%
658,1.2
659,95%
660,60
661,520
662,966.25
663,87.5%
664,60
665,1098.75
666,50
667,20
668,8
669,84
670,30
671,180
672,30
673,56
674,5
675,96%
676,7
677,7
678,97.5%
679,94%
680,2
681,460
682,480
683,450
684,56
685,42
686,492
687,150
688,36
689,30
690,320
691,1500
692,81
693,5
694,30
695,900
696,64
697,20
698,19/40
699,53
700,48
701,48
702,4
703,3
704,9
705,8
706,94%
707,5/8
708,20
709,63
710,3200
711,46
712,2.4
713,3
714,10%
715,1000
716,240
717,1.92
718,48
719,90
720,150
721,376.8
722,120
723,40
724,20
725,425
726,425
727,117
728,300
729,305
730,240
731,3
732,32
733,100
734,37
735,135
736,25
737,50
738,87
739,160
740,95%
741,4.8
742,3/8
743,4.8
744,500
745,800
746,80
747,143.2
748,48
749,372
750,7
751,78
752,40
753,11
754,76
755,250
756,8
757,96
758,5
759,400
760,633
761,24
762,282.6
763,389.6
764,43
765,180
766,21975
767,3.56
768,200
769,45
770,801
771,41
772,176.0
773,30
774,24
775,28
776,7536
777,180
778,432
779,8
780,7
781,3680
782,3680
783,25
784,142
785,1720
786,6.28
787,8
788,425
789,204
790,98%
791,81
792,300
793,70
794,148.97
795,2850
796,10
797,72
798,24/5
799,584
800,87.5
801,52
802,30
803,78
804,40
805,34.6
806,250
807,72
808,5
809,32
810,3.3
811,13
812,40
813,34.53
814,25
815,4000
816,2000
817,12
818,8
819,90
820,79
821,120
822,96
823,300
824,100.432
825,1050
826,132
827,25
828,2
829,42
830,33
831,400
832,3.78
833,27.4
834,130
835,320
836,40
837,2
838,32
839,6
840,80
841,3/2
842,12
843,496
844,546
845,124
846,8
847,42
848,400
849,5
850,120
851,5000
852,39
853,18
854,30
855,0.9
856,47.5
857,1008
858,9
859,90
860,36
861,150
862,44
863,2/7
864,24
865,11
866,20
867,25
868,34
869,5
870,6.6
871,1884
872,9
873,60
874,38
875,36
876,9750
877,12.5%
878,23.588
879,25%
880,80
881,400
882,30
883,8
884,74
885,48
886,498
887,4710
888,12
889,39
890,2.4
891,207
892,23.8
893,57.8
894,75
895,8
896,295
897,13
898,48
899,24
900,3600
901,20700
902,4
903,225
904,20
905,750
906,300
907,36
908,26
909,53.3
910,5
911,6.93
912,300
913,9
914,6.3
915,430
916,23536
917,345.6
918,94.3
919,2
920,200
921,3
922,8
923,9.7%
924,200
925,72
926,96%
927,270
928,24
929,8
930,40000
931,45000
932,120
933,28.26
934,6
935,250
936,45
937,150
938,7.66
939,7
940,70
941,7
942,204
943,24
944,8
945,1/12
946,176
947,5
948,270
949,36
950,0.4
951,48
952,80
953,294
954,54
955,12
956,16
957,3
958,10000
959,1.3
960,6
961,8
962,640
963,32100
964,16
965,14
966,15
967,4
968,45
969,1/15
970,156.2
971,10
972,3674
973,942
974,41
975,24
976,70
977,8
978,38.5
979,845
980,164.3
981,4680
982,30
983,456
984,3.5%
985,74
986,96
987,12
988,4
989,730
990,9
991,280
992,579
993,609
994,0.7%
995,2040
996,1/9
997,96
998,72
999,2/5
1000,6.28
1001,200
1002,158
1003,30
1004,5
1005,10%
1006,100
1007,50
1008,94400
1009,7/8
1010,2.25
1011,163
1012,187.5
1013,4%
1014,8
1015,8
1016,15
1017,20
1018,75
1019,4/3
1020,4
1021,40%
1022,31.25%
1023,62.8
1024,35
1025,45800
1026,13000
1027,1/8
1028,47
1029,96
1030,20
1031,207
1032,9
1033,12
1034,200
1035,396
1036,0.36
1037,30
1038,400
1039,50
1040,40/9
1041,4600
1042,2
1043,3.5
1044,53.2
1045,8
1046,3/4
1047,108
1048,5290
1049,400
1050,45
1051,25
1052,240
1053,25
1054,3000
1055,1
1056,24
1057,39.25
1058,3/16
1059,5.12
1060,37.5
1061,7
1062,3.3
1063,5.5
1064,15
1065,20
1066,58
1067,5
1068,75
1069,45
1070,57
1071,15
1072,96
1073,284
1074,1/5
1075,4458
1076,15
1077,274
1078,0.6
1079,300
1080,240
1081,76
1082,25
1083,3
1084,13
1085,7
1086,1/12
1087,420
1088,4/9
1089,0.0144
1090,240
1091,45
1092,4750
1093,104
1094,4296
1095,18
1096,1440
1097,5/8
1098,27
1099,120
1100,1/7
1101,16
1102,420
1103,20
1104,300
1105,2/5
1106,43
1107,36
1108,15
1109,28
1110,27
1111,3
1112,23.87
1113,50%
1114,2000
1115,68
1116,6
1117,35
1118,8
1119,8
1120,15
1121,30
1122,20
1123,12
1124,41
1125,4000
1126,54
1127,1.5
1128,1000
1129,0.1
1130,0.52
1131,8
1132,30
1133,550
1134,128
1135,45
1136,30
1137,15
1138,480
1139,280
1140,9000
1141,27
1142,6
1143,210
1144,8
1145,6
1146,600
1147,480
1148,50
1149,51.3
1150,2.78
1151,8
1152,1/2
1153,770
1154,4
1155,270
1156,4
1157,30
1158,1154
1159,3
1160,21
1161,4
1162,240
1163,45
1164,8775
1165,24
1166,12
1167,20
1168,78
1169,18
1170,17.5%
1171,900
1172,360
1173,40
1174,15
1175,94%
1176,2.5
1177,20
1178,7000
1179,198
1180,3
1181,45
1182,18
1183,44
1184,209
1185,240
1186,8
1187,301
1188,95
1189,457
1190,300
1191,300
1192,27
1193,50000
1194,72
1195,110%
1196,15
1197,75
1198,134
1199,314
1200,450
1201,25
1202,19
1203,25%
1204,5.02
1205,28
1206,42
1207,124
1208,8
1209,6
1210,1
1211,30
1212,423
1213,64%
1214,45
1215,160
1216,45
1217,39
1218,30
1219,750
1220,30%
1221,50
1222,3
1223,65.4
1224,2.4
1225,20
1226,94.2
1227,2880
1228,24
1229,270
1230,8
1231,4
1232,54
1233,576
1234,450
1235,94.2
1236,53
1237,70
1238,24
1239,30
1240,32%
1241,5
1242,80
1243,80
1244,49
1245,4200
1246,80
1247,69
1248,58
1249,180
1250,39
1251,45
1252,35
1253,14
1254,36
1255,8
1256,30
1257,38
1258,24
1259,16
1260,53
1261,22
1262,4
1263,37
1264,6
1265,45
1266,8
1267,2
1268,23
1269,18
1270,55
1271,53
1272,30
1273,26
1274,43
1275,12
1276,72
1277,6.75
1278,94
1279,30
1280,81
1281,51
1282,93
1283,18
1284,48
1285,82
1286,49
1287,35
1288,27
1289,48
1290,9
1291,19
1292,29
1293,10
1294,30
1295,1
1296,10
1297,3
1298,8
1299,6
1300,5
1301,20
1302,6
1303,4
1304,6
1305,6
1306,4
1307,5
1308,8
1309,8
1310,7
1311,9
1312,2
1313,32
1314,4
1315,13
1316,47
1317,6
1318,3
1319,9
1320,8
1321,12
1322,80
1323,35
1324,32
1325,44
1326,21
1327,5
1328,4
1329,10
1330,30
1331,8
1332,72
1333,23
1334,5
1335,75
1336,54
1337,2
1338,27
1339,5
1340,73
1341,24
1342,6
1343,7
1344,34
1345,84
1346,31
1347,33
1348,18
1349,17
1350,27
1351,16
1352,19
1353,28
1354,19
1355,27
1356,100
1357,75.36
1358,160
1359,500
1360,105.6
1361,4992
1362,60000
1363,5/9
1364,48
1365,4/5
1366,10
1367,9
1368,37680
1369,50
1370,36
1371,27
1372,295
1373,60
1374,90
1375,19/35
1376,400
1377,23
1378,26
1379,8.4
1380,27
1381,304.32
1382,600
1383,148
1384,456
1385,10.8
1386,18
1387,3
1388,150
1389,2.9
1390,24
1391,30
1392,48000
1393,18
1394,40
1395,16
1396,16
1397,100
1398,97
1399,780
1400,10
1401,180
1402,640
1403,720
1404,240
1405,9
1406,8
1407,50
1408,987
1409,125
1410,148
1411,500
1412,800
1413,34
1414,384
1415,480
1416,60000
1417,9
1418,200
1419,35
1420,29/20
1421,29.4
1422,39.45
1423,5
1424,0.008
1425,15
1426,9
1427,4
1428,504
1429,8
1430,30
1431,30
1432,3
1433,178
1434,4
1435,41.1
1436,210
1437,31.972
1438,72.4
1439,72
1440,20
1441,12
1442,105
1443,96
1444,36
1445,10
1446,15925
1447,297
1448,0.7
1449,4
1450,44
1451,96
1452,216
1453,437
1454,45
1455,80
1456,89
1457,45
1458,10
1459,9
1460,3600
1461,560
1462,480
1463,330
1464,8
1465,270
1466,45
1467,294
1468,10
1469,2.5
1470,147
1471,97
1472,5
1473,384
1474,26
1475,8
1476,30
1477,4500
1478,36
1479,24
1480,0.5
1481,8000
1482,18
1483,4
1484,3/4
1485,4
1486,10
1487,27
1488,8
1489,56
1490,2
1491,27
1492,48
1493,6500
1494,32
1495,4
1496,5
1497,5
1498,10.7
1499,2370
1500,79
1501,2.5
1502,205
1503,24
1504,451
1505,28
1506,39
1507,216
1508,13.8
1509,360
1510,945
1511,20
1512,2.56
1513,168.5
1514,75
1515,470
1516,30
1517,1.6
1518,10694
1519,15
1520,60
1521,48
1522,390
1523,3.5
1524,184
1525,8
1526,240
1527,4
1528,32
1529,840
1530,910
1531,30
1532,8
1533,90
1534,5280
1535,1
1536,2.5
1537,24
1538,5/105
1539,160
1540,128
1541,87.92
1542,27
1543,30
1544,3.5
1545,300
1546,130
1547,23
1548,0.25
1549,18
1550,39
1551,28
1552,400
1553,3000
1554,4
1555,753.6
1556,3.768
1557,2
1558,32
1559,20
1560,8000
1561,27
1562,10
1563,84
1564,700
1565,27
1566,800
1567,12
1568,5760
1569,9
1570,3400
1571,32
1572,15.7
1573,7
1574,52
1575,282.6
1576,942
1577,37
1578,220
1579,306
1580,125
1581,64
1582,125
1583,200
1584,125
1585,3200
1586,300
1587,60
1588,54
1589,2.4
1590,73
1591,216
1592,96
1593,200
1594,75
1595,44
1596,5.2
1597,20%
1598,10
1599,170
1600,30
1601,200
1602,30
1603,800
1604,16
1605,75%
1606,1380
1607,96
1608,8
1609,25.12
1610,5024
1611,5024
1612,700
1613,409.6
1614,28.26
1615,52
1616,553
1617,40
1618,300
1619,84
1620,55
1621,150
1622,72
1623,120
1624,240
1625,302.9
1626,20
1627,2500
1628,1_1/2
1629,14
1630,2000
1631,5
1632,85
1633,4/3
1634,85
1635,2
1636,8
1637,27
1638,20
1639,0.4
1640,72
1641,2.3
1642,396
1643,780
1644,54
1645,10
1646,4
1647,75
1648,598
1649,15
1650,1780
1651,35
1652,13
1653,15
1654,87%
1655,408.2
1656,3
1657,4000
1658,47
1659,8.1
1660,322
1661,4
1662,3
1663,40
1664,3.2
1665,2
1666,24
1667,330
1668,625
1669,3.65
1670,3/10
1671,11750
1672,1320
1673,32
1674,40
1675,270
1676,300
1677,2
1678,48
1679,2000
1680,26
1681,4800
1682,130
1683,240
1684,3
1685,25
1686,140
1687,270
1688,1570
1689,125
1690,1200
1691,16
1692,3
1693,0.5
1694,50.24
1695,480
1696,104
1697,15
1698,9
1699,8
1700,34
1701,20
1702,17.14
1703,1
1704,30
1705,0.2
1706,4/3
1707,18
1708,480
1709,7
1710,480
1711,35
1712,6600
1713,40.4
1714,800
1715,10
1716,4
1717,450
1718,24
1719,960
1720,3/7
1721,35.752
1722,20
1723,96
1724,282.6
1725,19
1726,30
1727,376.8
1728,8
1729,750
1730,1
1731,5
1732,100
1733,37.5
1734,25
1735,75
1736,70
1737,156
1738,280
1739,8088
1740,27
1741,48
1742,30
1743,1380
1744,40
1745,80
1746,120
1747,24.98
1748,24
1749,3600
1750,114
1751,300
1752,9
1753,1.74
1754,25
1755,45
1756,4
1757,1200
1758,157
1759,480
1760,17
1761,192
1762,32.13
1763,387
1764,5
1765,75
1766,55
1767,30
1768,36
1769,8
1770,2
1771,240
1772,250
1773,3000
1774,4
1775,200
1776,64
1777,250
1778,1140
1779,930
1780,50
1781,8
1782,1075
1783,1800
1784,64
1785,2
1786,9
1787,6
1788,1096
1789,6
1790,600
1791,250
1792,28
1793,11460
1794,5
1795,20
1796,5
1797,230
1798,24
1799,550
1800,4
1801,3/7
1802,3360
1803,30
1804,300
1805,135
1806,7200
1807,58
1808,150
1809,8
1810,630
1811,3
1812,34.54
1813,3
1814,7
1815,108
1816,4
1817,5
1818,210
1819,36
1820,7040
1821,9
1822,200
1823,9
1824,5798
1825,482
1826,10
1827,5
1828,80
1829,2198
1830,40
1831,3
1832,60
1833,5800
1834,224
1835,94.2
1836,854
1837,4
1838,8
1839,4
1840,60
1841,2.7
1842,12
1843,4
1844,7
1845,40.14
1846,12
1847,756
1848,9
1849,3000
1850,818
1851,45.4
1852,45
1853,1035
1854,3
1855,11
1856,1600
1857,27000
1858,50
1859,58
1860,60
1861,2.5
1862,96
1863,12
1864,8
1865,8
1866,435
1867,6
1868,57
1869,6880
1870,630
1871,20
1872,5400
1873,7040
1874,3
1875,11
1876,24
1877,6
1878,108
1879,452
1880,9.42
1881,7
1882,6
1883,3972
1884,1088
1885,18
1886,2
1887,9
1888,720
1889,7
1890,16
1891,52%
1892,54
1893,40.82
1894,225
1895,256
1896,0.13
1897,3
1898,24
1899,64
1900,9
1901,32
1902,36
1903,3.6
1904,3
1905,150
1906,420
1907,720
1908,27
1909,20
1910,225
1911,1472
1912,12
1913,9
1914,1.4
1915,216
1916,18
1917,11
1918,16
1919,96
1920,12
1921,480
1922,11
1923,504
1924,13
1925,18
1926,1.2
1927,72
1928,6
1929,904.336
1930,20
1931,5
1932,40
1933,450
1934,1075
1935,2
1936,259.2
1937,307.875
1938,11
1939,40
1940,400
1941,3.2
1942,62.8
1943,2000
1944,40.7
1945,24
1946,2037
1947,175
1948,12
1949,30
1950,20%
1951,7
1952,6
1953,4
1954,2
1955,4900
1956,70
1957,247
1958,87.92
1959,57
1960,20
1961,0.1
1962,3740
1963,7.5
1964,3500
1965,60.4
1966,247
1967,480
1968,35.4
1969,10
1970,89
1971,4.1
1972,3
1973,0.86
1974,9
1975,43
1976,2
1977,60
1978,60
1979,9
1980,250
1981,28
1982,13.4
1983,79.2
1984,7
1985,30
1986,200
1987,2/3
1988,48
1989,4360
1990,201
1991,15
1992,789
1993,231
1994,22
1995,4605
1996,50
1997,12
1998,7
1999,2
2000,12
2001,168
2002,8
2003,75
2004,80
2005,45
2006,265
2007,885
2008,900
2009,621
2010,75
2011,48
2012,3800
2013,0.2
2014,40
2015,180
2016,14
2017,3.4
2018,0.2
2019,400
2020,130
2021,84
2022,500
2023,800
2024,4
2025,12.1
2026,950
2027,18
2028,12
2029,18.75%
2030,25%
2031,4
2032,7
2033,34
2034,3840
2035,2300
2036,720
2037,720
2038,352
2039,0.75
2040,1.8
2041,2826
2042,34.5
2043,6
2044,0.3
2045,13
2046,240
2047,30
2048,8
2049,20
2050,4
2051,1099
2052,298
2053,458.4
2054,10
2055,23.14
2056,39
2057,375
2058,3.6
2059,190000
2060,200
2061,42
2062,不够
2063,27.4
2064,24
2065,70
2066,24000
2067,4096
2068,28.26
2069,315
2070,42
2071,260
2072,3
2073,9.6
2074,58
2075,60
2076,280
2077,49
2078,480
2079,2000
2080,3.5
2081,20
2082,35
2083,12
2084,3.75
2085,80
2086,376.8
2087,54
2088,540
2089,1740
2090,112
2091,108
2092,7000
2093,900
2094,732
2095,508.2
2096,314
2097,24
2098,5
2099,8
2100,840
2101,700
2102,5
2103,3
2104,96
2105,30
2106,32
2107,96
2108,2340
2109,2456
2110,200
2111,4
2112,52
2113,19.92
2114,32
2115,622
2116,5
2117,200
2118,6280
2119,336
2120,9
2121,96.08
2122,349.24
2123,785
2124,4.9
2125,1
2126,830
2127,99
2128,396
2129,72
2130,30/7
2131,300
2132,13
2133,3705
2134,7
2135,2340
2136,23
2137,8
2138,14
2139,12
2140,3
2141,8
2142,12
2143,12
2144,1
2145,9
2146,1332
2147,24
2148,11/12
2149,80
2150,707.38
2151,37.68
2152,4
2153,87.92
2154,703
2155,10
2156,12
2157,120
2158,18
2159,45.36
2160,23
2161,480
2162,84
2163,30
2164,22
2165,40
2166,448
2167,290
2168,5
2169,3.6
2170,2
2171,4
2172,23.75%
2173,11173
2174,7
2175,12.8%
2176,65%
2177,3
2178,320
2179,96
2180,7850
2181,200
2182,715
2183,10
2184,2908
2185,90
2186,25
2187,441
2188,912
2189,3000
2190,900
2191,8
2192,225
2193,56
2194,2
2195,3400
2196,24
2197,0.4
2198,20
2199,12
2200,780
2201,384
2202,3960
2203,11400
2204,3
2205,5
2206,9
2207,45
2208,18
2209,210
2210,496
2211,40.35
2212,145
2213,3.6
2214,1.24
2215,30/7
2216,9
2217,286
2218,9
2219,20
2220,1080
2221,4050
2222,490
2223,31
2224,9.4375
2225,375
2226,6
2227,80
2228,35.4
2229,850
2230,753.6
2231,4
2232,30
2233,9
2234,0.14
2235,1.48
2236,5
2237,54
2238,54
2239,2000
2240,1500
2241,238
2242,4
2243,6598
2244,45
2245,1.5
2246,6
2247,9
2248,4.5
2249,900
2250,3768
2251,90
2252,78
2253,24
2254,1440
2255,9
2256,20
2257,560
2258,32
2259,3
2260,384
2261,16%
2262,22%
2263,8.9
2264,4
2265,90
2266,2304
2267,22.5
2268,8
2269,384
2270,4
2271,130
2272,35
2273,58
2274,8
2275,81
2276,105
2277,320
2278,1
2279,4
2280,30
2281,900
2282,3250
2283,1190
2284,3400
2285,54
2286,100
2287,15
2288,5
2289,280
2290,90
2291,45
2292,45
2293,48
2294,56
2295,34.54
2296,72
2297,7
2298,2
2299,62.8
2300,48
2301,3
2302,375
2303,30
2304,75.36
2305,5
2306,20
2307,50
2308,13
2309,8
2310,8
2311,6
2312,56
2313,500
2314,3750
2315,7
2316,972
2317,540
2318,2
2319,48
2320,75
2321,300
2322,32
2323,30
2324,75
2325,900
2326,1537
2327,7
2328,48
2329,13
2330,45
2331,53
2332,0.5
2333,3700
2334,14.13
2335,120
2336,12
2337,5
2338,703
2339,3
2340,5
2341,1540
2342,24
2343,58
2344,5/8
2345,98
2346,46
2347,144
2348,52
2349,407
2350,1200
2351,40
2352,420
2353,24
2354,150
2355,200
2356,354
2357,12
2358,70
2359,1323
2360,62.5%
2361,12
2362,448
2363,9
2364,476
2365,90
2366,20
2367,28.26
2368,54
2369,4
2370,70
2371,7
2372,0
2373,84
2374,160
2375,34
2376,9
2377,7
2378,3
2379,3.4
2380,90
2381,24
2382,6.75
2383,1200
2384,370
2385,203
2386,92
2387,730
2388,14
2389,3.75
2390,90
2391,24
2392,210
2393,15
2394,18
2395,6
2396,84
2397,7
2398,351
2399,40%
2400,27.3
2401,28
2402,990
2403,8
2404,730
2405,32
2406,78
2407,2.7
2408,16
2409,28.26
2410,8
2411,50.24
2412,5
2413,6
2414,32
2415,200
2416,12.56
2417,280
2418,70
2419,20
2420,78.5
2421,400
2422,4
2423,9
2424,4.32
2425,360
2426,72
2427,8
2428,75
2429,9.6
2430,19
2431,34
2432,30/7
2433,45/28
2434,120
2435,18
2436,37.7
2437,256
2438,20
2439,12
2440,13
2441,234
2442,36
2443,5
2444,25
2445,7
2446,75
2447,485
2448,7
2449,57
2450,165
2451,30
2452,50
2453,249.2
2454,80
2455,25
2456,25%
2457,176
2458,30
2459,1884
2460,30
2461,6
2462,5
2463,10
2464,131.25
2465,180
2466,75.36
2467,2
2468,21
2469,37.6
2470,32
2471,42
2472,5
2473,120
2474,12
2475,80
2476,25
2477,4
2478,3
2479,60
2480,15
2481,3
2482,38
2483,4
2484,12.56
2485,600
2486,9
2487,2740
2488,8
2489,8
2490,12
2491,12
2492,12
2493,2
2494,75
2495,294
2496,25
2497,9000
2498,1/8
2499,36
2500,195
2501,3
2502,2000
2503,20
2504,75%
2505,4
2506,40/9
2507,30
2508,512
2509,72
2510,500
2511,157
2512,5800
2513,3.768
2514,2.5
2515,80
2516,3
2517,20.096
2518,282.6
2519,3.75
2520,189
2521,5840
2522,38.45
2523,4.8
2524,12
2525,396
2526,24
2527,180
2528,40
2529,66
2530,12
2531,4
2532,45
2533,80
2534,30
2535,9.42
2536,40
2537,216
2538,1.8
2539,84
2540,45/7
2541,8
2542,10
2543,2
2544,300
2545,15
2546,1000
2547,30
2548,425
2549,23
2550,3
2551,5
2552,396
2553,20%
2554,7.5
2555,2
2556,300
2557,502.4
2558,5
2559,384
2560,36%
2561,40
2562,9.2
2563,30
2564,4
2565,351
2566,130
2567,25.12
2568,2
2569,70
2570,300
2571,3060
2572,8
2573,4.5
2574,10
2575,30
2576,5
2577,37
2578,28.26
2579,4
2580,900
2581,12
2582,12
2583,28
2584,3.5
2585,8
2586,30
2587,8
2588,27
2589,12
2590,1.75
2591,13
2592,24
2593,110
2594,120
2595,35
2596,180
2597,27
2598,43.2
2599,40
2600,125
2601,336
2602,2100
2603,72
2604,16
2605,75
2606,16
2607,4
2608,8
2609,9
2610,84
2611,150.72
2612,1348
2613,225
2614,3
2615,10
2616,92
2617,2500
2618,720
2619,4
2620,93.75%
2621,0.2
2622,3/7
2623,15
2624,3
2625,40.14336
2626,40.32
2627,180
2628,25%
2629,200
2630,594
2631,60
2632,4
2633,73
2634,24
2635,50
2636,8
2637,3.5
2638,20
2639,8
2640,5
2641,5
2642,9
2643,96
2644,30
2645,16
2646,70
2647,48
2648,200
2649,960
2650,3.2
2651,5
2652,3.2
2653,90
2654,240
2655,2.7
2656,3.75
2657,5
2658,3
2659,12
2660,37.68
2661,8
2662,7
2663,3
2664,180
2665,1800
2666,34
2667,93.75%
2668,108
2669,104
2670,0.4
2671,70
2672,35
2673,23
2674,40
2675,35
2676,20
2677,11
2678,784
2679,309.6
2680,56
2681,4
2682,3
2683,12000
2684,4000
2685,2800
2686,25%
2687,4
2688,96
2689,4
2690,185
2691,5280
2692,7
2693,408
2694,8.2
2695,20
2696,75.36
2697,530
2698,3
2699,24
2700,13
2701,24
2702,1200
2703,100
2704,9
2705,150
2706,5
2707,24
2708,6
2709,47
2710,50
2711,13
2712,90
2713,720
2714,2
2715,370
2716,75.36
2717,195
2718,24
2719,2.5
2720,1200
2721,1512
2722,19200
2723,1097
2724,20300
2725,18
2726,15
2727,59
2728,2380
2729,10
2730,132
2731,39
2732,5
2733,200
2734,6
2735,3
2736,9
2737,1
2738,2
2739,10
2740,3
2741,10
2742,3
2743,200
2744,40
2745,45
2746,27
2747,23
2748,90
2749,1024
2750,25
2751,17
2752,1000
2753,1/8
2754,4
2755,120
2756,1.26
2757,120
2758,48
2759,17.5
2760,2
2761,294
2762,90
2763,432
2764,129
2765,18.8
2766,8
2767,4
2768,419
2769,5
2770,10
2771,42
2772,6
2773,20
2774,20
2775,24
2776,8
2777,14
2778,60
2779,240
2780,9_2/3
2781,37
2782,7
2783,4
2784,375
2785,7
2786,960
2787,64
2788,256
2789,17
2790,6
2791,5
2792,36
2793,32
2794,5
2795,100
2796,48.3
2797,4
2798,5
2799,7
2800,5
2801,456
2802,7
2803,100
2804,800
2805,240
2806,200
2807,25
2808,45
2809,16
2810,150.72
2811,1304
2812,80
2813,5
2814,150.72
2815,5
2816,12
2817,180
2818,49
2819,450
2820,3.14
2821,120
2822,120
2823,7
2824,7
2825,54
2826,4800
2827,5
2828,250
2829,24
2830,23
2831,17
2832,3
2833,72
2834,598
2835,6
2836,19
2837,976
2838,1200
2839,37.5%
2840,80
2841,40
2842,35
2843,27
2844,380
2845,207.3
2846,40
2847,30
2848,94.2
2849,846
2850,13
2851,53.28
2852,0.5
2853,8
2854,36
2855,10%
2856,2
2857,28
2858,30
2859,8
2860,5500
2861,312
2862,7
2863,37.8
2864,4
2865,16
2866,9
2867,50
2868,4.71
2869,1000
2870,140
2871,6000
2872,1200
2873,5
2874,128
2875,750
2876,4
2877,25%
2878,910
2879,32
2880,5
2881,7200
2882,96
2883,30
2884,5
2885,7
2886,7
2887,1256
2888,1380
2889,2512
2890,1400
2891,270
2892,4
2893,4
2894,250
2895,25%
2896,20
2897,259
2898,2390
2899,1475
2900,9
2901,529
2902,13
2903,8
2904,15
2905,136
2906,23
2907,4
2908,50.24
2909,240
2910,8
2911,11
2912,505
2913,66
2914,2
2915,32
2916,15
2917,1507.2
2918,25
2919,499
2920,180
2921,16
2922,4
2923,7200
2924,1.25
2925,4
2926,12000
2927,9
2928,297
2929,8
2930,132
2931,13
2932,87
2933,13
2934,7
2935,401.92
2936,40
2937,78.5
2938,7
2939,3
2940,2700
2941,206
2942,1256
2943,78
2944,12
2945,240.5
2946,40
2947,50
2948,72
2949,399
2950,40.5
2951,3.27
2952,72
2953,57
2954,500
2955,11.25
2956,9
2957,10
2958,38
2959,9
2960,8
2961,27
2962,45
2963,390
2964,12.56
2965,30
2966,70
2967,180
2968,30
2969,280
2970,18
2971,10.2
2972,289
2973,75
2974,3.2
2975,12
2976,14
2977,62.8
2978,176
2979,25
2980,48
2981,95.2%
2982,8
2983,4000
2984,800
2985,47
2986,1.6
2987,5
2988,130
2989,2
2990,5.6
2991,1.6
2992,78.5
2993,387
2994,500
2995,32
2996,400
2997,140
2998,18
2999,12
3000,80
3001,240
3002,88
3003,65.9
3004,0.2
3005,30
3006,45
3007,50
3008,126.3
3009,20.0976
3010,75.36
3011,1.8
3012,502.4
3013,1281
3014,3.768
3015,500
3016,8
3017,200
3018,80
3019,90
3020,40
3021,25
3022,760
3023,80
3024,15
3025,96
3026,30
3027,4500
3028,753.6
3029,144
3030,6
3031,742
3032,12
3033,18
3034,8
3035,80
3036,60
3037,8
3038,15%
3039,4
3040,942
3041,3
3042,10
3043,3
3044,24
3045,7
3046,34
3047,1780
3048,4
3049,30
3050,3.4
3051,45
3052,30
3053,7
3054,14
3055,45
3056,400
3057,6
3058,900
3059,513.6
3060,1250
3061,705
3062,50.24
3063,75.36
3064,28
3065,40
3066,1920
3067,246
3068,140
3069,750
3070,120
3071,9540
3072,25%
3073,73
3074,4.3
3075,320
3076,25
3077,353.6
3078,36
3079,45
3080,45
3081,80
3082,753.6
3083,0.75
3084,24
3085,24
3086,1729
3087,20
3088,5
3089,48
3090,98%
3091,108
3092,42
3093,48
3094,239.8
3095,297.6
3096,78
3097,2
3098,78.5
3099,3
3100,2.38
3101,5/8
3102,98
3103,30
3104,6
3105,30
3106,240
3107,900
3108,58
3109,2_2/3
3110,4
3111,360
3112,192
3113,160
3114,416
3115,1.2
3116,300
3117,270
3118,57
3119,45
3120,314
3121,204
3122,300
3123,18
3124,12
3125,150
3126,900
3127,35
3128,8
3129,420
3130,3000
3131,80
3132,10
3133,5.3
3134,800
3135,80
3136,247.92
3137,282.6
3138,640
3139,47
3140,95%
3141,4800
3142,20
3143,18
3144,8
3145,232
3146,5
3147,300
3148,1
3149,450
3150,20
3151,36
3152,5
3153,50
3154,4
3155,12
3156,24
3157,0.4
3158,30
3159,8
3160,94
3161,200
3162,15360
3163,20%
3164,1.44
3165,256
3166,15
3167,36
3168,13
3169,7
3170,20
3171,2
3172,32
3173,29
3174,88
3175,40
3176,1809
3177,7
3178,624
3179,48
3180,900
3181,36.3
3182,4
3183,4.3
3184,720
3185,186
3186,5.5
3187,2874
3188,605
3189,7.5
3190,63
3191,735
3192,289
3193,60
3194,2160
3195,30
3196,52
3197,51200
3198,1800
3199,486
3200,70
3201,80
3202,3600
3203,32
3204,84
3205,7
3206,980
3207,180
3208,53
3209,80
3210,120
3211,9.8
3212,72
3213,8
3214,9
3215,75
3216,600
3217,800
3218,24
3219,100
3220,13
3221,5
3222,15
3223,350
3224,360
3225,75
3226,160
3227,3
3228,20
3229,36
3230,2540
3231,384
3232,360
3233,360
3234,27
3235,3060
3236,936
3237,3250
3238,275
3239,25
3240,96
3241,8435
3242,1400
3243,1160
3244,1200
3245,50
3246,1740
3247,360
3248,2000
3249,2400
3250,280
3251,78
3252,300
3253,1200
3254,30
3255,30
3256,15
3257,3
3258,8
3259,4
3260,2502
3261,8
3262,3
3263,20
3264,3
3265,9
3266,6
3267,485
3268,30
3269,186
3270,225
3271,24
3272,29
3273,8
3274,75
3275,336
3276,180
3277,35
3278,305
3279,625
3280,784
3281,5000
3282,7
3283,184
3284,908
3285,42
3286,11
3287,7
3288,50
3289,5400
3290,250
3291,37
3292,12
3293,17
3294,25
3295,27
3296,90
3297,200
3298,1000
3299,205
3300,5
3301,59
3302,246
3303,123
3304,99
3305,11
3306,447
3307,477
3308,103
3309,39
3310,112
3311,740
3312,84
3313,9
3314,31
3315,8
3316,63
3317,315
3318,423
3319,2
3320,220
3321,54
3322,605
3323,21
3324,7840
3325,60
3326,200
3327,2475
3328,1425
3329,32
3330,80
3331,90
3332,250
3333,720
3334,420
3335,90
3336,207
3337,23
3338,432
3339,480
3340,200
3341,720
3342,95
3343,4
3344,37
3345,20
3346,100
3347,14
3348,2400
3349,198
3350,32
3351,14
3352,12
3353,48
3354,39
3355,2600
3356,784
3357,130
3358,60
3359,86
3360,550
3361,520
3362,200
3363,432
3364,45
3365,38
3366,79
3367,300
3368,121
3369,5
3370,1350
3371,14090
3372,940
3373,180
3374,744
3375,360
3376,7
3377,910
3378,300
3379,256
3380,27
3381,945
3382,90
3383,873
3384,1174
3385,78
3386,25
3387,15
3388,24
3389,40
3390,98
3391,432
3392,960
3393,60
3394,40
3395,130
3396,48
3397,35
3398,60
3399,100
3400,845
3401,90
3402,45
3403,76
3404,9
3405,47
3406,246
3407,50
3408,50
3409,20
3410,1000
3411,6
3412,27
3413,3295
3414,50
3415,232
3416,5
3417,45
3418,16
3419,1770
3420,56
3421,101
3422,552
3423,4940
3424,1574
3425,9
3426,3120
3427,432
3428,8
3429,25
3430,4
3431,38
3432,2300
3433,12
3434,70
3435,25.4
3436,3
3437,12
3438,308
3439,78
3440,0.84
3441,4800
3442,50
3443,9
3444,3225
3445,252
3446,80
3447,3
3448,90
3449,96
3450,1400
3451,200
3452,5200
3453,8
3454,95
3455,128
3456,14
3457,27
3458,40
3459,30
3460,32
3461,27
3462,15
3463,33.6
3464,3
3465,7
3466,190
3467,180
3468,78
3469,280
3470,3
3471,9
3472,9
3473,530
3474,8
3475,3000
3476,23
3477,30
3478,8
3479,600
3480,870
3481,3
3482,40
3483,80
3484,800
3485,32
3486,30
3487,36
3488,360
3489,90
3490,20
3491,1728
3492,30
3493,843
3494,100
3495,10
3496,9
3497,9
3498,8
3499,9
3500,6
3501,16
3502,60
3503,800
3504,4
3505,3120
3506,30
3507,48
3508,475
3509,32
3510,200
3511,420
3512,12
3513,9375
3514,3
3515,5760
3516,384
3517,6
3518,25
3519,500
3520,192
3521,8
3522,24
3523,6
3524,48
3525,350
3526,40
3527,540
3528,2
3529,10
3530,4
3531,25
3532,7
3533,500
3534,2
3535,10
3536,9
3537,6
3538,192
3539,376
3540,45
3541,2400
3542,12120
3543,2600
3544,6
3545,5
3546,5
3547,1494
3548,588
3549,2000
3550,8
3551,75
3552,15
3553,4950
3554,205
3555,720
3556,274
3557,8
3558,500
3559,720
3560,394
3561,1400
3562,896
3563,9
3564,4.2
3565,164
3566,56
3567,45
3568,1512
3569,2
3570,14
3571,10
3572,10
3573,35
3574,30
3575,2200
3576,37
3577,20
3578,18
3579,34
3580,4800
3581,76
3582,74
3583,30
3584,405
3585,4
3586,56
3587,306
3588,6480
3589,14
3590,4000
3591,50
3592,57.6
3593,15
3594,30
3595,1760
3596,475
3597,15
3598,23
3599,5
3600,156
3601,7040
3602,74
3603,2847
3604,1500
3605,640
3606,40
3607,15
3608,23
3609,6
3610,9
3611,30
3612,849
3613,80
3614,945
3615,8
3616,576
3617,112
3618,7
3619,160
3620,120
3621,7
3622,450
3623,138
3624,15
3625,4960
3626,96
3627,80
3628,1080
3629,297
3630,1200
3631,920
3632,840
3633,13000
3634,3875
3635,125
3636,140
3637,497
3638,16
3639,390
3640,47
3641,7
3642,120
3643,4680
3644,23.5
3645,23
3646,36
3647,2450
3648,3
3649,25
3650,20
3651,9
3652,48
3653,270
3654,108
3655,4
3656,139
3657,913.5
3658,70
3659,562
3660,24
3661,2450
3662,5
3663,54
3664,17
3665,496
3666,29
3667,460
3668,805
3669,1200
3670,3096
3671,1032
3672,12
3673,100
3674,13.5
3675,596
3676,8400
3677,12.5
3678,1.2
3679,5880
3680,840
3681,480
3682,9
3683,6
3684,10
3685,576
3686,1536
3687,400
3688,1000
3689,384
3690,900
3691,2
3692,8
3693,38
3694,1158
3695,504
3696,50
3697,3
3698,1400
3699,203
3700,1632
3701,29
3702,960
3703,5
3704,1350
3705,7
3706,4500
3707,80
3708,10
3709,44
3710,6
3711,7
3712,180
3713,9
3714,480
3715,585
3716,10000
3717,509
3718,14
3719,684
3720,11
3721,306
3722,705
3723,72
3724,15125
3725,8
3726,24
3727,100
3728,10
3729,30
3730,1250
3731,84
3732,200
3733,38
3734,534
3735,200
3736,107
3737,3640
3738,537
3739,14000
3740,437
3741,1500
3742,712
3743,5370
3744,120
3745,450
3746,212
3747,8
3748,150
3749,10
3750,720
3751,105
3752,200
3753,288
3754,1026
3755,720
3756,37
3757,56
3758,3360
3759,5000
3760,18000
3761,90
3762,74
3763,6
3764,0.5
3765,11
3766,4
3767,2310
3768,300
3769,6
3770,51
3771,2160
3772,108
3773,7
3774,750
3775,11
3776,20000
3777,30
3778,76350
3779,5
3780,552
3781,10
3782,11
3783,170
3784,30
3785,2
3786,4790
3787,48
3788,474
3789,483
3790,0.65
3791,3470
3792,240
3793,65
3794,270
3795,93.6
3796,36
3797,36
3798,108
3799,94
3800,1100
3801,7
3802,7900
3803,7
3804,15
3805,84
3806,1679
3807,4004
3808,54
3809,5
3810,140
3811,144
3812,54
3813,100
3814,900
3815,48
3816,843
3817,20
3818,45
3819,36
3820,11450
3821,40
3822,36
3823,5
3824,120
3825,5
3826,36
3827,9
3828,2592
3829,1780
3830,379
3831,11.52
3832,11200
3833,13
3834,180
3835,60
3836,896
3837,14
3838,45
3839,3225
3840,8100
3841,1232
3842,192
3843,1379
3844,2
3845,7
3846,7
3847,576
3848,35
3849,7600
3850,90
3851,256
3852,3.2
3853,54
3854,2520
3855,50
3856,576
3857,t8
3858,455
3859,75
3860,960
3861,96
3862,140
3863,1800
3864,468
3865,3780
3866,1680
3867,375
3868,352
3869,5000
3870,4
3871,40
3872,20
3873,17280
3874,20
3875,5760
3876,54
3877,120
3878,700
3879,2800
3880,7.744
3881,5
3882,15
3883,3
3884,29
3885,7
3886,180
3887,240
3888,200
3889,1200
3890,144
3891,8
3892,1.44
3893,108
3894,8
3895,24
3896,270
3897,27
3898,13
3899,25
3900,8
3901,15
3902,34
3903,3600
3904,2
3905,7
3906,144
3907,168
3908,10
3909,3.2
3910,410
3911,6
3912,91
3913,190
3914,16504
3915,5000
3916,1320
3917,40
3918,3360
3919,312
3920,25
3921,520
3922,2100
3923,27
3924,700
3925,5
3926,7
3927,540
3928,300
3929,270
3930,384
3931,4.08
3932,360
3933,34
3934,171
3935,25
3936,1536
3937,47
3938,734
3939,10944
3940,412
3941,1157
3942,7
3943,704
3944,14.4
3945,3
3946,288
3947,4
3948,50
3949,4
3950,945
3951,420
3952,5
3953,54
3954,462
3955,1600
3956,612
3957,9
3958,8
3959,24
3960,90
3961,72
3962,36
3963,375
3964,527
3965,50
3966,50
3967,8
3968,408
3969,10
3970,8
3971,65
3972,555
3973,92
3974,96
3975,40
3976,9
3977,20
3978,53
3979,40
3980,18
3981,1497
3982,3
3983,3600
3984,30
3985,2750
3986,53.5
3987,7
3988,480
3989,70
3990,1760
3991,8
3992,2920
3993,60
3994,800
3995,13
3996,9
3997,50
3998,50
3999,27
4000,48
4001,24
4002,1485
4003,1754
4004,5932
4005,48
4006,63
4007,19
4008,54
4009,52
4010,760
4011,12
4012,176
4013,10
4014,300
4015,60
4016,20
4017,208
4018,14.2
4019,13.6
4020,20
4021,1.8
4022,8
4023,396
4024,80
4025,800
4026,3192
4027,8
4028,200
4029,4
4030,28
4031,9
4032,30
4033,960
4034,50
4035,24
4036,4
4037,738
4038,7580
4039,249
4040,34
4041,400
4042,30
4043,800
4044,12
4045,768
4046,2880
4047,2500
4048,88
4049,291
4050,90
4051,3
4052,200
4053,9
4054,7.2
4055,108
4056,24
4057,270
4058,237
4059,26
4060,200
4061,300
4062,576
4063,645
4064,7
4065,410
4066,162
4067,4320
4068,20
4069,804
4070,4
4071,3000
4072,79
4073,200
4074,1400
4075,185
4076,5
4077,6
4078,9.5
4079,375
4080,6
4081,128
4082,147
4083,1672
4084,12
4085,352
4086,127
4087,1442
4088,2400
4089,10
4090,48
4091,930
4092,270.5
4093,25
4094,9600
4095,5434
4096,0.5
4097,3
4098,237.4
4099,1680
4100,45
4101,375
4102,800
4103,30
4104,99
4105,1760
4106,2
4107,230
4108,34
4109,24.75
4110,8
4111,6/5
4112,5
4113,37
4114,4060
4115,85
4116,8
4117,12
4118,12
4119,690
4120,23
4121,5
4122,56
4123,9
4124,9
4125,50
4126,3000
4127,1035
4128,98
4129,95
4130,325
4131,64
4132,1375
4133,26
4134,100
4135,24
4136,400
4137,3
4138,25
4139,1.2
4140,50
4141,127
4142,960
4143,780
4144,1112
4145,470
4146,49
4147,13
4148,12
4149,1163
4150,256
4151,40
4152,4
4153,504
4154,378
4155,5
4156,2.75
4157,428
4158,5
4159,2
4160,3125
4161,240
4162,3.14
4163,3920
4164,70
4165,120
4166,37
4167,380
4168,15
4169,15
4170,512
4171,180.625
4172,576
4173,1800
4174,384
4175,2025
4176,4
4177,301.44
4178,394.56
4179,30
4180,8
4181,30
4182,360
4183,169
4184,200
4185,28
4186,20
4187,72
4188,3
4189,4
4190,72
4191,257
4192,300
4193,4
4194,96.25%
4195,28.26
4196,275
4197,576
4198,64
4199,27
4200,150
4201,57
4202,37.5%
4203,40
4204,4
4205,18750
4206,17
4207,720
4208,128
4209,520
4210,47
4211,12
4212,216
4213,30
4214,175
4215,35
4216,5
4217,180
4218,500
4219,1050
4220,10
4221,120
4222,42
4223,384
4224,5
4225,705.6
4226,75
4227,180
4228,2
4229,376.8
4230,36
4231,32
4232,94.2
4233,12.5%
4234,37.68
4235,40
4236,30
4237,360
4238,4
4239,80
4240,90
4241,30
4242,40
4243,300
4244,62
4245,1280
4246,700
4247,35
4248,380
4249,2.5
4250,10
4251,20
4252,900
4253,4.3
4254,2
4255,2.5
4256,25.6
4257,4
4258,150
4259,40
4260,16
4261,548
4262,48
4263,798
4264,320
4265,8
4266,0.9
4267,54
4268,98
4269,12.56
4270,2.5
4271,23
4272,32
4273,75
4274,32
4275,540
4276,288
4277,140
4278,22
4279,5552
4280,36.6
4281,304.32
4282,30
4283,44
4284,27
4285,900
4286,20
4287,2700
4288,74
4289,31560
4290,80
4291,5
4292,11
4293,5590
4294,450
4295,144
4296,32
4297,870
4298,238
4299,30
4300,7
4301,14
4302,720
4303,0.25
4304,320
4305,49
4306,30
4307,8
4308,5
4309,100
4310,400
4311,3200
4312,45
4313,288
4314,20%
4315,11.1%
4316,2932
4317,285
4318,301
4319,20
4320,275
4321,2.5
4322,255
4323,14
4324,5
4325,75.36
4326,50.46
4327,2
4328,80
4329,0.7
4330,32
4331,16805
4332,15
4333,288
4334,396
4335,200
4336,300
4337,72
4338,32
4339,64
4340,9.5%
4341,730
4342,360
4343,4800
4344,105
4345,9.2
4346,40%
4347,35
4348,20%
4349,8
4350,5
4351,40
4352,6
4353,12
4354,25
4355,2
4356,2
4357,84
4358,1.82
4359,9
4360,500
4361,16
4362,2
4363,12
4364,750
4365,8
4366,240
4367,28/15
4368,270
4369,72
4370,78
4371,9.38
4372,20
4373,9
4374,14
4375,3/5
4376,43
4377,37
4378,30
4379,9
4380,3.65
4381,94
4382,2.82
4383,45
4384,280
4385,18
4386,2
4387,2
4388,2700
4389,80
4390,2000
4391,448
4392,7
4393,3
4394,24
4395,6400
4396,6400
4397,48000
4398,9
4399,7
4400,5
4401,720
4402,64
4403,20
4404,80
4405,30
4406,30
4407,9.6
4408,11
4409,24
4410,36
4411,2.3
4412,58
4413,576
4414,126
4415,8
4416,47
4417,90
4418,1000
4419,270
4420,9
4421,75
4422,12.6
4423,40
4424,50
4425,480
4426,9300
4427,93
4428,150.72
4429,314
4430,219.44
4431,16
4432,1/3
4433,96
4434,2
4435,800
4436,125
4437,9
4438,25.12
4439,3.14
4440,10
4441,1400
4442,10%
4443,28.26
4444,140
4445,20
4446,10
4447,144
4448,40.14
4449,349.2
4450,28.26
4451,3
4452,50.24
4453,5
4454,28800
4455,24
4456,9450
4457,35
4458,3
4459,30
4460,180
4461,75.36
4462,72
4463,40
4464,40.82
4465,28.26
4466,3.14
4467,3.14
4468,90
4469,840
4470,450
4471,200
4472,56.52
4473,3
4474,4420
4475,50.24
4476,3
4477,8
4478,320
4479,1200
4480,300
4481,345
4482,75.36
4483,360
4484,180
4485,150
4486,23
4487,27.5
4488,6
4489,50.24
4490,78.5
4491,2
4492,62.8
4493,14.5
4494,2300
4495,15
4496,37.68
4497,9
4498,28.26
4499,45
4500,84
4501,182.5
4502,3
4503,360
4504,12.56
4505,70%
4506,40.536
4507,12.56
4508,10.28
4509,1624
4510,25
4511,90
4512,12
4513,7
4514,9
4515,24
4516,15.7
4517,386.4
4518,19.625
4519,34
4520,4/9
4521,9
4522,4500
4523,75.36
4524,25.12
4525,56.52
4526,205.96
4527,3
4528,500
4529,960
4530,60
4531,30
4532,5250
4533,6.5
4534,80
4535,72
4536,135
4537,282.6
4538,5
4539,471
4540,3600
4541,38
4542,502.4
4543,28.26
4544,18
4545,78.5
4546,480
4547,32
4548,58
4549,474
4550,50.24
4551,25%
4552,8.032
4553,96
4554,3
4555,34
4556,160.14
4557,785
4558,284
4559,30
4560,1
4561,28.26
4562,2.7
4563,30
4564,5000
4565,3200
4566,275
4567,40.94
4568,314
4569,98.2%
4570,7
4571,538.8
4572,1
4573,31.4
4574,12.56
4575,3
4576,7
4577,30576
4578,401.92
4579,50.24
4580,6
4581,18.84
4582,45
4583,3.768
4584,3
4585,6.28
4586,5
4587,4/25
4588,800
4589,2470
4590,40
4591,4
4592,48
4593,247.1
4594,9
4595,2
4596,6
4597,6
4598,14
4599,49
4600,2198
4601,50.24
4602,45
4603,80
4604,3.768
4605,3.14
4606,78.5
4607,50.24
4608,3/8
4609,5280
4610,75
4611,314
4612,19.625
4613,62.8
4614,7.5
4615,3.14
4616,3
4617,21984
4618,240
4619,20
4620,5.024
4621,97.5%
4622,12
4623,500
4624,56.5
4625,500
4626,8
4627,23.58
4628,180
4629,25
4630,29.6
4631,500
4632,72.4
4633,49
4634,31
4635,19
4636,92
4637,28.26
4638,450
4639,35
4640,62
4641,0.86
4642,3.942
4643,84.3
4644,5200
4645,358
4646,25
4647,48
4648,4
4649,90
4650,13.04
4651,2
4652,800
4653,48
4654,1000
4655,0.3
4656,1890
4657,72
4658,24
4659,39
4660,40.82
4661,150
4662,147
4663,20
4664,4
4665,125.6
4666,458
4667,28.26
4668,9
4669,7850
4670,528
4671,188.4
4672,69.6
4673,240
4674,248
4675,3
4676,35.4
4677,13.75%
4678,20.35
4679,753.6
4680,54
4681,9/56
4682,20%
4683,12
4684,942
4685,8
4686,3
4687,200
4688,900
4689,0.04
4690,2.5
4691,10
4692,78
4693,200.96
4694,34.54
4695,401.92
4696,40
4697,0.78
4698,37.5
4699,314
4700,1643.5
4701,50.24
4702,3
4703,3
4704,9
4705,20
4706,2400
4707,42
4708,407
4709,34
4710,20%
4711,237
4712,907.76
4713,112
4714,87.92
4715,1
4716,31.4
4717,28.26
4718,720
4719,38.5
4720,2/5
4721,562
4722,894
4723,20
4724,28.26
4725,18.84
4726,30
4727,20
4728,78.5
4729,7
4730,4
4731,480
4732,125
4733,36
4734,1200
4735,188.4
4736,196
4737,13
4738,1500
4739,1600
4740,25.12
4741,34.50
4742,10
4743,25.12
4744,729
4745,346.82
4746,12
4747,42
4748,345.184
4749,301.44
4750,270
4751,24
4752,50.24
4753,362
4754,800
4755,4700
4756,31.4
4757,54
4758,2.7
4759,1333
4760,4
4761,54/29
4762,7.14
4763,200
4764,202
4765,18
4766,23.55
4767,314
4768,5
4769,21.98
4770,87.92
4771,18.84
4772,12.345
4773,36
4774,20
4775,50
4776,34.54
4777,25.12
4778,12.5%
4779,54.72
4780,28.26
4781,157
4782,20
4783,192
4784,804
4785,7850
4786,600
4787,3
4788,7
4789,0.785
4790,30
4791,465
4792,785
4793,1256
4794,60
4795,40.82
4796,706.5
4797,21.096
4798,5
4799,56.52
4800,78.5
4801,753.6
4802,5
4803,5
4804,45
4805,560.32
4806,56
4807,942
4808,249.25
4809,2.5152
4810,37.68
4811,3140
4812,87.92
4813,200
4814,25
4815,216
4816,78%
4817,3/10
4818,5
4819,5999
4820,17.5
4821,307.92
4822,13.56
4823,207
4824,1
4825,200
4826,4
4827,48
4828,56.52
4829,36
4830,314
4831,2826
4832,300
4833,8
4834,349
4835,60
4836,2.3
4837,53.32
4838,128.5
4839,28.26
4840,5
4841,10
4842,2880
4843,73
4844,20
4845,300
4846,20
4847,36
4848,696
4849,400
4850,3.2
4851,50
4852,54
4853,347
4854,8/15
4855,48
4856,180
4857,2500
4858,50
4859,1/10
4860,4
4861,78.5
4862,3
4863,0.79
4864,6
4865,12.56
4866,15
4867,8
4868,186
4869,75
4870,28
4871,4
4872,48
4873,7536
4874,360
4875,125.6
4876,314
4877,1570.8
4878,96
4879,2_2/3
4880,28.26
4881,8
4882,40
4883,1/4
4884,7
4885,780
4886,18
4887,4
4888,38
4889,14
4890,3
4891,50
4892,80
4893,4000
4894,30
4895,6
4896,350
4897,70
4898,6
4899,10
4900,20
4901,15
4902,47
4903,240
4904,40.82
4905,40.82
4906,20
4907,3
4908,25
4909,84
4910,24
4911,113.04
4912,4
4913,4
4914,5
4915,47
4916,38
4917,20
4918,3
4919,30
4920,52
4921,849
4922,8
4923,2
4924,8
4925,24
4926,800
4927,270
4928,360
4929,7
4930,480
4931,45
4932,37.5
4933,0.8
4934,31.5
4935,54/29
4936,5
4937,10
4938,2
4939,15
4940,5
4941,3
4942,11
4943,75
4944,67.5
4945,20
4946,3_1/3
4947,282.6
4948,3
4949,7
4950,24
4951,8
4952,8
4953,23
4954,576
4955,1/4
4956,40
4957,12
4958,18
4959,50.24
4960,37.68
4961,120
4962,23.4%
4963,20
4964,1.6
4965,100
4966,83
4967,250
4968,32
4969,62
4970,72
4971,45
4972,68
4973,43
4974,18
4975,63
4976,21
4977,18
4978,17
4979,7
4980,56
4981,9
4982,84
4983,56
4984,75
4985,18
4986,16
4987,24
4988,27
4989,12
4990,35
4991,18
4992,4
4993,5
4994,4
4995,24
4996,8
4997,24
4998,84
4999,9
5000,36
5001,27
5002,32
5003,52
5004,78
5005,135
5006,38
5007,33
5008,8
5009,2
5010,47
5011,47
5012,8
5013,5
5014,7
5015,10
5016,6
5017,6
5018,36
5019,8
5020,8
5021,28
5022,47
5023,6
5024,9
5025,57
5026,81
5027,19
5028,28
5029,20
5030,50
5031,46
5032,44
5033,27
5034,17
5035,10
5036,2
5037,11
5038,38
5039,79
5040,8
5041,4
5042,25
5043,31
5044,72
5045,19
5046,3
5047,4
5048,9
5049,18
5050,23
5051,93
5052,12
5053,35
5054,31
5055,81
5056,87
5057,80
5058,56
5059,26
5060,81
5061,8
5062,55
5063,55
5064,6
5065,24
5066,10
5067,79
5068,90
5069,80
5070,7
5071,51
5072,84
5073,16
5074,34
5075,57
5076,36
5077,8
5078,42
5079,7
5080,27
5081,30
5082,31
5083,16
5084,7
5085,56
5086,32
5087,24
5088,24
5089,33
5090,32
5091,10
5092,24
5093,23
5094,8
5095,6
5096,8
5097,16
5098,15
5099,18
5100,8
5101,18
5102,6
5103,15
5104,47
5105,18
5106,39
5107,7
5108,19
5109,30
5110,87
5111,21
5112,18
5113,27
5114,168
5115,25
5116,3
5117,50
5118,301.44
5119,24
5120,10
5121,2400
5122,960
5123,7
5124,4420
5125,44
5126,32
5127,17
5128,400
5129,9
5130,3
5131,300
5132,253
5133,30
5134,20
5135,30
5136,2.25
5137,28
5138,12
5139,314
5140,40.128
5141,12.56
5142,4.875
5143,1983
5144,2
5145,2
5146,28
5147,500
5148,3.6
5149,72
5150,1804
5151,7
5152,200
5153,8
5154,10.8
5155,4500
5156,204.5
5157,20
5158,3000
5159,240
5160,40
5161,270
5162,364
5163,29
5164,800
5165,20
5166,84
5167,270
5168,30
5169,753.6
5170,406
5171,31.416
5172,0.96
5173,750
5174,30
5175,30
5176,360
5177,12
5178,502.4
5179,2250
5180,70
5181,4
5182,4400
5183,60
5184,25
5185,2.5
5186,2500
5187,2340
5188,14
5189,13
5190,4
5191,84
5192,36
5193,18
5194,58
5195,480
5196,89
5197,80
5198,8
5199,0.6
5200,900
5201,0.36
5202,15
5203,7
5204,27
5205,36.3
5206,5
5207,20
5208,8
5209,3.2
5210,50
5211,32
5212,1700
5213,750
5214,50
5215,4
5216,18
5217,56.52
5218,29
5219,28.26
5220,240
5221,20
5222,400
5223,80
5224,480
5225,36
5226,100
5227,4
5228,36
5229,4000
5230,87.92
5231,30
5232,26.3
5233,36
5234,3600
5235,4800
5236,938.4
5237,8.0583
5238,30
5239,27
5240,8
5241,2300
5242,500
5243,31.4
5244,4800
5245,64
5246,15
5247,36
5248,13
5249,4
5250,7
5251,20
5252,2
5253,32
5254,23
5255,87
5256,4
5257,8
5258,25
5259,75
5260,39
5261,1300
5262,70
5263,49
5264,0.5
5265,3
5266,8
5267,118.75
5268,2880
5269,15
5270,10
5271,5
5272,6
5273,35
5274,300
5275,75
5276,128
5277,756.4
5278,30%
5279,4200
5280,10
5281,3.2
5282,72
5283,1950
5284,280
5285,249.13
5286,28.26
5287,3.14
5288,50
5289,30
5290,96
5291,150
5292,30
5293,2001
5294,32
5295,320
5296,87.5%
5297,3
5298,13.5
5299,18
5300,395.2
5301,800
5302,510
5303,50
5304,25
5305,752
5306,72
5307,36
5308,340
5309,400
5310,29.7
5311,7.2
5312,12
5313,20
5314,24
5315,80
5316,289
5317,70
5318,150
5319,240
5320,300
5321,125.6
5322,48
5323,7.85
5324,153.86
5325,360
5326,50
5327,48
5328,30
5329,20000
5330,2000
5331,52
5332,1
5333,157
5334,33.75
5335,7200
5336,120
5337,180
5338,47
5339,52
5340,980
5341,4500
5342,45
5343,480
5344,376.8
5345,23.552
5346,12
5347,195
5348,5
5349,270
5350,3520
5351,800
5352,147
5353,2300
5354,12
5355,600
5356,56
5357,480
5358,8.4
5359,40
5360,157
5361,4
5362,3
5363,2080
5364,10
5365,50
5366,4
5367,24
5368,3.536
5369,0.7536
5370,378
5371,5
5372,80000
5373,390
5374,24
5375,25
5376,60
5377,50
5378,2520
5379,200
5380,0.2
5381,48
5382,25
5383,1760
5384,90
5385,50
5386,8
5387,1040
5388,2
5389,19
5390,8
5391,8
5392,3.6
5393,49
5394,8
5395,15
5396,300
5397,20000
5398,147
5399,35
5400,215
5401,200
5402,9
5403,270
5404,24
5405,9.84
5406,224
5407,480
5408,210
5409,45
5410,30
5411,59
5412,16.8
5413,87
5414,235.5
5415,1723.1
5416,92
5417,704
5418,48
5419,840
5420,1800
5421,2.5
5422,2.5
5423,24
5424,2.344
5425,1.5
5426,37.5
5427,30
5428,50
5429,750
5430,84
5431,38
5432,8
5433,770
5434,20
5435,3600
5436,492
5437,2.5
5438,270
5439,3
5440,512
5441,24
5442,70
5443,27
5444,15.7
5445,0.3
5446,38
5447,2.9
5448,2.7
5449,0.5
5450,80
5451,108
5452,5880
5453,930
5454,240
5455,24
5456,2
5457,3936
5458,314
5459,100
5460,300
5461,3.14
5462,12
5463,275
5464,5
5465,80
5466,10
5467,3
5468,1.7
5469,30.7
5470,25
5471,3500
5472,900
5473,0.18
5474,27.5
5475,23
5476,3
5477,24
5478,360
5479,18000
5480,960
5481,6
5482,15
5483,1
5484,1
5485,25
5486,8
5487,201
5488,121
5489,6
5490,75
5491,34
5492,8
5493,53
5494,190
5495,42
5496,10
5497,6
5498,1730
5499,375
5500,3
5501,76
5502,5.25
5503,1470
5504,3650
5505,70
5506,3
5507,2700
5508,300
5509,280
5510,5
5511,800
5512,32
5513,8
5514,240
5515,35
5516,500
5517,2400
5518,380
5519,5395
5520,80
5521,324
5522,45
5523,1920
5524,35
5525,1
5526,147
5527,120
5528,30
5529,2070
5530,70
5531,4000
5532,5493
5533,48
5534,3
5535,5
5536,5400
5537,478.5
5538,1.13
5539,90
5540,10
5541,54
5542,81
5543,87
5544,5
5545,18
5546,34
5547,70
5548,3.5
5549,270/4
5550,900
5551,640
5552,840
5553,15
5554,8
5555,6000
5556,24
5557,95
5558,3_1/4
5559,20
5560,8
5561,180
5562,12400
5563,450
5564,12
5565,8
5566,15
5567,30
5568,8
5569,45
5570,3
5571,4
5572,168
5573,18000
5574,166
5575,5
5576,4
5577,39.43
5578,10
5579,140
5580,42
5581,16
5582,142.8
5583,280
5584,128
5585,9
5586,75
5587,360
5588,330
5589,43
5590,2
5591,2880
5592,25
5593,900
5594,3
5595,2880
5596,329
5597,81
5598,70
5599,2700
5600,728
5601,7850
5602,4950
5603,2
5604,50
5605,37
5606,3085
5607,8
5608,110
5609,2400
5610,9
5611,40
5612,120
5613,3.75
5614,65
5615,3768
5616,157
5617,3920
5618,18.5
5619,98.5
5620,10
5621,6280
5622,47.1
5623,5
5624,52
5625,20
5626,84
5627,240
5628,7.2
5629,96
5630,250
5631,1405
5632,42
5633,2430
5634,250
5635,70.34
5636,2700
5637,4958
5638,30
5639,394
5640,20
5641,2972
5642,2370
5643,120
5644,8.7
5645,172
5646,6
5647,28.26
5648,78
5649,150
5650,96
5651,28.26
5652,450
5653,450
5654,2
5655,47
5656,900
5657,5
5658,5
5659,2
5660,480
5661,32
5662,80
5663,0.4
5664,20
5665,400
5666,30
5667,130
5668,37.5
5669,7
5670,480
5671,2.42
5672,450
5673,50
5674,960
5675,341.5
5676,1012.5
5677,20
5678,46
5679,1500
5680,500
5681,375
5682,985
5683,3.785
5684,60
5685,0.75
5686,5
5687,605
5688,395.6
5689,225
5690,45
5691,1200
5692,26
5693,51
5694,960
5695,100
5696,2250
5697,1600
5698,20
5699,72
5700,8.72
5701,8
5702,55
5703,12
5704,51;21
5705,80
5706,49
5707,2400
5708,14
5709,11340
5710,2.4
5711,36
5712,32
5713,800
5714,1
5715,264.2
5716,105
5717,8
5718,291
5719,5
5720,945
5721,37.68
5722,40
5723,5
5724,930
5725,95
5726,9
5727,800
5728,9
5729,12
5730,9
5731,400
5732,940
5733,179.2
5734,5796
5735,7
5736,3453.6
5737,425
5738,3460
5739,45
5740,8
5741,6
5742,10
5743,25
5744,582
5745,90
5746,408
5747,15
5748,2000
5749,50.24
5750,696
5751,352
5752,294
5753,275
5754,232
5755,540
5756,142
5757,23
5758,98
5759,43.2
5760,80
5761,750
5762,135
5763,92
5764,42
5765,16
5766,2096
5767,28.8
5768,360
5769,270
5770,20
5771,80
5772,75
5773,240
5774,24
5775,2400
5776,40
5777,180
5778,24
5779,10
5780,67
5781,7
5782,192
5783,29
5784,30
5785,3500
5786,140
5787,44
5788,112750
5789,200
5790,200
5791,18
5792,57600
5793,9280
5794,400
5795,243
5796,420
5797,6
5798,3.2
5799,7.2
5800,306
5801,32
5802,175
5803,144
5804,4.5
5805,1
5806,40
5807,200
5808,50
5809,80
5810,12
5811,0.4
5812,27
5813,1475
5814,305
5815,20
5816,35
5817,98
5818,7
5819,150
5820,3.2
5821,36
5822,4
5823,35
5824,42
5825,5
5826,80
5827,15
5828,64
5829,23410
5830,2555
5831,2000
5832,29000
5833,4
5834,475
5835,1500
5836,3.785
5837,3.2
5838,28.25
5839,37.68
5840,10
5841,4
5842,30
5843,0.5
5844,85
5845,53
5846,200
5847,3600
5848,137.5
5849,10.78
5850,7
5851,97
5852,25
5853,8640
5854,7
5855,9500
5856,8400
5857,4000
5858,480
5859,44
5860,5
5861,1.4
5862,153.9
5863,940
5864,42
5865,1.14
5866,300
5867,7
5868,5/16
5869,3.77
5870,16
5871,12
5872,280
5873,1
5874,73
5875,32
5876,16
5877,72
5878,0.5
5879,90
5880,48
5881,411
5882,39
5883,250
5884,30
5885,100
5886,13
5887,10
5888,4
5889,46
5890,34
5891,90
5892,44
5893,37
5894,1980
5895,48
5896,750
5897,0.3
5898,5792
5899,5
5900,3
5901,5
5902,87.9
5903,9.5
5904,13800
5905,320
5906,44
5907,9
5908,21
5909,7
5910,65
5911,9
5912,16
5913,33
5914,25
5915,7
5916,3
5917,7
5918,50
5919,60
5920,46
5921,8
5922,8
5923,18
5924,27
5925,42
5926,36
5927,18
5928,514
5929,829
5930,6
5931,800
5932,3
5933,72
5934,42
5935,8
5936,34
5937,8
5938,6
5939,35
5940,12
5941,20
5942,10
5943,15
5944,15
5945,10
5946,10
5947,36
5948,46
5949,56
5950,4
5951,5
5952,12
5953,11
5954,9
5955,42
5956,21
5957,32
5958,52
5959,44
5960,20
5961,40
5962,18
5963,36
5964,24
5965,24
5966,16
5967,53
5968,41
5969,3
5970,70
5971,53
5972,4
5973,3
5974,5
5975,4
5976,24
5977,8
5978,2
5979,12
5980,9
5981,39
5982,9
5983,4
5984,22
5985,54
5986,21
5987,34
5988,17
5989,27
5990,10
5991,4
5992,1
5993,18
5994,18
5995,20
5996,4
5997,4
5998,8
5999,5
6000,7
6001,21
6002,6
6003,6
6004,36
6005,47
6006,6
6007,9
6008,57
6009,81
6010,19
6011,28
6012,20
6013,50
6014,46
6015,44
6016,27
6017,8
6018,4
6019,25
6020,31
6021,72
6022,19
6023,3
6024,4
6025,9
6026,18
6027,27
6028,93
6029,12
6030,35
6031,31
6032,81
6033,87
6034,80
6035,56
6036,26
6037,81
6038,55
6039,6
6040,97
6041,51
6042,84
6043,16
6044,34
6045,57
6046,36
6047,8
6048,36
6049,21
6050,9
6051,36
6052,31
6053,27
6054,25
6055,88
6056,57
6057,7
6058,14
6059,8
6060,57
6061,81
6062,23
6063,72
6064,5
6065,43
6066,23
6067,27
6068,27
6069,36
6070,29
6071,9
6072,24
6073,80
6074,4
6075,20
6076,4
6077,20
6078,3
6079,25
6080,7
6081,6
6082,18
6083,53
6084,41
6085,37
6086,45
6087,19
6088,34
6089,31
6090,32
6091,11
6092,84
6093,40
6094,44
6095,30
6096,20
6097,35
6098,45
6099,25
6100,8
6101,8
6102,14
6103,47
6104,10
6105,72
6106,34
6107,9
6108,6
6109,3
6110,18
6111,4
6112,19
6113,10
6114,7
6115,7
6116,27
6117,30
6118,35
6119,16
6120,7
6121,56
6122,32
6123,24
6124,33
6125,32
6126,10
6127,24
6128,23
6129,8
6130,6
6131,8
6132,16
6133,15
6134,18
6135,8
6136,18
6137,6
6138,15
6139,47
6140,18
6141,30
6142,37
6143,36
6144,27
6145,21
6146,18
6147,27
6148,168
6149,2
6150,2
6151,80
6152,68
6153,16
6154,20
6155,15
6156,270
6157,139
6158,372
6159,492
6160,4
6161,40
6162,150
6163,5
6164,0.8
6165,2
6166,13
6167,1809
6168,500
6169,720
6170,2874
6171,34
6172,120
6173,1440
6174,75
6175,180
6176,2450
6177,2400
6178,3.6
6179,7
6180,38
6181,2.7
6182,85.2
6183,38
6184,3050
6185,475
6186,81
6187,5320
6188,520
6189,447
6190,373
6191,125
6192,500
6193,75
6194,20
6195,1960
6196,240
6197,4200
6198,1728
6199,36
6200,48
6201,19
6202,14
6203,36
6204,30
6205,30
6206,56
6207,28
6208,75
6209,21
6210,78
6211,92
6212,356
6213,74
6214,142
6215,270
6216,99
6217,25
6218,40
6219,5
6220,477
6221,896
6222,129
6223,39
6224,16
6225,9
6226,52
6227,9
6228,9
6229,72
6230,315
6231,409
6232,2
6233,220
6234,14
6235,2200
6236,78
6237,96
6238,117
6239,4
6240,360
6241,51
6242,210
6243,5
6244,6
6245,435
6246,270
6247,88
6248,395
6249,159
6250,5
6251,5
6252,142
6253,200
6254,64
6255,138
6256,78
6257,40
6258,4
6259,150
6260,11
6261,67
6262,1374
6263,938
6264,91
6265,75
6266,35
6267,8
6268,21
6269,210
6270,4000
6271,200
6272,80
6273,77
6274,47.6
6275,800
6276,2
6277,79
6278,270
6279,4
6280,9
6281,396
6282,186
6283,5
6284,15.6
6285,1.34
6286,3.7
6287,23
6288,210
6289,32
6290,24
6291,30
6292,234
6293,2
6294,76.4
6295,9
6296,1440
6297,4
6298,96
6299,57.4
6300,28
6301,4
6302,305
6303,270
6304,64
6305,165
6306,24710
6307,315
6308,6
6309,74
6310,157
6311,96
6312,37.5
6313,28
6314,150
6315,45
6316,24
6317,45
6318,4300
6319,50
6320,2.5
6321,6
6322,4200
6323,368
6324,3
6325,54
6326,3
6327,870
6328,300
6329,3
6330,6120
6331,800
6332,780
6333,9030
6334,4800
6335,696
6336,125
6337,900
6338,9
6339,40
6340,160
6341,48
6342,160
6343,300
6344,2200
6345,4
6346,6
6347,27
6348,48
6349,2
6350,20
6351,3600
6352,13
6353,7.5
6354,500
6355,5
6356,12
6357,1470
6358,15
6359,15
6360,19
6361,121
6362,19260
6363,30
6364,8
6365,9/10
6366,3.2
6367,2.5
6368,2780
6369,708
6370,30
6371,24
6372,45
6373,3/5
6374,8
6375,378
6376,279
6377,204
6378,4.8
6379,2.5
6380,14
6381,60
6382,12
6383,7000
6384,2
6385,120
6386,78
6387,6000
6388,33.5
6389,1.2
6390,43
6391,0.5
6392,5
6393,10
6394,100
6395,30
6396,5600
6397,5.8
6398,3.3
6399,1470
6400,409
6401,2500
6402,35
6403,9
6404,200
6405,40
6406,750
6407,857
6408,700
6409,20000
6410,18000
6411,0.7
6412,1500
6413,35
6414,1
6415,234.58
6416,140.1
6417,40.4
6418,1240
6419,8
6420,540
6421,354
6422,3900
6423,30
6424,50
6425,11
6426,2250
6427,120
6428,5
6429,32
6430,13
6431,8.7
6432,56
6433,480
6434,80
6435,24
6436,180
6437,450
6438,128
6439,17
6440,1200
6441,275
6442,8
6443,50
6444,40
6445,85.1
6446,9.48
6447,187
6448,12
6449,65
6450,331.08
6451,32
6452,38
6453,38
6454,73
6455,76
6456,1350
6457,4.6
6458,300
6459,648
6460,1.2
6461,3
6462,40
6463,95
6464,2000
6465,200
6466,10
6467,6
6468,18
6469,45
6470,30
6471,20
6472,26
6473,8
6474,7
6475,48/23
6476,27
6477,9
6478,4
6479,24
6480,48
6481,25
6482,48
6483,10000
6484,50
6485,390
6486,8
6487,49
6488,240
6489,8
6490,4
6491,240
6492,240
6493,75
6494,8
6495,62.8
6496,178
6497,706.89
6498,27
6499,23
6500,46
6501,50
6502,3
6503,4_8/11
6504,24
6505,600
6506,148
6507,180
6508,97
6509,16
6510,39
6511,140
6512,64
6513,295
6514,368
6515,5
6516,186
6517,154
6518,9.05
6519,3750
6520,27
6521,1568
6522,5
6523,1.79
6524,4
6525,4
6526,320
6527,9
6528,74
6529,81
6530,1350
6531,809
6532,32
6533,4.8
6534,1380
6535,300
6536,178
6537,18
6538,270
6539,40
6540,185
6541,25
6542,1800
6543,222
6544,9
6545,27.5
6546,20
6547,250
6548,191
6549,400
6550,4
6551,3728
6552,204
6553,9
6554,4
6555,648
6556,133
6557,37.5
6558,87
6559,4
6560,8
6561,720
6562,2
6563,15
6564,1048
6565,35
6566,54
6567,9.6
6568,22625
6569,80
6570,80
6571,45
6572,480
6573,1500
6574,12.5
6575,1926
6576,950
6577,97.2
6578,4410
6579,8
6580,40
6581,300
6582,85
6583,2920
6584,4
6585,10
6586,576
6587,34
6588,127.46
6589,8
6590,1552
6591,1330
6592,20
6593,120
6594,900
6595,75
6596,96
6597,6.3
6598,304
6599,2870
6600,2304
6601,2250
6602,4
6603,352
6604,38
6605,203
6606,18750
6607,120
6608,18.5
6609,15
6610,42
6611,248
6612,4
6613,24
6614,344
6615,1050
6616,624
6617,595
6618,42
6619,342
6620,5
6621,10.5
6622,4
6623,648
6624,1320
6625,6
6626,13000
6627,34
6628,600
6629,60
6630,790
6631,12
6632,72
6633,70
6634,100
6635,5.5
6636,27
6637,20
6638,24
6639,24800
6640,54
6641,62.5
6642,1700
6643,30
6644,552
6645,200
6646,18000
6647,6960
6648,13270
6649,3
6650,426
6651,32
6652,20
6653,805
6654,286
6655,10.1
6656,24
6657,10
6658,185
6659,540
6660,75
6661,256
6662,7
6663,5
6664,238
6665,8
6666,140
6667,942
6668,105
6669,27
6670,1050
6671,1872
6672,60
6673,475
6674,138
6675,204
6676,26
6677,347
6678,3600
6679,840
6680,48
6681,1320
6682,532
6683,22
6684,1212
6685,192
6686,525
6687,441
6688,3
6689,786
6690,7.5
6691,52
6692,2.1
6693,560
6694,240
6695,42
6696,4
6697,780
6698,960
6699,9.3
6700,47
6701,600
6702,2.4
6703,13
6704,4840
6705,3
6706,45
6707,25
6708,27.6
6709,43.96
6710,1800
6711,10
6712,97
6713,8
6714,9
6715,7
6716,16
6717,17
6718,23
6719,23
6720,85
6721,3216
6722,900
6723,300
6724,248
6725,1120
6726,80
6727,5
6728,30
6729,0.5
6730,21
6731,29
6732,8
6733,12
6734,20
6735,44
6736,52
6737,83
6738,38
6739,106
6740,10
6741,45
6742,10
6743,20
6744,12
6745,15
6746,2
6747,3
6748,29
6749,32
6750,25
6751,4
6752,39
6753,33
6754,36
6755,90
6756,37
6757,8
6758,30
6759,17
6760,35
6761,45
6762,6
6763,20
6764,4
6765,38
6766,4
6767,38
6768,4
6769,4
6770,6
6771,6
6772,20
6773,60
6774,10
6775,3
6776,9
6777,27
6778,0.7
6779,17
6780,9
6781,17
6782,45
6783,43
6784,29
6785,39
6786,4
6787,48
6788,8
6789,59
6790,87
6791,6
6792,8
6793,79
6794,54
6795,10
6796,49
6797,45
6798,35
6799,45
6800,71
6801,40
6802,170
6803,22
6804,9
6805,94
6806,30
6807,100
6808,10
6809,27
6810,37
6811,44
6812,40
6813,40
6814,33
6815,9
6816,9
6817,25
6818,57
6819,81
6820,37
6821,11
6822,31
6823,23
6824,4
6825,24
6826,30
6827,38
6828,12
6829,28
6830,33
6831,80
6832,57
6833,14
6834,36
6835,32
6836,46
6837,16
6838,34
6839,12
6840,5
6841,35
6842,5
6843,4
6844,13
6845,6
6846,8
6847,18
6848,2
6849,18
6850,14
6851,12
6852,11
6853,4
6854,24
6855,27
6856,7
6857,8
6858,35.376
6859,178
6860,1220
6861,60
6862,500
6863,6480
6864,520
6865,8
6866,20
6867,93.75%
6868,3584
6869,440
6870,256
6871,272
6872,950
6873,1500
6874,3600
6875,144
6876,12
6877,5
6878,260
6879,30
6880,120
6881,3000
6882,108
6883,15
6884,300
6885,200
6886,220
6887,800
6888,48
6889,9
6890,64
6891,72
6892,40
6893,112.5
6894,1.2
6895,195
6896,256
6897,560
6898,47.1
6899,200
6900,36
6901,0.8
6902,942
6903,74
6904,2.5
6905,102
6906,9
6907,45
6908,59
6909,625
6910,47
6911,320
6912,55
6913,96%
6914,84%
6915,2/5
6916,39.45
6917,30
6918,64.8
6919,216
6920,78
6921,300
6922,0.3
6923,27
6924,3025
6925,32
6926,20
6927,7500
6928,75.36
6929,1080
6930,1430
6931,5.4
6932,60
6933,40
6934,2
6935,9
6936,9
6937,40
6938,11
6939,4
6940,20%
6941,200
6942,70
6943,115%
6944,12.25
6945,20
6946,30
6947,3
6948,50
6949,75
6950,50
6951,39.2
6952,132
6953,54
6954,5.2
6955,75
6956,4
6957,1.8
6958,7
6959,2880
6960,125
6961,120
6962,7500
6963,240
6964,5
6965,37.6
6966,30
6967,408.32
6968,24
6969,30
6970,20
6971,20
6972,10
6973,8
6974,24
6975,150
6976,13
6977,11
6978,96
6979,160
6980,28
6981,20%
6982,3675
6983,6000
6984,3
6985,30
6986,1952
6987,130
6988,200
6989,35
6990,42
6991,1600
6992,48
6993,15
6994,270
6995,2700
6996,900
6997,4.8
6998,300
6999,980
7000,8
7001,0.7
7002,3
7003,20
7004,32
7005,9
7006,100
7007,180
7008,24%
7009,8.4
7010,42
7011,28.26
7012,125
7013,400
7014,22
7015,756
7016,15
7017,3
7018,336
7019,1630
7020,50
7021,50.24
7022,75
7023,64
7024,5
7025,200
7026,180
7027,2.592
7028,20%
7029,502.4
7030,105
7031,30
7032,720
7033,75
7034,25%
7035,48
7036,4.8
7037,11.8%
7038,512
7039,709
7040,2_2/9
7041,780
7042,690
7043,435
7044,75
7045,8
7046,220
7047,96
7048,50
7049,2
7050,15.9
7051,147
7052,8
7053,2
7054,16
7055,240
7056,28.26
7057,6
7058,3.6
7059,280
7060,93.75%
7061,27
7062,47.7
7063,4096
7064,37
7065,3.7
7066,2400
7067,2.1
7068,12
7069,41
7070,21.98
7071,4
7072,300
7073,5
7074,18%
7075,6
7076,840
7077,25
7078,2500
7079,1.5
7080,27.4
7081,100
7082,65
7083,1015
7084,18/5
7085,12
7086,198
7087,2.5
7088,12
7089,37
7090,96
7091,90
7092,12
7093,576
7094,24
7095,240
7096,4
7097,40
7098,78.5
7099,0.2
7100,42
7101,1360
7102,39
7103,8
7104,1
7105,45
7106,341.5
7107,25
7108,4
7109,75
7110,1/3
7111,58
7112,50.24
7113,8
7114,237/57
7115,90
7116,320
7117,251.2
7118,185
7119,606
7120,5
7121,249
7122,230
7123,48
7124,32
7125,9
7126,540
7127,84
7128,15
7129,80
7130,3.14
7131,3.5
7132,32
7133,80
7134,170
7135,25
7136,240
7137,58
7138,100
7139,72
7140,2.72
7141,0.65
7142,600
7143,20%
7144,3
7145,4
7146,91%
7147,20%
7148,9
7149,20
7150,6
7151,18
7152,480
7153,14
7154,60
7155,2000
7156,440
7157,54
7158,180
7159,2.7
7160,20
7161,4250
7162,31
7163,3
7164,128
7165,0.5
7166,560
7167,352
7168,125
7169,24
7170,9
7171,89
7172,200
7173,75%
7174,25%
7175,896
7176,9
7177,1000
7178,25
7179,204
7180,37.68
7181,522.5
7182,1400
7183,555
7184,2.8
7185,75
7186,4
7187,768
7188,8
7189,28
7190,127
7191,48
7192,225
7193,92320
7194,6360
7195,5.3
7196,1560
7197,144
7198,17
7199,48
7200,9
7201,9
7202,6440
7203,108
7204,2
7205,64
7206,280
7207,9
7208,8000
7209,504
7210,306
7211,0.7
7212,48
7213,9
7214,4
7215,251.2
7216,796
7217,34.52
7218,12.56
7219,708
7220,38
7221,2196
7222,27
7223,20%
7224,100
7225,9
7226,18
7227,19
7228,32
7229,5
7230,16%
7231,270
7232,30
7233,80
7234,3.5
7235,102
7236,24.9
7237,100
7238,25
7239,20
7240,8
7241,250
7242,24
7243,945
7244,7
7245,630
7246,73
7247,9.6
7248,168
7249,2000
7250,3000
7251,2
7252,36
7253,216
7254,3
7255,77.4
7256,5
7257,490
7258,1220
7259,190
7260,100
7261,48
7262,36
7263,88
7264,2304
7265,208
7266,88
7267,800
7268,2.8
7269,8800
7270,12.56
7271,75.36
7272,12
7273,300
7274,2
7275,270
7276,40
7277,250
7278,3000
7279,40
7280,4
7281,90
7282,240
7283,9.1%
7284,30
7285,30
7286,24
7287,9
7288,5
7289,180
7290,9
7291,1300
7292,18
7293,132
7294,8000
7295,29.4
7296,240
7297,150
7298,272
7299,65.4
7300,48
7301,47/80
7302,15
7303,45
7304,20625
7305,20
7306,360
7307,480
7308,240
7309,0.7
7310,70
7311,2.5
7312,64
7313,240
7314,109.85
7315,28.26
7316,25
7317,251.2
7318,5088
7319,452.16
7320,39
7321,50
7322,30
7323,500
7324,93.3
7325,3
7326,4000
7327,0.2
7328,1500
7329,18.8
7330,12
7331,240
7332,0.785
7333,750
7334,3600
7335,181
7336,2460
7337,35.36
7338,9
7339,1385
7340,45.475
7341,50
7342,12
7343,2.5
7344,216
7345,500
7346,498
7347,408.25
7348,31.4
7349,270
7350,36
7351,22
7352,125
7353,75
7354,800
7355,840
7356,39.25
7357,254
7358,9
7359,245
7360,20
7361,940
7362,750
7363,6
7364,35
7365,37
7366,4000
7367,4000
7368,4000
7369,72
7370,12
7371,3
7372,480
7373,48
7374,20
7375,4_4/9
7376,1/8
7377,53.864
7378,50
7379,908.32
7380,5200
7381,500
7382,400
7383,30
7384,5
7385,3.14
7386,256
7387,1250
7388,5
7389,142.5
7390,6
7391,7.5
7392,20
7393,314
7394,240
7395,440
7396,976
7397,84
7398,16
7399,60
7400,60
7401,4.8
7402,8
7403,24
7404,5
7405,720
7406,5
7407,25
7408,0.9138
7409,300
7410,98
7411,4
7412,75
7413,150
7414,60
7415,4
7416,1
7417,150
7418,200
7419,2
7420,74
7421,4.9
7422,9
7423,90
7424,170
7425,147
7426,54
7427,18
7428,80
7429,3600
7430,95%
7431,480
7432,34
7433,5
7434,17
7435,120
7436,79
7437,27
7438,20
7439,6
7440,720
7441,4
7442,240
7443,0.075
7444,20
7445,1.5
7446,18
7447,180
7448,7200
7449,7500
7450,12.56
7451,25
7452,3
7453,170
7454,4
7455,52
7456,60%
7457,36
7458,3.44
7459,5
7460,500
7461,360
7462,64
7463,3500
7464,17.5
7465,270
7466,600
7467,80
7468,1250
7469,25
7470,314
7471,4
7472,40
7473,0.2
7474,153
7475,9
7476,420
7477,4
7478,55
7479,5.12
7480,31
7481,48
7482,280
7483,90
7484,3600
7485,390
7486,404
7487,27
7488,10
7489,3520
7490,15
7491,1337
7492,56
7493,90
7494,90
7495,24
7496,9
7497,475
7498,0.33
7499,45
7500,70.46
7501,3
7502,3
7503,3
7504,1800
7505,213
7506,28
7507,1568
7508,25
7509,90
7510,3_3/7
7511,900
7512,2350
7513,35
7514,130
7515,375
7516,69
7517,835
7518,3
7519,2
7520,1450
7521,460
7522,47.1
7523,16
7524,744
7525,96
7526,5340
7527,675000
7528,5
7529,5
7530,40
7531,30
7532,8
7533,400
7534,2960
7535,479.92
7536,180
7537,40
7538,40
7539,7
7540,70
7541,13.5
7542,1224
7543,30
7544,75
7545,251.2
7546,36
7547,87.92
7548,675
7549,47.1
7550,80
7551,341.8
7552,28
7553,70
7554,19
7555,840
7556,33
7557,1800
7558,36
7559,9
7560,30
7561,5
7562,200
7563,75
7564,40
7565,576
7566,93
7567,8
7568,930
7569,960
7570,8
7571,9
7572,25.72
7573,16
7574,36000
7575,3
7576,4
7577,87.92
7578,40
7579,2/3
7580,200
7581,58
7582,31.9
7583,270
7584,1500
7585,900
7586,3.75
7587,40
7588,40
7589,92
7590,25
7591,17
7592,20
7593,5
7594,25
7595,3075
7596,77
7597,106
7598,18
7599,45
7600,6
7601,4
7602,115.2
7603,16
7604,9
7605,160
7606,5.12
7607,125
7608,40
7609,21
7610,80
7611,7
7612,42
7613,96
7614,2.352
7615,1.44
7616,2
7617,8
7618,54
7619,48
7620,24
7621,12
7622,45
7623,9
7624,0.8
7625,216
7626,256
7627,57.5
7628,36.5
7629,0.6
7630,6.36
7631,3.8
7632,27
7633,200
7634,90
7635,85%
7636,800
7637,14
7638,200
7639,81
7640,27
7641,0.8
7642,7/8
7643,7
7644,20
7645,19
7646,72.8
7647,18
7648,1/2
7649,1/7
7650,2240
7651,2950
7652,0.03
7653,2.4
7654,36
7655,2400
7656,9/20
7657,64
7658,20
7659,9.6
7660,1440
7661,31.8
7662,7/5
7663,3/8
7664,2
7665,2/5
7666,1/6
7667,5500
7668,9
7669,59
7670,23
7671,42
7672,8
7673,8
7674,7
7675,505
7676,5
7677,2304
7678,2
7679,17
7680,17
7681,3968
7682,6000
7683,7
7684,180
7685,42
7686,800
7687,215
7688,9/35
7689,36
7690,1800
7691,4
7692,8280
7693,3
7694,3
7695,5340
7696,9_3/5
7697,3
7698,5
7699,26
7700,5
7701,260
7702,7
7703,9.5
7704,13.35
7705,9.4
7706,3015
7707,90
7708,28
7709,180
7710,72
7711,1/4
7712,15
7713,13/24
7714,3
7715,48
7716,49
7717,6.5
7718,3/24
7719,120
7720,7
7721,53.44
7722,87
7723,90
7724,1350
7725,7
7726,1/2
7727,2.4
7728,228
7729,5
7730,140
7731,882
7732,7.5
7733,0.3
7734,200
7735,33.75
7736,19
7737,6
7738,140
7739,180
7740,84
7741,135
7742,36
7743,85
7744,800
7745,180
7746,42
7747,30
7748,204
7749,73
7750,3_1/3
7751,700
7752,1.8
7753,520
7754,0.5
7755,3
7756,35
7757,720
7758,135
7759,2/3
7760,4
7761,7.4
7762,400
7763,27
7764,5
7765,6
7766,6
7767,33200
7768,20
7769,288
7770,180
7771,2865
7772,37/20
7773,400
7774,48
7775,432
7776,1398
7777,35
7778,10
7779,60
7780,8.02
7781,540
7782,30
7783,2
7784,240
7785,11
7786,19
7787,360
7788,180
7789,150
7790,448.25
7791,27
7792,170
7793,3/7
7794,7
7795,15
7796,15
7797,1/6
7798,1260
7799,480
7800,375
7801,90
7802,4000
7803,3/4
7804,30
7805,36
7806,50
7807,139
7808,300
7809,20
7810,3.2
7811,72
7812,0.375
7813,30
7814,8
7815,30
7816,3/5
7817,14
7818,240
7819,255
7820,50
7821,9/10
7822,4726
7823,936
7824,0.1
7825,37
7826,50%
7827,1/5
7828,800
7829,45
7830,72
7831,630
7832,27
7833,23
7834,9.3
7835,27
7836,7/20
7837,7
7838,600
7839,30
7840,84
7841,6/21
7842,5
7843,27
7844,75
7845,30/7
7846,7
7847,180
7848,45
7849,320
7850,够
7851,3/4
7852,570
7853,7
7854,16
7855,5/8
7856,4
7857,2.3
7858,72
7859,300
7860,3
7861,5/8
7862,288
7863,3
7864,18.6
7865,47
7866,300
7867,18
7868,4
7869,3
7870,180
7871,3/4
7872,15
7873,12.6
7874,28
7875,2/5
7876,4
7877,2
7878,250
7879,13
7880,3/4
7881,150
7882,62.5
7883,7/10
7884,5/60
7885,3/5
7886,96
7887,11/18
7888,24
7889,3
7890,8
7891,2
7892,6
7893,390
7894,123
7895,121
7896,7953
7897,25
7898,300
7899,8
7900,12
7901,9
7902,5
7903,20
7904,5.42
7905,18
7906,624
7907,180
7908,24/7
7909,1/2
7910,8
7911,20
7912,8
7913,79.2
7914,2925
7915,1/8
7916,10
7917,96
7918,1/5
7919,864
7920,9/20
7921,2.5
7922,0.25
7923,1/2
7924,7
7925,216
7926,150
7927,360
7928,4
7929,960
7930,50
7931,90
7932,4/5
7933,32
7934,87
7935,5/8
7936,6/5
7937,1/5
7938,1000
7939,8
7940,7
7941,7
7942,7/12
7943,7
7944,300
7945,42
7946,4
7947,15
7948,50
7949,35
7950,20
7951,20
7952,18
7953,18
7954,128
7955,86
7956,60
7957,2440
7958,2.5
7959,138
7960,37/30
7961,15
7962,350
7963,200
7964,7200
7965,6
7966,7
7967,18
7968,300
7969,47
7970,90
7971,4.5
7972,692
7973,100
7974,4
7975,280
7976,125
7977,5
7978,7
7979,1
7980,42
7981,392
7982,10
7983,3600
7984,35
7985,70
7986,5
7987,187.5
7988,420
7989,14400
7990,570
7991,64
7992,9
7993,1200
7994,193
7995,4
7996,180
7997,9100
7998,4/7
7999,42
