0,20000
1,37
2,12
3,4/15
4,6
5,150
6,600
7,4200
8,8.8
9,9
10,41
11,15
12,90
13,56
14,54
15,8172
16,16
17,18.7
18,322.5
19,10
20,30
21,7
22,100
23,54
24,390
25,53
26,24
27,16
28,942
29,1950
30,5.6
31,75
32,9
33,720
34,30
35,19/20
36,341
37,5
38,2_7/20
39,48
40,400
41,24
42,9
43,500
44,32
45,17
46,95
47,288
48,180
49,280
50,700
51,9
52,9250
53,280
54,782
55,120
56,160
57,4375
58,1008
59,4
60,13
61,902
62,300
63,1758
64,2
65,588
66,13996.4
67,240
68,3360
69,945
70,9
71,75.8
72,6400
73,5/8
74,200
75,3.8
76,318
77,1/4
78,24
79,294
80,3.5
81,27
82,8
83,696
84,260
85,20%
86,14
87,30
88,459
89,484
90,2.94
91,20
92,24
93,2750
94,1426
95,348.5
96,8
97,16
98,3
99,260
100,2496
101,400
102,3297.8
103,13
104,4
105,7
106,5/9
107,22750
108,11
109,3_1/3
110,2_2/5
111,1200
112,336
113,147
114,26
115,40
116,9230
117,603
118,144
119,124
120,1.54
121,13
122,2
123,69
124,4000
125,90%
126,400
127,1.2
128,116
129,870
130,7/9
131,5073
132,10
133,108
134,1680
135,9
136,695
137,500
138,4
139,93
140,80
141,29
142,144
143,25
144,8354.72
145,356
146,5
147,2520
148,5.76
149,9
150,2/9
151,384
152,20/3
153,480
154,7680
155,3/10
156,9
157,600
158,78
159,390
160,30
161,50
162,5
163,2.8
164,28
165,1350
166,280
167,300
168,9
169,180
170,3_1/4
171,6
172,168
173,144
174,2/3
175,14
176,52
177,9
178,8
179,14
180,40
181,75.36
182,12
183,27
184,45/8
185,650
186,5000
187,9
188,72
189,13
190,275
191,75.36
192,10245
193,900
194,1200
195,2034
196,696
197,28.26
198,360
199,248
200,475
201,262
202,12
203,7/20
204,5
205,40
206,4/9
207,7
208,38
209,8061
210,6
211,79.5
212,3198
213,31590
214,6
215,6375
216,40
217,5
218,63648
219,2
220,5
221,333
222,20
223,8
224,80
225,1872
226,42
227,9
228,1/7
229,18
230,17
231,373
232,3025
233,207
234,684
235,405
236,781
237,4200
238,5/18
239,205
240,1000
241,100
242,5/8
243,5475
244,162
245,3/5
246,259
247,25/24
248,230
249,9
250,27.6
251,75
252,3175.5
253,1710
254,1230
255,7500
256,1536
257,6
258,490
259,5
260,2400
261,960
262,40
263,480
264,4.8
265,6
266,11/24
267,400
268,42
269,9
270,25000
271,11760
272,75
273,12
274,520
275,2705
276,27
277,7.2
278,32
279,2100
280,50.24
281,8
282,5.2
283,736
284,59
285,18
286,240
287,879
288,48
289,2775
290,948
291,5
292,2
293,540
294,16
295,23
296,7560
297,3
298,4
299,90
300,208
301,29/20
302,3
303,8
304,81
305,7850
306,9
307,20
308,60
309,7
310,125.6
311,390
312,32
313,2/7
314,36
315,80
316,40
317,324
318,900
319,1/3
320,9
321,432
322,3/8
323,37/40
324,3/5
325,4
326,3600
327,77.5
328,704
329,12
330,10787.5
331,434000
332,16000
333,300
334,4/7
335,996
336,15
337,546
338,6
339,1000
340,20
341,90
342,21
343,9
344,125
345,37
346,48
347,3
348,425
349,24
350,32
351,600
352,437
353,159
354,180
355,170
356,387
357,13
358,2500
359,4
360,5024
361,6280
362,25
363,9
364,15
365,540
366,9/35
367,24
368,1/8
369,299
370,150
371,94
372,10
373,7
374,36
375,1800
376,401
377,2.512
378,4369
379,3
380,70
381,39
382,2/5
383,6960
384,57875
385,92
386,75
387,65.94
388,500
389,20
390,7
391,1260
392,720
393,750
394,62.8
395,100
396,450
397,9
398,6492
399,12
400,134
401,136
402,964
403,3
404,794
405,32
406,14
407,4/15
408,10
409,3.14
410,12
411,6
412,1/8
413,800
414,10
415,75
416,65
417,8
418,1320
419,6
420,2/3
421,1
422,315
423,2
424,0.96
425,12.6
426,9
427,2560
428,109
429,300
430,580
431,1200
432,352
433,94
434,12960
435,34
436,528
437,44
438,2.65
439,5400
440,3/8
441,39
442,410
443,87.5
444,74
445,990
446,3/5
447,0.45
448,20
449,1920
450,566
451,68
452,4%
453,10
454,30
455,133
456,1080
457,60
458,76
459,390
460,24
461,2400
462,34
463,744
464,6
465,1470
466,235
467,92
468,21
469,30
470,12
471,20
472,700
473,125.6
474,12
475,9
476,606
477,5
478,192
479,297
480,32
481,533
482,7/30
483,3.2
484,75
485,280
486,96
487,216
488,15
489,1252
490,3
491,96
492,260
493,34.88
494,440
495,2138.16
496,5760
497,1440
498,80
499,1344
500,272
501,700
502,960
503,75
504,925
505,742
506,150
507,720
508,2826
509,39
510,264
511,15
512,17/40
513,5
514,120
515,61
516,984
517,0.5
518,1/2
519,300
520,46
521,8
522,355
523,900
524,5/8
525,200
526,200
527,98
528,120
529,157
530,120
531,2
532,90
533,48.6
534,3
535,450
536,14.4
537,5
538,7
539,80
540,275
541,1
542,216
543,3600
544,44
545,40
546,0.2
547,70
548,5
549,120
550,1370
551,34.54
552,208
553,9
554,1250
555,750
556,11
557,37
558,7.065
559,12.56
560,1.4
561,6
562,9
563,125
564,59
565,30
566,2770
567,287
568,960
569,2550
570,28.4
571,18.8
572,10900
573,18
574,2500
575,49.89
576,4
577,2
578,125
579,240
580,1400
581,7
582,438
583,480
584,12
585,9
586,25
587,30
588,50
589,360
590,72
591,16
592,320
593,0.4
594,4
595,28.26
596,0.9
597,930
598,208
599,45000
600,784
601,1.8
602,4
603,100
604,75
605,2/5
606,8
607,7.5
608,5
609,62
610,90
611,7
612,156
613,27
614,13.2
615,7800
616,174.3
617,20
618,3.765
619,90
620,99.4
621,70
622,400
623,114
624,143
625,20
626,700
627,42
628,376
629,36
630,30
631,314
632,3_1/3
633,2000
634,17160
635,94%
636,90%
637,62.5%
638,94%
639,90
640,30
641,40
642,45
643,32
644,1350
645,8
646,2
647,26
648,215
649,384
650,280
651,30
652,15
653,25
654,95%
655,49
656,40
657,97.5%
658,1.5
659,94%
660,54
661,500
662,966.25
663,25%
664,60
665,1079.5
666,50
667,20
668,2
669,9
670,25
671,300
672,32
673,32
674,5.2
675,94%
676,7
677,6
678,98%
679,98%
680,1
681,460
682,480
683,450
684,56
685,42
686,4800
687,150
688,360
689,35
690,320
691,1500
692,81
693,9
694,20
695,444
696,38.4
697,20
698,19/40
699,47
700,48
701,48
702,4
703,2
704,9
705,3
706,94%
707,5/8
708,20
709,75
710,2000
711,28
712,2.4
713,0.3
714,10%
715,1000
716,240
717,960
718,48
719,48
720,150
721,90.384
722,120
723,40
724,20
725,42.5
726,420
727,117
728,300
729,400
730,240
731,30
732,32
733,150
734,23
735,135
736,28
737,50
738,84
739,160
740,95%
741,4
742,3/8
743,5.2
744,300
745,4800
746,100
747,153.2
748,27
749,372
750,3
751,94
752,40
753,10
754,78
755,250
756,8
757,72
758,15
759,400
760,300
761,48
762,219.5
763,538
764,49
765,1200
766,21972
767,3
768,2000
769,50
770,901
771,39
772,103
773,30
774,2000
775,28
776,7536
777,180
778,384
779,8
780,3
781,3680
782,3_200
783,7
784,1200
785,170
786,157
787,8
788,350
789,132
790,98%
791,270
792,725
793,75
794,168.97
795,2800
796,10
797,96
798,4
799,528
800,83.5
801,58
802,40
803,78
804,40
805,37
806,250
807,72
808,5
809,24
810,3.4
811,6
812,2
813,75.36
814,25
815,4000
816,2000
817,12
818,8
819,90
820,140
821,1200
822,92
823,80
824,125.6
825,1050
826,137
827,25
828,2.4
829,40
830,340
831,400
832,4
833,27.5
834,98
835,1760
836,50
837,16
838,28
839,5
840,10
841,3/4
842,4
843,496
844,546
845,134
846,8
847,42
848,340
849,5
850,300
851,5500
852,39
853,12
854,30
855,0.98
856,47.5
857,160
858,9
859,30
860,23
861,450
862,48
863,2/7
864,24
865,11
866,750
867,25
868,30
869,5
870,13.2
871,960
872,9
873,59
874,38
875,30
876,9375
877,12.5%
878,87.92
879,31.4%
880,80
881,3_1/3
882,30
883,8
884,29
885,40
886,140
887,4710
888,18
889,37
890,2.5
891,72
892,73.6
893,57.2
894,32
895,8
896,295
897,10
898,48
899,24
900,4000
901,207000
902,4
903,225
904,20
905,3000
906,300
907,90
908,26
909,3.14
910,4
911,6.00
912,300
913,5
914,6.2
915,370
916,5024
917,343
918,94.2
919,4
920,200
921,3
922,7
923,96%
924,200
925,192
926,96%
927,270
928,24
929,8
930,30000
931,30000
932,120
933,08
934,6
935,250
936,90
937,150
938,7.56
939,13
940,72
941,9
942,204
943,24
944,8
945,1/12
946,176
947,5
948,270
949,48
950,0.6
951,48
952,48
953,200
954,54
955,12
956,16
957,3
958,10000
959,13
960,6
961,8
962,640
963,32100
964,16
965,24
966,15
967,5.4
968,45
969,1/15
970,145.6
971,10
972,3486
973,942
974,41
975,18
976,70
977,8
978,38.45
979,820
980,154.3
981,4680
982,30
983,456
984,3.5%
985,74
986,97
987,12
988,3
989,730
990,9
991,2520
992,573
993,603
994,0.5%
995,2036
996,1/9
997,90
998,72
999,2/5
1000,6.28
1001,200
1002,168
1003,45
1004,6
1005,10%
1006,100
1007,10
1008,93600
1009,7/8
1010,2.5
1011,147
1012,312.5
1013,4%
1014,3
1015,80
1016,15
1017,20
1018,70
1019,4/3
1020,8
1021,40%
1022,31.25%
1023,62.8
1024,54
1025,42000
1026,13000
1027,1/4
1028,47
1029,96
1030,20
1031,203
1032,28
1033,12
1034,200
1035,150
1036,0.36
1037,30
1038,400
1039,52
1040,48/13
1041,400
1042,2
1043,3.2
1044,38.2
1045,343
1046,3/4
1047,108
1048,29
1049,375
1050,45
1051,25
1052,240
1053,20
1054,10
1055,1
1056,24
1057,188.4
1058,3/16
1059,512
1060,39
1061,9
1062,4.63
1063,5.5
1064,18
1065,20
1066,32
1067,5
1068,40
1069,45
1070,55
1071,18.75
1072,92
1073,28
1074,1/5
1075,3928
1076,15
1077,204
1078,0.6
1079,360
1080,2400
1081,105
1082,25
1083,9
1084,13
1085,7.4
1086,3/20
1087,420
1088,4/9
1089,0.144
1090,240
1091,45
1092,10250
1093,160
1094,4296
1095,18
1096,1440
1097,5/8
1098,27
1099,60
1100,3/7
1101,16
1102,411
1103,20
1104,202
1105,2/5
1106,94.3
1107,32
1108,20
1109,20
1110,27
1111,2.5
1112,3.8
1113,50%
1114,400
1115,68
1116,1
1117,75
1118,4
1119,8
1120,15
1121,30
1122,20
1123,12
1124,47
1125,4000
1126,120
1127,1.8
1128,1000
1129,0.01
1130,1.54
1131,9
1132,30
1133,550
1134,128
1135,20
1136,30.24
1137,10
1138,480
1139,256
1140,900
1141,30
1142,9
1143,225
1144,12
1145,6
1146,200
1147,780
1148,504
1149,41.3
1150,4.7
1151,12
1152,11/18
1153,770
1154,4
1155,270
1156,9
1157,10
1158,950
1159,4
1160,21
1161,4
1162,240
1163,45
1164,14850
1165,9
1166,11
1167,18
1168,78
1169,18
1170,15.7%
1171,900
1172,360
1173,40
1174,15
1175,98%
1176,2.5
1177,2.4
1178,7000
1179,180
1180,3
1181,270
1182,18
1183,45
1184,170
1185,300
1186,8
1187,499
1188,599
1189,499
1190,5000
1191,180
1192,270
1193,37500
1194,72
1195,20%
1196,15
1197,47.5
1198,396
1199,314
1200,480
1201,5/3
1202,19
1203,25%
1204,5.1
1205,14
1206,22
1207,428
1208,8
1209,5
1210,1
1211,300
1212,432
1213,30%
1214,45
1215,160
1216,45
1217,30
1218,30
1219,800
1220,80%
1221,50
1222,3.75
1223,171.6
1224,2.5
1225,25
1226,28.26
1227,2400
1228,18
1229,90
1230,6.4
1231,6.4
1232,54
1233,512
1234,150
1235,94.2
1236,38
1237,70
1238,45
1239,30
1240,30%
1241,12
1242,800
1243,480
1244,49
1245,420
1246,70
1247,63
1248,52
1249,180
1250,39
1251,45
1252,35
1253,14
1254,36
1255,8
1256,30
1257,38
1258,24
1259,16
1260,53
1261,22
1262,4
1263,37
1264,6
1265,36
1266,6
1267,23
1268,23
1269,18
1270,55
1271,53
1272,30
1273,26
1274,45
1275,9
1276,78
1277,7
1278,104
1279,24
1280,81
1281,51
1282,94
1283,24
1284,48
1285,46
1286,49
1287,35
1288,27
1289,48
1290,9
1291,5
1292,29
1293,10
1294,30
1295,7
1296,10
1297,3
1298,8
1299,6
1300,5
1301,20
1302,6
1303,5
1304,6
1305,6
1306,4
1307,5
1308,8
1309,8
1310,7
1311,10
1312,3
1313,36
1314,8
1315,11
1316,27
1317,6
1318,3
1319,9
1320,8
1321,18
1322,70
1323,31
1324,22
1325,72
1326,25
1327,7
1328,4
1329,10
1330,30
1331,8
1332,72
1333,23
1334,5
1335,35
1336,54
1337,8
1338,21
1339,5
1340,70
1341,24
1342,6
1343,7
1344,34
1345,84
1346,31
1347,33
1348,24
1349,12
1350,25
1351,16
1352,19
1353,28
1354,29
1355,150
1356,108
1357,75.36
1358,160
1359,500
1360,144
1361,1392
1362,60000
1363,7/9
1364,42
1365,4/5
1366,10
1367,9
1368,7536
1369,30
1370,64
1371,54
1372,335
1373,60
1374,39.75
1375,43/70
1376,2500
1377,23
1378,6500
1379,8.4
1380,27
1381,138.16
1382,300
1383,84
1384,456
1385,14
1386,12
1387,3
1388,150
1389,4.7
1390,24
1391,48
1392,48000
1393,18
1394,40
1395,16
1396,4
1397,100
1398,97
1399,780
1400,6
1401,180
1402,640
1403,30
1404,24
1405,5
1406,3
1407,40
1408,987
1409,125
1410,140
1411,2000
1412,800
1413,38
1414,304
1415,960
1416,29700
1417,3
1418,264
1419,33
1420,29/12
1421,23.4
1422,33.4
1423,7
1424,0.08
1425,15
1426,9
1427,4
1428,504
1429,7
1430,30
1431,20
1432,3
1433,78
1434,2.5
1435,49.1
1436,220
1437,31.84
1438,72.9
1439,8.4
1440,56
1441,10
1442,105
1443,96
1444,36
1445,8
1446,29750
1447,299
1448,2.3
1449,4
1450,44
1451,9.04
1452,216
1453,437
1454,48
1455,40
1456,99
1457,45
1458,14
1459,9
1460,3600
1461,560
1462,184
1463,90
1464,8
1465,310
1466,57
1467,420
1468,10
1469,2.7
1470,131
1471,97
1472,3.5
1473,32
1474,26
1475,9
1476,50
1477,7200
1478,300
1479,24
1480,0.5
1481,8000
1482,24
1483,4
1484,3
1485,4
1486,10
1487,27
1488,8
1489,56
1490,2
1491,27
1492,30
1493,7025
1494,48
1495,4
1496,7
1497,7
1498,10.2
1499,2370
1500,94
1501,2
1502,203
1503,4
1504,571
1505,30
1506,43
1507,27
1508,30.8
1509,390
1510,945
1511,20
1512,4.8
1513,187.5
1514,72
1515,276
1516,36
1517,1.6
1518,2025
1519,20
1520,60
1521,48
1522,390
1523,5
1524,206
1525,4
1526,240
1527,3
1528,32
1529,820
1530,810
1531,30
1532,10
1533,87.5
1534,4200
1535,4
1536,2.5
1537,34
1538,1/20
1539,160
1540,128
1541,150.72
1542,27
1543,48
1544,7
1545,300
1546,230
1547,11
1548,1
1549,18
1550,39
1551,49
1552,4300
1553,3000
1554,4
1555,753.6
1556,3.768
1557,3
1558,4
1559,20
1560,8000
1561,25
1562,10
1563,81
1564,700
1565,25
1566,300
1567,24
1568,5200
1569,9
1570,3900
1571,8
1572,15.7
1573,7
1574,52
1575,200
1576,904.32
1577,70
1578,248
1579,302.4
1580,125
1581,64
1582,125
1583,200
1584,127
1585,720
1586,300
1587,100
1588,27
1589,2400
1590,73
1591,96
1592,96
1593,200
1594,120
1595,34
1596,5.2
1597,23.4%
1598,128
1599,170
1600,30
1601,200
1602,30
1603,804
1604,16
1605,70%
1606,1236
1607,72
1608,18
1609,25.12
1610,20035.2
1611,200.96
1612,750
1613,409.6
1614,37.68
1615,56
1616,559
1617,40
1618,375
1619,368
1620,55
1621,75
1622,48
1623,120
1624,240
1625,394.2
1626,20
1627,2500
1628,1_1/2
1629,14
1630,2400
1631,5
1632,35
1633,4/3
1634,85
1635,24
1636,8
1637,27
1638,20
1639,2.4
1640,72
1641,2.3
1642,1320
1643,720
1644,59.4
1645,100
1646,24.56
1647,125
1648,576
1649,15
1650,1770
1651,75
1652,10
1653,15
1654,84%
1655,253.6
1656,12
1657,2400
1658,47
1659,2
1660,202
1661,4
1662,2
1663,14
1664,3.2
1665,2
1666,34
1667,990
1668,1250
1669,3.82
1670,3/10
1671,114527
1672,1300
1673,32
1674,70
1675,108
1676,200
1677,3
1678,48
1679,2000
1680,27
1681,4000
1682,138
1683,1800
1684,3
1685,25
1686,150
1687,480
1688,1570
1689,100
1690,1440
1691,16
1692,12
1693,2
1694,25.12
1695,480
1696,104
1697,5
1698,15
1699,8
1700,34
1701,20
1702,6.86
1703,3
1704,30
1705,0.2
1706,4/3
1707,18
1708,300
1709,10
1710,480
1711,3
1712,6000
1713,40
1714,2800
1715,9
1716,6
1717,450
1718,18
1719,720
1720,3/4
1721,35.48
1722,12
1723,96
1724,282.6
1725,19
1726,30
1727,502.4
1728,8
1729,875
1730,1
1731,5
1732,88
1733,42.5
1734,25
1735,180
1736,30
1737,150
1738,230
1739,3024
1740,27
1741,42
1742,50
1743,1380
1744,40
1745,10
1746,120
1747,25.12
1748,32
1749,3520
1750,114
1751,300
1752,9
1753,1.74
1754,25
1755,45
1756,9
1757,1200
1758,15.7
1759,100
1760,17
1761,192
1762,32.13
1763,237
1764,5
1765,75
1766,50
1767,30
1768,36
1769,8
1770,2.5
1771,240
1772,200
1773,3000
1774,4
1775,200
1776,320
1777,250
1778,11920
1779,920
1780,50
1781,9
1782,1170
1783,1800
1784,64
1785,2
1786,9
1787,5
1788,864
1789,6
1790,600
1791,250
1792,28
1793,11460
1794,5
1795,22
1796,5
1797,240
1798,24
1799,325
1800,4
1801,3/8
1802,3360
1803,3.2
1804,300
1805,189.28
1806,7200
1807,28
1808,200
1809,8
1810,660
1811,3
1812,75.36
1813,2
1814,8
1815,108
1816,8
1817,5
1818,126
1819,36
1820,7056
1821,27
1822,120
1823,9
1824,5376
1825,240
1826,10
1827,5
1828,80
1829,235.5
1830,40
1831,3
1832,60
1833,5900
1834,252
1835,139.2
1836,1458
1837,3
1838,60
1839,2
1840,360
1841,2
1842,12
1843,4
1844,7
1845,75.36
1846,45
1847,706
1848,9
1849,3000
1850,828
1851,37.44
1852,45
1853,1035
1854,3
1855,12
1856,1800
1857,7500
1858,50
1859,19
1860,137.5
1861,0.5
1862,96
1863,12
1864,8
1865,7
1866,475
1867,5
1868,36
1869,7040
1870,630
1871,20
1872,5400
1873,7040
1874,3
1875,13
1876,24
1877,6
1878,108
1879,48
1880,9.42
1881,7.27
1882,6
1883,3568
1884,1096
1885,8
1886,4
1887,12
1888,270
1889,8
1890,16
1891,52%
1892,54
1893,23.58
1894,150
1895,512
1896,0.1
1897,3
1898,4
1899,72
1900,9
1901,32
1902,36
1903,3.6
1904,3
1905,96
1906,420
1907,300
1908,27
1909,20
1910,22.5
1911,1469
1912,12
1913,12
1914,1.3
1915,180
1916,18
1917,11
1918,17
1919,96
1920,10
1921,488
1922,11
1923,504
1924,13
1925,18
1926,12
1927,72
1928,5
1929,200.96
1930,20
1931,2
1932,40
1933,720
1934,780
1935,8
1936,180
1937,37.68
1938,11
1939,40
1940,400
1941,2.2
1942,62.8
1943,6000
1944,25.7
1945,24
1946,2370
1947,250
1948,24
1949,30
1950,20%
1951,7
1952,6
1953,4
1954,2
1955,4900
1956,7
1957,224
1958,34.54
1959,30
1960,20
1961,0.1
1962,3740
1963,7.5
1964,3800
1965,728
1966,242
1967,352
1968,42.5
1969,57
1970,89
1971,4.2
1972,3
1973,0.34
1974,12
1975,42
1976,1.8
1977,60
1978,90
1979,9
1980,750
1981,25
1982,13.4
1983,27
1984,7
1985,90
1986,200
1987,2/3
1988,60
1989,730
1990,201
1991,7
1992,789
1993,231.8
1994,22
1995,4605
1996,200
1997,12
1998,138
1999,2
2000,12
2001,168
2002,8
2003,81
2004,10
2005,30
2006,265
2007,885
2008,1000
2009,621
2010,8
2011,48
2012,3600
2013,2
2014,20
2015,180
2016,14
2017,1
2018,2.5
2019,400
2020,130
2021,84
2022,500
2023,400
2024,15
2025,23.8
2026,900
2027,14
2028,3
2029,15%
2030,25%
2031,4
2032,7
2033,30
2034,2160
2035,2300
2036,720
2037,720
2038,384
2039,0.75
2040,0.8
2041,380.2
2042,245.6
2043,6
2044,0.8
2045,7
2046,240
2047,30
2048,8
2049,20
2050,2
2051,1097
2052,216
2053,401.6
2054,10
2055,50.24
2056,39
2057,90
2058,3.6
2059,190000
2060,300
2061,42
2062,不够
2063,12
2064,24
2065,70
2066,2400
2067,400
2068,28.26
2069,315
2070,42
2071,260
2072,3
2073,9
2074,58
2075,70
2076,730
2077,49
2078,480
2079,2000
2080,3.3
2081,22
2082,35
2083,12
2084,3.75
2085,80
2086,376.8
2087,54
2088,900
2089,1750
2090,128
2091,108
2092,20000
2093,900
2094,705
2095,565.96
2096,314
2097,48
2098,5
2099,5
2100,840
2101,2000
2102,5
2103,16
2104,96
2105,38
2106,20
2107,96
2108,2520
2109,2656
2110,200
2111,8
2112,32
2113,19.84
2114,32
2115,522
2116,7.5
2117,200
2118,6280
2119,336
2120,9
2121,928
2122,349.2
2123,78.5
2124,2.4
2125,1
2126,830
2127,99
2128,360
2129,270
2130,3
2131,300
2132,5
2133,4290
2134,7
2135,1853
2136,23
2137,9
2138,14
2139,12
2140,3
2141,8
2142,12
2143,12
2144,1
2145,9
2146,1344
2147,24
2148,5/8
2149,75
2150,455.2
2151,40.7536
2152,4
2153,65.36
2154,727
2155,13
2156,9.5
2157,1200
2158,18
2159,28.26
2160,23
2161,480
2162,84
2163,30
2164,22
2165,40
2166,440
2167,290
2168,5
2169,3
2170,2
2171,4
2172,13%
2173,11183
2174,7
2175,12.8%
2176,65%
2177,4
2178,320
2179,48
2180,7850
2181,240
2182,715
2183,7
2184,846
2185,120
2186,25
2187,441
2188,912
2189,30
2190,9
2191,6
2192,30
2193,56
2194,2
2195,3400
2196,24
2197,1
2198,20
2199,13
2200,70
2201,384
2202,3600
2203,14400
2204,3
2205,7
2206,15
2207,24
2208,20
2209,210
2210,496
2211,40.32
2212,135
2213,37.68
2214,1.12
2215,10
2216,9
2217,242
2218,9
2219,20
2220,1080
2221,4050
2222,490
2223,33
2224,20.4
2225,375
2226,3.6
2227,80
2228,75.36
2229,2500
2230,753.6
2231,4
2232,30
2233,9
2234,0.7
2235,2.28
2236,5
2237,52
2238,50
2239,2000
2240,1500
2241,130
2242,4
2243,5588
2244,45
2245,1.5
2246,6
2247,9
2248,4
2249,900
2250,1884
2251,96
2252,78
2253,12
2254,1440
2255,9
2256,20
2257,5625
2258,32
2259,7
2260,368
2261,16%
2262,22%
2263,15.4
2264,5
2265,95
2266,230
2267,22.5
2268,8
2269,64
2270,1
2271,150
2272,33
2273,50
2274,8
2275,75
2276,102
2277,320
2278,1
2279,4
2280,360
2281,736
2282,900
2283,1430
2284,3416
2285,48
2286,24
2287,15
2288,5
2289,280
2290,90
2291,45
2292,45
2293,40
2294,36
2295,38.14
2296,72
2297,9
2298,2
2299,62.8
2300,48
2301,2.7
2302,375
2303,30
2304,50.8
2305,5
2306,8
2307,50
2308,13
2309,8
2310,8
2311,6
2312,56
2313,500
2314,3250
2315,6
2316,930
2317,420
2318,2
2319,48
2320,75
2321,90
2322,96
2323,34
2324,75
2325,900
2326,1427
2327,35
2328,48
2329,13
2330,45
2331,29
2332,0.2
2333,3200
2334,9.8
2335,100
2336,12
2337,5
2338,639
2339,3
2340,20
2341,1400
2342,12
2343,58
2344,3/14
2345,98
2346,42
2347,96
2348,52
2349,397
2350,1200
2351,45
2352,210
2353,24
2354,150
2355,200
2356,0.03
2357,12
2358,75
2359,1233
2360,62.5%
2361,12
2362,448
2363,9
2364,476
2365,90
2366,20
2367,28.26
2368,1.5
2369,4
2370,90
2371,7
2372,0.4536
2373,84
2374,24
2375,38
2376,8
2377,7
2378,3
2379,3
2380,180
2381,24
2382,25
2383,1350
2384,370
2385,203
2386,203
2387,730
2388,14
2389,0.75
2390,90
2391,24
2392,210
2393,15
2394,15.6
2395,5
2396,8
2397,7
2398,350
2399,40%
2400,25.7
2401,28
2402,500
2403,4
2404,27
2405,32
2406,54
2407,2.8
2408,16
2409,15.7
2410,9
2411,50.24
2412,5
2413,6
2414,32
2415,200
2416,25.12
2417,350
2418,80
2419,20
2420,942
2421,400
2422,6
2423,4
2424,4.2
2425,360
2426,48
2427,8
2428,300
2429,7.2
2430,29
2431,48
2432,3
2433,4
2434,120
2435,18
2436,39.1
2437,76.0
2438,20
2439,12
2440,9
2441,239
2442,36
2443,5
2444,25
2445,8
2446,150
2447,245
2448,7
2449,59
2450,1650
2451,30
2452,50
2453,249.2
2454,80
2455,25
2456,25%
2457,176
2458,30
2459,1884
2460,90
2461,6
2462,5
2463,10
2464,53.38
2465,135
2466,135.04
2467,24
2468,29
2469,3760
2470,24
2471,42
2472,5
2473,120
2474,12
2475,80
2476,25
2477,7
2478,3
2479,60
2480,15
2481,3
2482,34
2483,2
2484,12.56
2485,600
2486,9
2487,420
2488,8
2489,8
2490,6
2491,8
2492,12
2493,3
2494,79
2495,534
2496,25
2497,14040
2498,3/8
2499,40
2500,198
2501,3
2502,2000
2503,30
2504,75%
2505,40
2506,4
2507,30
2508,243
2509,96
2510,2500
2511,157
2512,530
2513,37.68
2514,2.5
2515,80
2516,2
2517,20.072
2518,224.9
2519,5
2520,187.5
2521,5840
2522,38.45
2523,24/5
2524,12
2525,704
2526,30
2527,300
2528,40
2529,66
2530,15
2531,4
2532,45
2533,70
2534,30
2535,56.52
2536,2
2537,240
2538,1.4
2539,104
2540,4.8
2541,8
2542,10
2543,2
2544,300
2545,15
2546,1000
2547,30
2548,850
2549,22
2550,5
2551,5
2552,72
2553,20%
2554,7
2555,2.5
2556,300
2557,502.4
2558,3
2559,384
2560,32
2561,30
2562,9.2
2563,30
2564,4
2565,345
2566,98
2567,25.12
2568,2
2569,300
2570,300
2571,3160
2572,8
2573,4.5
2574,24
2575,60
2576,14
2577,79
2578,15.7
2579,4
2580,900
2581,12
2582,12
2583,52
2584,3.75
2585,4
2586,72
2587,5
2588,48
2589,18
2590,0.8
2591,13
2592,245
2593,220
2594,270
2595,300
2596,180
2597,21
2598,43.2
2599,50
2600,125
2601,336
2602,900
2603,39.6
2604,160
2605,30
2606,12
2607,40
2608,8
2609,9
2610,32
2611,12.56
2612,1344
2613,225
2614,3
2615,10
2616,124
2617,3000
2618,720
2619,4
2620,93.75%
2621,0.5
2622,3/5
2623,21
2624,3
2625,50.24
2626,50.24
2627,180
2628,75%
2629,200
2630,594
2631,60
2632,48
2633,73
2634,40
2635,125
2636,8
2637,14.2
2638,20
2639,5
2640,27
2641,5
2642,9
2643,600
2644,35
2645,128
2646,40
2647,48
2648,200
2649,480
2650,4
2651,12.56
2652,4
2653,216
2654,270
2655,2.7
2656,2
2657,5
2658,3
2659,21.3
2660,06
2661,80
2662,30
2663,3
2664,90
2665,1800
2666,353
2667,93.75%
2668,84
2669,44
2670,0.4
2671,300
2672,350
2673,44
2674,20
2675,35
2676,20
2677,2
2678,816
2679,309.6
2680,326
2681,4
2682,9
2683,36
2684,8
2685,2800
2686,25%
2687,8000
2688,18
2689,4
2690,190
2691,7800
2692,八
2693,197
2694,8.2
2695,10
2696,75.36
2697,530
2698,3
2699,24
2700,12
2701,12
2702,1200
2703,100
2704,9
2705,200
2706,5
2707,12
2708,6
2709,4
2710,50
2711,13
2712,40.7
2713,720
2714,2
2715,375
2716,75.36
2717,200
2718,24
2719,2.5
2720,2475
2721,1768
2722,1920
2723,1705
2724,20300
2725,18
2726,15
2727,50
2728,2234
2729,9
2730,13
2731,30
2732,5
2733,200
2734,3
2735,0.75
2736,5
2737,1
2738,10
2739,18
2740,2.7
2741,10
2742,37
2743,200
2744,36
2745,60
2746,27
2747,23
2748,270
2749,352
2750,24
2751,17
2752,1000
2753,8
2754,9
2755,120
2756,1.26
2757,200
2758,42
2759,35
2760,2
2761,984
2762,75
2763,432
2764,127
2765,18.7
2766,3
2767,5
2768,419
2769,5
2770,10
2771,42
2772,6
2773,20
2774,20
2775,24
2776,8
2777,14
2778,150
2779,340
2780,9_2/3
2781,30
2782,7
2783,4
2784,375
2785,7
2786,960
2787,86
2788,72
2789,9
2790,7
2791,4
2792,36
2793,32
2794,50
2795,100
2796,30.8
2797,4
2798,10
2799,7
2800,8
2801,1440
2802,7
2803,100
2804,870
2805,240
2806,30
2807,25
2808,25
2809,16
2810,19.24
2811,1304
2812,120
2813,5
2814,150.72
2815,1
2816,12
2817,36
2818,49
2819,230
2820,3.14
2821,110
2822,240
2823,7
2824,9
2825,78
2826,4160
2827,5
2828,250
2829,24
2830,23
2831,17
2832,13
2833,48
2834,508
2835,6
2836,17
2837,9600
2838,300
2839,50%
2840,200
2841,40
2842,35
2843,27
2844,190
2845,282.6
2846,40
2847,30
2848,904.32
2849,846
2850,11
2851,50.24
2852,3
2853,2
2854,30
2855,10%
2856,2
2857,28
2858,3
2859,8
2860,5500
2861,308
2862,7
2863,39
2864,8
2865,20
2866,10
2867,50
2868,47.1
2869,1000
2870,140
2871,3000
2872,1296
2873,5
2874,102.4
2875,750
2876,5
2877,25%
2878,910
2879,32
2880,5
2881,7200
2882,96
2883,30
2884,2
2885,4
2886,8
2887,1256
2888,1320
2889,251.2
2890,1950
2891,270
2892,5
2893,4
2894,250
2895,20%
2896,20
2897,259
2898,2490
2899,1375
2900,9
2901,529
2902,52
2903,9
2904,75
2905,132
2906,30
2907,4
2908,125.6
2909,300
2910,8
2911,13
2912,505
2913,66
2914,2
2915,320
2916,16
2917,150.72
2918,25
2919,399
2920,150
2921,16
2922,0.32
2923,6600
2924,2/5
2925,40
2926,12000
2927,9
2928,396
2929,8
2930,134
2931,16
2932,97
2933,25
2934,7
2935,753.6
2936,40
2937,78.5
2938,7
2939,4
2940,27000
2941,256
2942,1256
2943,78
2944,12
2945,240.5
2946,40
2947,314
2948,60
2949,365
2950,42
2951,3.2
2952,78
2953,75
2954,500
2955,112.5
2956,9
2957,9
2958,36
2959,9
2960,8
2961,20
2962,48
2963,39
2964,16.39
2965,32
2966,48
2967,180
2968,30
2969,280
2970,15
2971,20.72
2972,90
2973,30
2974,0.8
2975,12.5
2976,14.4
2977,62.8
2978,176
2979,40
2980,48
2981,97.2%
2982,8
2983,4000
2984,450
2985,470
2986,1.2
2987,5
2988,98
2989,2
2990,5.6
2991,1.6
2992,78.5
2993,378
2994,700
2995,32
2996,960
2997,195
2998,18
2999,15
3000,40
3001,240
3002,88
3003,62.8
3004,0.1
3005,30
3006,75
3007,28
3008,126.3
3009,226.08
3010,39.2
3011,1.2
3012,502.4
3013,1281
3014,3768
3015,300
3016,8
3017,200
3018,96
3019,120
3020,60
3021,25
3022,960
3023,800
3024,15
3025,96
3026,30
3027,4500
3028,3600
3029,144
3030,9
3031,742
3032,12
3033,18/5
3034,8
3035,80
3036,180
3037,8
3038,15%
3039,1
3040,1384
3041,3
3042,10
3043,3.75
3044,121
3045,15
3046,28
3047,1812
3048,8
3049,30
3050,3.2
3051,54
3052,48
3053,7
3054,28
3055,30
3056,400
3057,6
3058,305
3059,528.8
3060,1000
3061,732
3062,75.36
3063,75.36
3064,280
3065,40
3066,1600
3067,24
3068,140
3069,750
3070,120
3071,4140
3072,50%
3073,85
3074,4.3
3075,320
3076,35
3077,353.6
3078,30
3079,45
3080,42
3081,80
3082,2512
3083,0.24
3084,27
3085,54
3086,1396
3087,20
3088,5
3089,9
3090,98%
3091,108
3092,42
3093,48
3094,396
3095,179.6
3096,78
3097,3
3098,78.5
3099,3
3100,2.38
3101,5/8
3102,100
3103,30
3104,27
3105,30
3106,240
3107,450
3108,40
3109,11_1/3
3110,4
3111,360
3112,192
3113,160
3114,420
3115,1.2
3116,300
3117,298
3118,50
3119,45
3120,75.36
3121,313.6
3122,300
3123,27
3124,12
3125,150
3126,900
3127,280
3128,8
3129,400
3130,3300
3131,80
3132,10
3133,3.0
3134,2000
3135,56
3136,274.93
3137,244.9
3138,720
3139,48
3140,98%
3141,3000
3142,2
3143,27
3144,8
3145,368
3146,5
3147,90
3148,1.5
3149,489
3150,29
3151,30
3152,9
3153,50
3154,10
3155,120
3156,240
3157,0.4
3158,32
3159,12
3160,185.6
3161,520
3162,15360
3163,10%
3164,1.44
3165,48
3166,5
3167,38
3168,134
3169,7
3170,24
3171,20
3172,24
3173,39
3174,84
3175,40
3176,1689
3177,11
3178,624
3179,48
3180,3090
3181,36.3
3182,4
3183,5.3
3184,720
3185,204
3186,5.5
3187,28
3188,609
3189,15
3190,60
3191,147.5
3192,287
3193,60
3194,720
3195,30
3196,52
3197,6400
3198,1800
3199,486
3200,70
3201,120
3202,3600
3203,32
3204,89
3205,7
3206,400
3207,200
3208,53
3209,70
3210,120
3211,39.8
3212,72
3213,8
3214,9
3215,75
3216,600
3217,800
3218,20
3219,120
3220,8
3221,4
3222,27
3223,350
3224,360
3225,75
3226,160
3227,3
3228,30
3229,9
3230,2540
3231,384
3232,3600
3233,321
3234,40
3235,3060
3236,924
3237,3250
3238,275
3239,25
3240,238
3241,8430
3242,1300
3243,1360
3244,1600
3245,50
3246,1920
3247,372
3248,2000
3249,18000
3250,280
3251,78
3252,300
3253,1200
3254,30
3255,45
3256,12.5
3257,3
3258,8
3259,4
3260,2580
3261,8
3262,3
3263,20
3264,3
3265,9
3266,13
3267,430
3268,35
3269,186
3270,225
3271,24
3272,27
3273,8
3274,81
3275,336
3276,180
3277,35
3278,305
3279,625
3280,784
3281,5000
3282,6
3283,240
3284,908
3285,45
3286,25
3287,7
3288,50
3289,900
3290,250
3291,37
3292,180
3293,15
3294,52
3295,29
3296,84
3297,200
3298,1000
3299,204
3300,5
3301,27
3302,224
3303,123
3304,99
3305,11
3306,447
3307,477
3308,103
3309,39
3310,112
3311,740
3312,84
3313,9
3314,31
3315,7
3316,63
3317,315
3318,369
3319,2
3320,220
3321,54
3322,605
3323,27
3324,7680
3325,60
3326,200
3327,2375
3328,1425
3329,45
3330,80
3331,90
3332,250
3333,864
3334,420
3335,90
3336,207
3337,20
3338,448
3339,480
3340,200
3341,720
3342,95
3343,4
3344,97
3345,2
3346,100
3347,15
3348,2400
3349,198
3350,32
3351,12
3352,13
3353,48
3354,39
3355,2600
3356,784
3357,130
3358,60
3359,86
3360,220
3361,520
3362,186
3363,432
3364,45
3365,38
3366,77
3367,300
3368,101
3369,10
3370,1350
3371,12420
3372,976
3373,780
3374,743
3375,390
3376,7
3377,910
3378,300
3379,256
3380,27
3381,945
3382,90
3383,780
3384,1710
3385,78
3386,25
3387,15
3388,24
3389,45
3390,98
3391,432
3392,960
3393,60
3394,40
3395,130
3396,24
3397,35
3398,40
3399,100
3400,845
3401,90
3402,45
3403,52
3404,9
3405,47
3406,246
3407,50
3408,80
3409,20
3410,1000
3411,6
3412,27
3413,4650
3414,47
3415,240
3416,5
3417,5
3418,16
3419,1980
3420,56
3421,121
3422,552
3423,7940
3424,1420
3425,5
3426,1240
3427,432
3428,48
3429,25
3430,20
3431,38
3432,2300
3433,12
3434,70
3435,34.34
3436,3
3437,18
3438,40
3439,88
3440,1.25
3441,5.04
3442,70
3443,11
3444,1275
3445,540
3446,70
3447,3
3448,90
3449,96
3450,1400
3451,220
3452,5200
3453,4
3454,59
3455,128
3456,7
3457,28
3458,10
3459,3
3460,32
3461,2
3462,15
3463,3.92
3464,8
3465,7
3466,170
3467,180
3468,78
3469,400
3470,3.6
3471,9
3472,7
3473,516
3474,12
3475,3000
3476,19
3477,30
3478,8
3479,600
3480,860
3481,3
3482,24
3483,42
3484,800
3485,48
3486,30
3487,63
3488,296
3489,90
3490,20
3491,192
3492,13
3493,84
3494,100
3495,15
3496,9
3497,3.6
3498,3
3499,9
3500,6
3501,16
3502,50
3503,800
3504,4
3505,3120
3506,30
3507,70
3508,475
3509,32
3510,300
3511,420
3512,12
3513,9375
3514,31.75
3515,5760
3516,96
3517,6
3518,25
3519,3500
3520,192
3521,8
3522,24
3523,6
3524,81
3525,375
3526,40
3527,150
3528,2
3529,20
3530,4
3531,15
3532,19
3533,350
3534,0.2
3535,5
3536,9
3537,6
3538,192
3539,356
3540,45
3541,2400
3542,12180
3543,2800
3544,6
3545,5
3546,15
3547,1494
3548,588
3549,2000
3550,7
3551,75
3552,15
3553,3970
3554,205
3555,720
3556,20
3557,8
3558,750
3559,750
3560,374
3561,1400
3562,920
3563,9
3564,4.2
3565,163
3566,32
3567,5398
3568,1528
3569,1
3570,13
3571,10
3572,10
3573,35
3574,30
3575,2200
3576,37
3577,20
3578,18
3579,38
3580,4560
3581,76
3582,74
3583,42
3584,2025
3585,4
3586,50
3587,342
3588,6480
3589,14
3590,4000
3591,58
3592,57.6
3593,19
3594,30
3595,1760
3596,207
3597,7
3598,23
3599,8
3600,154
3601,7056
3602,74
3603,3024
3604,1500
3605,640
3606,40
3607,15
3608,20
3609,2
3610,12
3611,25
3612,849
3613,700
3614,945
3615,8
3616,504
3617,113
3618,64
3619,160
3620,120
3621,7
3622,450
3623,98
3624,15
3625,4000
3626,156
3627,54
3628,1080
3629,270
3630,1200
3631,920
3632,390
3633,13400
3634,3875
3635,100
3636,140
3637,467
3638,16
3639,380
3640,47
3641,8
3642,108
3643,4800
3644,25.4
3645,23
3646,24
3647,2450
3648,3
3649,225
3650,20
3651,9
3652,48
3653,290
3654,134
3655,6
3656,139
3657,1215
3658,70
3659,570
3660,24
3661,2450
3662,5
3663,54
3664,17
3665,493
3666,29
3667,408
3668,800
3669,1296
3670,3700
3671,2592
3672,13
3673,100
3674,9.5
3675,704
3676,4870
3677,12
3678,3.4
3679,5920
3680,840
3681,1800
3682,9
3683,6
3684,10
3685,87
3686,1824
3687,400
3688,1000
3689,384
3690,675
3691,4
3692,8
3693,38
3694,1158
3695,504
3696,50
3697,3
3698,950
3699,238
3700,1632
3701,40
3702,920
3703,5
3704,1350
3705,7
3706,4500
3707,108
3708,25
3709,44
3710,6
3711,73
3712,1810
3713,12
3714,480
3715,5
3716,10000
3717,509
3718,24
3719,684
3720,12
3721,294
3722,70
3723,72
3724,138750
3725,8
3726,8
3727,80
3728,12
3729,30
3730,1420
3731,84
3732,320
3733,38
3734,534
3735,200
3736,107
3737,3800
3738,403
3739,14000
3740,429
3741,1500
3742,712
3743,5370
3744,130
3745,450
3746,212
3747,8
3748,150
3749,12
3750,720
3751,105
3752,250
3753,288
3754,1404
3755,360
3756,37
3757,54
3758,3360
3759,5000
3760,5400
3761,104
3762,74
3763,6
3764,0.75
3765,118
3766,7
3767,2210
3768,300
3769,6
3770,51
3771,2160
3772,108
3773,9
3774,780
3775,11
3776,20000
3777,7
3778,7635
3779,7
3780,552
3781,10
3782,12
3783,170
3784,4
3785,20
3786,4390
3787,48
3788,414
3789,428
3790,0.65
3791,3470
3792,240
3793,74
3794,240
3795,98.4
3796,24
3797,36
3798,134
3799,94
3800,1100
3801,7.4
3802,7900
3803,3
3804,15
3805,84
3806,1643
3807,5000
3808,54
3809,8
3810,144
3811,144
3812,48
3813,100
3814,900
3815,48
3816,493
3817,25
3818,45
3819,36
3820,9150
3821,50
3822,36
3823,5
3824,120
3825,5
3826,36
3827,9
3828,576
3829,1770
3830,389
3831,86.4
3832,11200
3833,13
3834,180
3835,60
3836,896
3837,14
3838,45
3839,2940
3840,8100
3841,1232
3842,192
3843,1379
3844,2
3845,7
3846,7
3847,576
3848,30
3849,7250
3850,93
3851,256
3852,3
3853,56
3854,2592
3855,50
3856,576
3857,216
3858,455
3859,75
3860,960
3861,96
3862,140
3863,1440
3864,468
3865,3900
3866,3360
3867,375
3868,352
3869,5000
3870,10
3871,40
3872,20
3873,17280
3874,30
3875,5760
3876,54
3877,120
3878,750
3879,3000
3880,7.84
3881,5
3882,5
3883,3
3884,29
3885,4
3886,180
3887,32
3888,40
3889,1200
3890,144
3891,8
3892,1.34
3893,108
3894,12
3895,24
3896,270
3897,9
3898,13
3899,2
3900,5
3901,不能
3902,32
3903,4800
3904,2.5
3905,5
3906,144
3907,168
3908,10.5
3909,3.2
3910,410
3911,6
3912,91
3913,140
3914,15486
3915,5098
3916,1500
3917,20
3918,3360
3919,312
3920,30
3921,520
3922,2100
3923,27
3924,750
3925,5
3926,9
3927,270
3928,200
3929,270
3930,81
3931,4.08
3932,360
3933,39
3934,121
3935,50
3936,1500
3937,45
3938,731
3939,84236
3940,396
3941,1247
3942,7
3943,704
3944,12.8
3945,40
3946,300
3947,4
3948,40
3949,4
3950,780
3951,420
3952,5
3953,54
3954,462
3955,1600
3956,484
3957,9
3958,9
3959,20
3960,80
3961,54
3962,36
3963,375
3964,476
3965,408
3966,50
3967,8
3968,344
3969,12
3970,2
3971,65
3972,545
3973,92
3974,120
3975,45
3976,9
3977,20
3978,35
3979,30
3980,10
3981,145
3982,7
3983,360
3984,30
3985,2450
3986,53.5
3987,7
3988,344
3989,28
3990,1760
3991,4
3992,30240
3993,70
3994,1000
3995,13
3996,9
3997,50
3998,60
3999,20
4000,43
4001,24
4002,1815
4003,1754
4004,5932
4005,40
4006,63
4007,35
4008,50
4009,152
4010,380
4011,8
4012,140
4013,10
4014,90
4015,72
4016,20
4017,206
4018,12.8
4019,14.8
4020,20
4021,2
4022,8
4023,390
4024,80
4025,800
4026,3190
4027,2
4028,300
4029,3
4030,40
4031,18
4032,30
4033,960
4034,50
4035,12
4036,4
4037,75.6
4038,4780
4039,249.5
4040,37.5
4041,505
4042,35
4043,800
4044,12
4045,760
4046,2520
4047,2500
4048,88
4049,291
4050,108
4051,3
4052,150
4053,9
4054,0.9
4055,103
4056,24
4057,270
4058,257
4059,28
4060,200
4061,3081
4062,576
4063,685
4064,8
4065,410
4066,173
4067,7040
4068,24
4069,912
4070,4.8
4071,3000
4072,79
4073,220
4074,1400
4075,245
4076,30
4077,6
4078,9.5
4079,375
4080,12
4081,168
4082,565
4083,1734
4084,7
4085,420
4086,122
4087,1442
4088,12000
4089,10
4090,48
4091,930
4092,230
4093,20
4094,8000
4095,5034
4096,3
4097,3.5
4098,237.5
4099,2080
4100,45
4101,300
4102,800
4103,30
4104,18
4105,1336
4106,8
4107,230.4
4108,48
4109,7.2
4110,5
4111,2.5
4112,4
4113,37
4114,4020
4115,80
4116,8
4117,8
4118,12
4119,690
4120,24
4121,5
4122,48
4123,9
4124,17
4125,50
4126,72000
4127,1035
4128,42
4129,75
4130,325
4131,744
4132,1135
4133,24
4134,140
4135,24
4136,456
4137,3
4138,15
4139,1.2
4140,50
4141,89
4142,960
4143,840
4144,1112
4145,40
4146,49
4147,13
4148,13
4149,1163
4150,248
4151,40
4152,4
4153,504
4154,387
4155,5
4156,2.5
4157,428
4158,5
4159,2
4160,312.5
4161,240
4162,3.14
4163,3520
4164,95
4165,960
4166,35
4167,380
4168,18
4169,18
4170,27
4171,18.4375
4172,384
4173,360
4174,1152
4175,625
4176,28
4177,343.2
4178,133.38
4179,37.5
4180,8
4181,6
4182,1440
4183,169
4184,232
4185,29
4186,25
4187,72
4188,3
4189,4
4190,32
4191,125.6
4192,30
4193,5
4194,93.75
4195,27.42
4196,175
4197,120
4198,403.2
4199,27
4200,192
4201,75
4202,130%
4203,48
4204,3.14
4205,22500
4206,19
4207,740
4208,130
4209,520
4210,47
4211,8
4212,90
4213,30
4214,175
4215,30
4216,5
4217,180
4218,500
4219,1050
4220,10
4221,180
4222,36
4223,32
4224,5
4225,703.84
4226,70
4227,180
4228,2
4229,753.6
4230,45
4231,32
4232,45.06
4233,11.1%
4234,37.92
4235,48
4236,30
4237,360
4238,7
4239,90
4240,27.5
4241,30
4242,40
4243,300
4244,690
4245,960
4246,700
4247,30
4248,440
4249,2.5
4250,9
4251,38
4252,900
4253,4.3
4254,24
4255,3
4256,25.6
4257,8
4258,15
4259,40
4260,17
4261,1092
4262,38
4263,1758
4264,320
4265,8
4266,1
4267,54
4268,132
4269,15.7
4270,2.5
4271,74
4272,36
4273,75
4274,48
4275,440
4276,320
4277,150
4278,22
4279,5288
4280,36
4281,200.96
4282,72
4283,44
4284,27
4285,900
4286,12
4287,2700
4288,70
4289,33840
4290,800
4291,9
4292,11
4293,4190
4294,450
4295,144
4296,36
4297,870
4298,23
4299,90
4300,7
4301,24
4302,1440
4303,2
4304,300
4305,40
4306,30
4307,5
4308,7
4309,100
4310,60
4311,2800
4312,12
4313,292
4314,25%
4315,11.1%
4316,2544
4317,265
4318,230
4319,18
4320,136
4321,4
4322,255
4323,15
4324,5
4325,25.12
4326,50.96
4327,1
4328,80
4329,0.72
4330,32
4331,18000
4332,15
4333,288
4334,381
4335,200
4336,360
4337,120
4338,32
4339,64
4340,9.5%
4341,470
4342,90
4343,4800
4344,108
4345,9.2
4346,40%
4347,25
4348,20%
4349,8
4350,5
4351,40
4352,9
4353,16
4354,2
4355,2
4356,2.5
4357,130
4358,1.82
4359,8
4360,247.1
4361,6
4362,2
4363,12
4364,750
4365,9
4366,200
4367,24/15
4368,270
4369,72
4370,90
4371,13
4372,20
4373,20
4374,14
4375,3/5
4376,50
4377,59
4378,25
4379,9
4380,50.24
4381,104
4382,9.42
4383,45
4384,298
4385,18
4386,5
4387,2
4388,2700
4389,14.4
4390,240
4391,424
4392,7
4393,3
4394,42
4395,6400
4396,6400
4397,30000
4398,9
4399,7
4400,20
4401,2720
4402,38
4403,20
4404,90
4405,18
4406,30
4407,2.4
4408,11
4409,8
4410,15
4411,24
4412,50.4
4413,570
4414,123
4415,2
4416,40
4417,92
4418,6000
4419,270
4420,8
4421,75
4422,12
4423,100
4424,25
4425,480
4426,9.12
4427,9.04
4428,150.72
4429,50.24
4430,104.32
4431,16
4432,1/3
4433,96
4434,2
4435,800
4436,125
4437,9
4438,28.26
4439,12.56
4440,12
4441,1400
4442,10%
4443,2198.5
4444,143.75
4445,20
4446,11
4447,200
4448,50.24
4449,21.98
4450,28.26
4451,3
4452,50.24
4453,4
4454,3600
4455,24
4456,9450
4457,21
4458,3
4459,30
4460,180
4461,75.36
4462,96
4463,20
4464,45.06
4465,28.26
4466,12.56
4467,31.4
4468,48
4469,840
4470,450
4471,300
4472,50.24
4473,2
4474,42300
4475,200.96
4476,4
4477,9
4478,352
4479,960
4480,300
4481,351
4482,75.36
4483,360
4484,180
4485,150
4486,288
4487,27.5
4488,5
4489,50.24
4490,78.5
4491,2
4492,62.8
4493,14.5
4494,2900
4495,15
4496,50.24
4497,9
4498,314
4499,30
4500,114
4501,130
4502,6
4503,3600
4504,12.56
4505,70%
4506,40.56
4507,12.56
4508,7.064
4509,3012
4510,25
4511,120
4512,12
4513,7
4514,7
4515,20
4516,12.56
4517,343.36
4518,12.56
4519,34
4520,2/3
4521,9
4522,1500
4523,20.56
4524,16
4525,7.5364
4526,9.82336
4527,32
4528,500
4529,900
4530,32
4531,37.5
4532,5250
4533,6
4534,40
4535,144
4536,90
4537,282.6
4538,3
4539,140.14
4540,3800
4541,24
4542,502.4
4543,28.26
4544,47.1
4545,47.1
4546,480
4547,32
4548,58
4549,422
4550,50.24
4551,25%
4552,20.56
4553,80
4554,3
4555,30
4556,160.14
4557,157
4558,28
4559,30
4560,2
4561,28.26
4562,2.7
4563,30
4564,500
4565,3200
4566,275
4567,30.8
4568,314
4569,98.2%
4570,4
4571,500.25
4572,3
4573,39.25
4574,12.56
4575,3
4576,7
4577,753.6
4578,62.88
4579,7.536
4580,6
4581,18.84
4582,10
4583,4.032
4584,9
4585,6.28
4586,0.7536
4587,4/5
4588,300
4589,2592
4590,40
4591,4
4592,48
4593,2198
4594,7
4595,2_2/9
4596,9
4597,6
4598,14
4599,75
4600,2198
4601,50.24
4602,45
4603,80
4604,1.256
4605,3.14
4606,2826
4607,56.52
4608,3/4
4609,5890
4610,75
4611,314
4612,19.625
4613,62.8
4614,8.4
4615,3.14
4616,3
4617,1256
4618,240
4619,25
4620,50.24
4621,93.75%
4622,9
4623,500
4624,4.5
4625,1280
4626,8
4627,20.785
4628,180
4629,25
4630,35.2
4631,562.5
4632,75.2
4633,46.8
4634,30
4635,19
4636,49
4637,28.26
4638,400
4639,49
4640,49
4641,2
4642,39.25
4643,40.82
4644,3600
4645,1574
4646,2.5
4647,48
4648,4
4649,92
4650,10.28
4651,2
4652,150
4653,42
4654,1000
4655,0.5
4656,1830
4657,72
4658,24
4659,8.7
4660,40.82
4661,1350
4662,1200
4663,20
4664,4
4665,125.6
4666,481
4667,20.42
4668,14
4669,7850
4670,430
4671,251.2
4672,36.2
4673,270
4674,320
4675,3
4676,125.6
4677,12.5%
4678,2.35
4679,874.96
4680,42
4681,9/56
4682,25%
4683,12
4684,43.2
4685,2
4686,3
4687,200
4688,900
4689,1/10
4690,2.5
4691,8
4692,74.5
4693,200.96
4694,34.54
4695,753.6
4696,80
4697,0.9
4698,30
4699,314
4700,1648.5
4701,25.12
4702,1.5
4703,3_4/15
4704,10
4705,大
4706,1817
4707,49
4708,406
4709,44
4710,20%
4711,23
4712,7536
4713,112
4714,75.36
4715,0.6
4716,7.065
4717,28.26
4718,720
4719,34.5
4720,3/5
4721,562
4722,894
4723,2
4724,18.84
4725,18.84
4726,30
4727,20
4728,78.5
4729,75
4730,4
4731,300
4732,225
4733,36
4734,12000
4735,18.84
4736,196
4737,15
4738,1500
4739,1700
4740,25.12
4741,131.04
4742,10
4743,32.832
4744,720
4745,788.4
4746,14
4747,42
4748,131.04
4749,141.3
4750,270
4751,24
4752,5.024
4753,382
4754,750
4755,7200
4756,31.4
4757,58
4758,2.7
4759,1338
4760,4
4761,5
4762,5.1
4763,500
4764,442
4765,18
4766,17.23
4767,314
4768,8
4769,28.26
4770,62.8
4771,20
4772,120.97
4773,720
4774,20
4775,50
4776,200.96
4777,25.7
4778,12.5%
4779,15.7
4780,15.7
4781,87
4782,200
4783,144
4784,600
4785,7850
4786,600
4787,0.3
4788,7
4789,7.065
4790,30
4791,4655
4792,785.3
4793,314
4794,48
4795,75.36
4796,754.38
4797,28.26
4798,5
4799,56.52
4800,75.36
4801,3.14
4802,10
4803,10
4804,45
4805,538.4
4806,560
4807,904.32
4808,282.6
4809,2.512
4810,37.68
4811,1884
4812,62.8
4813,200
4814,25
4815,243
4816,34%
4817,3/10
4818,15
4819,5999
4820,10
4821,113.04
4822,1.1345
4823,20
4824,1.04
4825,230
4826,2
4827,48
4828,24.592
4829,361.8
4830,314
4831,2826
4832,300
4833,5
4834,785
4835,60
4836,2.3
4837,53.38
4838,128.5
4839,28.26
4840,5
4841,20
4842,21.38
4843,87.4
4844,298.2
4845,375
4846,8
4847,30
4848,696
4849,400
4850,3.2
4851,45
4852,50
4853,373
4854,1/5
4855,4
4856,270
4857,2000
4858,50
4859,1/3
4860,4
4861,39.2
4862,3.5
4863,0.75
4864,2_2/3
4865,15.7
4866,15
4867,8
4868,189
4869,47
4870,42
4871,40/9
4872,48
4873,245.6
4874,25.12
4875,502.4
4876,314
4877,502.4
4878,160
4879,2/5
4880,28.26
4881,8
4882,4
4883,1/5
4884,4
4885,105
4886,15
4887,4
4888,38
4889,9
4890,3
4891,50
4892,80
4893,4000
4894,30
4895,6
4896,15
4897,40
4898,5
4899,7
4900,270
4901,30
4902,48
4903,840
4904,12.56
4905,12.56
4906,20
4907,3
4908,20
4909,84
4910,24
4911,113.04
4912,5
4913,4
4914,2
4915,47
4916,38
4917,18
4918,3
4919,30
4920,52
4921,2048
4922,8.4
4923,2_2/9
4924,10
4925,18
4926,800
4927,270
4928,960
4929,8
4930,480
4931,90
4932,37.5
4933,0.8
4934,31.5
4935,24/7
4936,54
4937,10
4938,2
4939,2
4940,25
4941,3
4942,9
4943,80
4944,67.5
4945,20
4946,1_1/4
4947,2826
4948,8
4949,7
4950,18
4951,4
4952,4
4953,4
4954,3136
4955,5/22
4956,38
4957,12
4958,9
4959,50.24
4960,50.24
4961,120
4962,17.1%
4963,12
4964,1.6
4965,85
4966,83
4967,154
4968,52
4969,64
4970,72
4971,45
4972,68
4973,43
4974,28
4975,63
4976,27
4977,18
4978,17
4979,7
4980,56
4981,9
4982,84
4983,56
4984,55
4985,18
4986,16
4987,24
4988,27
4989,12
4990,35
4991,18
4992,4
4993,5
4994,4
4995,28
4996,12
4997,24
4998,94
4999,9
5000,36
5001,27
5002,24
5003,50
5004,78
5005,125
5006,38
5007,33
5008,8
5009,9
5010,51
5011,47
5012,8
5013,5
5014,7
5015,10
5016,6
5017,6
5018,24
5019,8
5020,8
5021,28
5022,47
5023,3
5024,9
5025,57
5026,91
5027,19
5028,28
5029,20
5030,20
5031,46
5032,44
5033,27
5034,17
5035,10
5036,2
5037,11
5038,48
5039,59
5040,8
5041,4
5042,25
5043,31
5044,58
5045,19
5046,3
5047,3
5048,9
5049,10
5050,23
5051,93
5052,12
5053,35
5054,31
5055,91
5056,63
5057,80
5058,55
5059,26
5060,81
5061,6
5062,55
5063,55
5064,6
5065,18
5066,20
5067,70
5068,97
5069,80
5070,3
5071,51
5072,84
5073,24
5074,23
5075,57
5076,36
5077,8
5078,42
5079,5
5080,27
5081,30
5082,31
5083,16
5084,7
5085,56
5086,32
5087,24
5088,9
5089,33
5090,32
5091,14
5092,24
5093,23
5094,8
5095,6
5096,8
5097,16
5098,15
5099,18
5100,8
5101,18
5102,6
5103,15
5104,45
5105,18
5106,33
5107,5
5108,19
5109,20
5110,97
5111,21
5112,18
5113,27
5114,180
5115,25
5116,3
5117,50
5118,131.84
5119,24
5120,17
5121,4800
5122,800
5123,7
5124,4680
5125,56
5126,20
5127,15
5128,90
5129,9
5130,30
5131,30
5132,269
5133,28
5134,205
5135,28
5136,15
5137,20
5138,12
5139,30.72
5140,50.24
5141,12.56
5142,4.875
5143,2249
5144,2
5145,2.4
5146,72
5147,150
5148,3.768
5149,72
5150,1844
5151,11
5152,2000
5153,198
5154,10.8
5155,4500
5156,20.78
5157,20
5158,2000
5159,240
5160,40
5161,270
5162,48
5163,13
5164,800
5165,20
5166,140
5167,243
5168,42
5169,168.6
5170,246
5171,31.4384
5172,0.984
5173,2250
5174,30
5175,30
5176,125
5177,14
5178,502.4
5179,180
5180,40
5181,2
5182,4400
5183,60
5184,25
5185,2.5
5186,2300
5187,2340
5188,140
5189,13000
5190,8
5191,24
5192,36
5193,18
5194,147
5195,480
5196,120
5197,80
5198,8
5199,0.75
5200,960
5201,0.06
5202,3
5203,14
5204,36
5205,36.3
5206,5
5207,200
5208,8
5209,3.74
5210,60
5211,12.56
5212,1700
5213,150
5214,30
5215,4
5216,18
5217,42
5218,17
5219,21.98
5220,200
5221,20
5222,400
5223,80
5224,960
5225,36
5226,100
5227,4
5228,33
5229,4500
5230,24.42
5231,20
5232,26.8
5233,60
5234,3360
5235,3800
5236,934.4
5237,5.0784
5238,38
5239,45
5240,4
5241,2300
5242,700
5243,31.4
5244,4800
5245,48
5246,5
5247,38
5248,134
5249,7
5250,7
5251,24
5252,20
5253,24
5254,39
5255,82
5256,4
5257,8
5258,25
5259,75
5260,39
5261,1100
5262,92
5263,496
5264,0.3
5265,9
5266,7
5267,118.75
5268,2700
5269,9
5270,16
5271,5
5272,6
5273,35
5274,300
5275,75
5276,120
5277,973.2
5278,40%
5279,4320
5280,15
5281,3.2
5282,72
5283,1960
5284,80
5285,244.92
5286,125.6
5287,3.14
5288,50
5289,30
5290,96
5291,180
5292,37080
5293,399
5294,4
5295,320
5296,85
5297,3
5298,13.5
5299,18
5300,0.2352
5301,800
5302,140
5303,50
5304,25
5305,752
5306,30
5307,362
5308,300
5309,400
5310,29.4
5311,13.68
5312,12
5313,25
5314,24
5315,125.6
5316,210
5317,20
5318,150
5319,240
5320,300
5321,125.6
5322,48
5323,15.7
5324,53.38
5325,270
5326,20
5327,30
5328,30
5329,20000
5330,2490
5331,48
5332,1
5333,157
5334,33.75
5335,7200
5336,144
5337,140
5338,70
5339,52
5340,1020
5341,4500
5342,50
5343,384
5344,40.384
5345,877.92
5346,8
5347,225
5348,4
5349,270
5350,1920
5351,2000
5352,145.6
5353,2800
5354,18
5355,1800
5356,12
5357,800
5358,8
5359,20
5360,17.2
5361,3.75
5362,30
5363,208
5364,10
5365,75
5366,8
5367,80
5368,3.448
5369,0.392
5370,930
5371,5
5372,60000
5373,396
5374,24
5375,25
5376,60
5377,40
5378,2970
5379,200
5380,0.9
5381,20
5382,1008
5383,1760
5384,85
5385,375
5386,8
5387,1200
5388,2
5389,27
5390,8
5391,5
5392,2.7
5393,49
5394,8
5395,15
5396,500
5397,20000
5398,134
5399,35
5400,245
5401,2250
5402,9
5403,273
5404,33
5405,9.84
5406,136
5407,50
5408,210
5409,45
5410,30
5411,30
5412,13.8
5413,89
5414,384.5
5415,1932.65
5416,92
5417,1072
5418,48
5419,498
5420,1800
5421,2.5
5422,2.5
5423,5.4
5424,2.768
5425,3
5426,30
5427,96
5428,50
5429,900
5430,72
5431,38
5432,24
5433,210
5434,20
5435,300
5436,492
5437,1.5
5438,1500
5439,3
5440,512
5441,18
5442,75
5443,27
5444,27.28
5445,0.32
5446,38
5447,2.9
5448,2.7
5449,0.5
5450,20
5451,108
5452,5880
5453,1170
5454,488
5455,24
5456,10
5457,45.6
5458,314
5459,100
5460,300
5461,28.26
5462,9
5463,177
5464,5
5465,100
5466,12
5467,3
5468,1.7
5469,30.75
5470,25
5471,3500
5472,3
5473,0.18
5474,25
5475,30
5476,3
5477,24
5478,350
5479,18000
5480,7200
5481,6
5482,4
5483,1
5484,1
5485,15
5486,8
5487,207
5488,120
5489,6
5490,75
5491,34
5492,13
5493,53
5494,200
5495,42
5496,10
5497,8
5498,400
5499,37.5
5500,3
5501,76
5502,5.5
5503,1490
5504,245
5505,25
5506,37.5
5507,1500
5508,395
5509,280
5510,18
5511,800
5512,32
5513,7
5514,120
5515,3
5516,500
5517,1200
5518,300
5519,5395
5520,76
5521,320
5522,9
5523,1920
5524,35
5525,5
5526,90
5527,120
5528,34.8
5529,2070
5530,70
5531,2500
5532,5437.5
5533,48
5534,3
5535,2
5536,5400
5537,549
5538,1.14
5539,108
5540,20
5541,54
5542,270
5543,380
5544,7
5545,18
5546,30.5
5547,70
5548,3
5549,24
5550,2700
5551,640
5552,480
5553,20
5554,30
5555,600
5556,22
5557,95
5558,2_2/9
5559,20
5560,8
5561,180
5562,12440
5563,450
5564,12
5565,20
5566,12
5567,75
5568,8
5569,45
5570,45
5571,4
5572,156
5573,1_795
5574,166
5575,9
5576,4
5577,25.12
5578,3.875
5579,140
5580,42
5581,16
5582,130.2
5583,280
5584,100
5585,9
5586,70
5587,320
5588,300
5589,43
5590,2
5591,24640
5592,285
5593,90
5594,375
5595,288
5596,259
5597,59
5598,20
5599,1000
5600,584
5601,3_500
5602,495
5603,2
5604,32
5605,70
5606,3890
5607,8
5608,121
5609,200
5610,27
5611,30
5612,80
5613,3.75
5614,43
5615,471
5616,157
5617,3520
5618,18
5619,97
5620,500
5621,6280
5622,47.1
5623,5
5624,72
5625,20
5626,8400
5627,232
5628,27
5629,48
5630,250
5631,1095
5632,42
5633,2700
5634,200
5635,753.6
5636,270
5637,7538
5638,30
5639,65
5640,12.5
5641,2792
5642,2073
5643,120
5644,8
5645,156
5646,6
5647,28.26
5648,91
5649,150
5650,120
5651,28.26
5652,500
5653,450
5654,2
5655,70
5656,250
5657,5
5658,9
5659,4
5660,480
5661,32
5662,80
5663,2.4
5664,2
5665,400
5666,30
5667,150
5668,75
5669,3
5670,480
5671,2.3
5672,450
5673,50
5674,960
5675,75.36
5676,2305
5677,18
5678,33
5679,150
5680,500
5681,375
5682,2198
5683,4
5684,600
5685,1.8
5686,31.25
5687,646
5688,753.6
5689,2250
5690,45
5691,1200
5692,26
5693,494
5694,96
5695,400
5696,2250
5697,1600
5698,20
5699,72
5700,20.56
5701,8
5702,50
5703,12
5704,81
5705,80
5706,49
5707,2400
5708,18
5709,12430
5710,0.2
5711,36
5712,64
5713,843
5714,11
5715,245.6
5716,124
5717,8
5718,240
5719,9
5720,945
5721,37.68
5722,30.96
5723,5
5724,900
5725,105
5726,2.7
5727,300
5728,9
5729,16
5730,7
5731,496
5732,945
5733,138.2
5734,5572
5735,7
5736,349.26
5737,425
5738,3430
5739,450
5740,8
5741,6
5742,10
5743,25
5744,592
5745,300
5746,408
5747,18
5748,2000
5749,34.54
5750,702
5751,342
5752,360
5753,275
5754,232
5755,180
5756,142
5757,23
5758,150
5759,48
5760,20
5761,750
5762,150
5763,93
5764,28
5765,1
5766,2352
5767,11.52
5768,360
5769,270
5770,20
5771,80
5772,250
5773,240
5774,24
5775,2400
5776,20
5777,120
5778,30
5779,10
5780,72
5781,7
5782,192
5783,39
5784,30
5785,3000
5786,105
5787,44
5788,113750
5789,200
5790,30
5791,18
5792,4944
5793,9280
5794,400
5795,162
5796,420
5797,6
5798,39.6
5799,10.432
5800,1326
5801,32
5802,175
5803,175.6
5804,4
5805,2.5
5806,40
5807,100
5808,40
5809,80
5810,12
5811,0.4
5812,27
5813,425
5814,193
5815,21
5816,23
5817,880
5818,7
5819,90
5820,2.7
5821,36
5822,4
5823,32
5824,44
5825,18
5826,8
5827,14
5828,240
5829,23430
5830,2555
5831,2800
5832,7000
5833,4
5834,50
5835,1500
5836,62.8
5837,5
5838,75.3
5839,45.06
5840,10
5841,4
5842,30
5843,0.75
5844,85
5845,53
5846,200
5847,3600
5848,137.5
5849,49.08
5850,7
5851,97.6
5852,22.5
5853,960
5854,4
5855,9500
5856,12000
5857,400
5858,480
5859,40
5860,5
5861,0.4
5862,153.1
5863,2870
5864,42
5865,1.13
5866,300
5867,7
5868,5/12
5869,3.67
5870,18
5871,12
5872,260
5873,1
5874,70
5875,32
5876,16
5877,72
5878,2
5879,90
5880,48
5881,413
5882,39
5883,250
5884,24
5885,100
5886,14
5887,10
5888,4
5889,46
5890,22
5891,90
5892,48
5893,35.4
5894,2360
5895,4
5896,750
5897,2
5898,5487
5899,3
5900,3
5901,5
5902,49
5903,15
5904,13800
5905,320
5906,36
5907,9
5908,21
5909,7
5910,65
5911,9
5912,16
5913,33
5914,25
5915,7
5916,3
5917,7
5918,50
5919,60
5920,46
5921,8
5922,8
5923,18
5924,27
5925,42
5926,36
5927,18
5928,615
5929,621
5930,7
5931,890
5932,6
5933,72
5934,42
5935,2
5936,34
5937,8
5938,6
5939,35
5940,12
5941,20
5942,10
5943,15
5944,15
5945,10
5946,10
5947,36
5948,46
5949,56
5950,3
5951,4
5952,12
5953,11
5954,9
5955,42
5956,21
5957,32
5958,54
5959,44
5960,20
5961,50
5962,18
5963,36
5964,33
5965,24
5966,16
5967,53
5968,31
5969,3
5970,70
5971,53
5972,4
5973,6
5974,5
5975,4
5976,28
5977,12
5978,2
5979,12
5980,9
5981,39
5982,9
5983,4
5984,22
5985,60
5986,9
5987,34
5988,17
5989,28
5990,10
5991,4
5992,1
5993,18
5994,18
5995,20
5996,6
5997,4
5998,8
5999,5
6000,7
6001,21
6002,6
6003,6
6004,36
6005,47
6006,3
6007,9
6008,57
6009,91
6010,19
6011,28
6012,20
6013,20
6014,46
6015,44
6016,27
6017,8
6018,4
6019,25
6020,31
6021,58
6022,19
6023,3
6024,3
6025,9
6026,10
6027,23
6028,93
6029,12
6030,35
6031,31
6032,91
6033,63
6034,80
6035,55
6036,26
6037,81
6038,55
6039,6
6040,97
6041,51
6042,84
6043,24
6044,23
6045,57
6046,36
6047,10
6048,36
6049,21
6050,9
6051,24
6052,37
6053,27
6054,25
6055,88
6056,57
6057,9
6058,16
6059,8
6060,48
6061,81
6062,28
6063,91
6064,26
6065,14
6066,23
6067,27
6068,25
6069,36
6070,29
6071,9
6072,24
6073,73
6074,4
6075,20
6076,4
6077,20
6078,3
6079,25
6080,7
6081,6
6082,18
6083,53
6084,41
6085,37
6086,36
6087,19
6088,34
6089,31
6090,30
6091,11
6092,84
6093,40
6094,44
6095,30
6096,20
6097,35
6098,45
6099,25
6100,8
6101,8
6102,14
6103,27
6104,10
6105,72
6106,34
6107,9
6108,6
6109,3
6110,18
6111,4
6112,19
6113,10
6114,5
6115,5
6116,27
6117,30
6118,43
6119,16
6120,4
6121,56
6122,32
6123,81
6124,33
6125,32
6126,14
6127,24
6128,23
6129,8
6130,6
6131,8
6132,16
6133,15
6134,18
6135,8
6136,18
6137,6
6138,15
6139,45
6140,18
6141,20
6142,70
6143,34
6144,27
6145,21
6146,18
6147,27
6148,180
6149,5
6150,5
6151,80
6152,78
6153,19
6154,12
6155,5
6156,270
6157,139
6158,391
6159,398
6160,4
6161,40
6162,150
6163,5
6164,0.8
6165,2
6166,74
6167,1689
6168,50
6169,720
6170,28
6171,30
6172,192
6173,1800
6174,7
6175,90
6176,2450
6177,2400
6178,3.6
6179,7
6180,37
6181,27
6182,85.2
6183,38
6184,3050
6185,40
6186,63
6187,5320
6188,520
6189,443
6190,273
6191,125
6192,500
6193,125
6194,275
6195,1440
6196,240
6197,4100
6198,864
6199,36
6200,48
6201,16
6202,12
6203,36
6204,40
6205,30
6206,52
6207,34
6208,75
6209,20
6210,78
6211,366
6212,314
6213,73
6214,142
6215,270
6216,99
6217,25
6218,40
6219,5
6220,477
6221,766
6222,129
6223,39
6224,16
6225,9
6226,52
6227,9
6228,9
6229,72
6230,315
6231,278
6232,2
6233,220
6234,14
6235,2200
6236,98
6237,96
6238,123
6239,4
6240,440
6241,50
6242,210
6243,5
6244,6
6245,415
6246,290
6247,86
6248,395
6249,156
6250,5
6251,7
6252,128
6253,200
6254,64
6255,100
6256,78
6257,20
6258,4
6259,225
6260,11
6261,48
6262,74
6263,948
6264,92
6265,45
6266,23
6267,4
6268,21
6269,270
6270,4000
6271,220
6272,400
6273,77
6274,47.3
6275,800
6276,2
6277,56
6278,270
6279,4
6280,9
6281,304
6282,186
6283,5
6284,15.6
6285,1.24
6286,2.12
6287,20
6288,210
6289,32
6290,24
6291,20
6292,200
6293,27
6294,86.8
6295,9
6296,1200
6297,4
6298,96
6299,58.4
6300,24
6301,8
6302,306
6303,220
6304,64
6305,165
6306,24910
6307,315
6308,6
6309,75
6310,155
6311,96
6312,37.5
6313,23
6314,130
6315,36.75
6316,20
6317,45
6318,4300
6319,50
6320,2.5
6321,3.2
6322,4200
6323,368
6324,3
6325,54
6326,3
6327,970
6328,300
6329,3
6330,612
6331,8000
6332,730
6333,9210
6334,4800
6335,696
6336,125
6337,900
6338,9
6339,40
6340,160
6341,48
6342,160
6343,300
6344,2200
6345,4
6346,6
6347,27
6348,48
6349,2
6350,20
6351,3600
6352,13
6353,7.5
6354,500
6355,5
6356,12
6357,1490
6358,15
6359,15
6360,19
6361,12
6362,12700
6363,30
6364,8
6365,2/5
6366,3
6367,3.2
6368,2780
6369,708
6370,30
6371,36
6372,45
6373,3/4
6374,8
6375,70
6376,279
6377,1920
6378,3.6
6379,2.5
6380,14
6381,20
6382,12.5
6383,7000
6384,12
6385,70
6386,78
6387,6000
6388,43.5
6389,1.8
6390,40
6391,0.9
6392,5
6393,17
6394,100
6395,75
6396,5200
6397,5.2
6398,3.3
6399,1428
6400,148
6401,2500
6402,40
6403,6
6404,200
6405,70
6406,750
6407,806
6408,700
6409,20000
6410,1700
6411,0.7
6412,1400
6413,35
6414,1
6415,234.98
6416,140.1
6417,42.4
6418,1275
6419,8
6420,540
6421,357
6422,720
6423,30
6424,75
6425,9
6426,2250
6427,180
6428,3
6429,28
6430,13.5
6431,8
6432,56
6433,320
6434,130
6435,24
6436,216
6437,450
6438,12
6439,20
6440,1200
6441,没有
6442,8
6443,250
6444,40
6445,86.1
6446,9.48
6447,178
6448,12
6449,75
6450,172.16
6451,32
6452,38
6453,32
6454,73
6455,76.6
6456,1800
6457,1.3
6458,300
6459,648
6460,120
6461,5
6462,40
6463,95
6464,2000
6465,200
6466,14
6467,10
6468,29
6469,45
6470,20
6471,20
6472,26
6473,9
6474,7
6475,24/5
6476,27
6477,9
6478,4
6479,4
6480,48
6481,20
6482,40
6483,2020
6484,70
6485,390
6486,7
6487,49
6488,480
6489,4
6490,4
6491,240
6492,240
6493,75
6494,10
6495,62.8
6496,78
6497,9822
6498,27.3
6499,23
6500,47
6501,50
6502,30/7
6503,4_8/11
6504,24
6505,600
6506,143
6507,180
6508,95
6509,16
6510,35
6511,120
6512,32
6513,335
6514,368
6515,5
6516,230
6517,152
6518,9.35
6519,4300
6520,25
6521,1768
6522,5
6523,1.49
6524,4
6525,5
6526,344
6527,18.75
6528,74
6529,82
6530,1350
6531,870
6532,32
6533,6
6534,1200
6535,90
6536,17
6537,18
6538,170
6539,38
6540,185
6541,25
6542,1620
6543,222
6544,6
6545,275.6
6546,20
6547,250
6548,171
6549,375
6550,4
6551,1800
6552,206
6553,9
6554,9
6555,648
6556,133
6557,75
6558,79
6559,4
6560,20
6561,720
6562,2.27
6563,15
6564,104
6565,35
6566,54
6567,17
6568,22575
6569,80
6570,80
6571,45
6572,450
6573,1800
6574,12.5
6575,1926
6576,1250
6577,72.9
6578,4410
6579,8
6580,36
6581,320
6582,85
6583,2100
6584,4
6585,8
6586,576
6587,34
6588,122.46
6589,8
6590,1792
6591,1380
6592,20
6593,110
6594,900
6595,75
6596,92
6597,6.7
6598,206
6599,2730
6600,2304
6601,2250
6602,90
6603,352
6604,38
6605,209
6606,18750
6607,120
6608,18.5
6609,15
6610,45
6611,256
6612,4
6613,24
6614,345
6615,1050
6616,624
6617,595
6618,42
6619,372
6620,5
6621,10.5
6622,4
6623,648
6624,1320
6625,6
6626,13040
6627,342
6628,600
6629,60
6630,790
6631,12
6632,45
6633,70
6634,100
6635,4.5
6636,45
6637,30
6638,24
6639,24800
6640,90
6641,3
6642,1700
6643,30
6644,552
6645,2
6646,8300
6647,6960
6648,14440
6649,3
6650,426
6651,32
6652,50
6653,804
6654,146
6655,10
6656,25
6657,10
6658,185
6659,540
6660,15
6661,266
6662,7
6663,5
6664,220
6665,8
6666,140
6667,728
6668,90
6669,27
6670,1050
6671,1872
6672,90
6673,422.5
6674,138
6675,204
6676,26
6677,327
6678,3600
6679,840
6680,48
6681,1680
6682,532
6683,22
6684,1206
6685,192
6686,525
6687,4530
6688,34.3
6689,756
6690,2.5
6691,53
6692,2
6693,560
6694,240
6695,42
6696,6
6697,2700
6698,1920
6699,9.3
6700,49
6701,600
6702,2.8
6703,13
6704,4840
6705,7.5
6706,45
6707,58
6708,4.8
6709,23.51
6710,18000
6711,10
6712,94
6713,8
6714,9
6715,7
6716,16
6717,17
6718,23
6719,23
6720,85
6721,3216
6722,90
6723,30
6724,256
6725,1360
6726,80
6727,5
6728,27
6729,3
6730,11
6731,29
6732,8
6733,12
6734,19
6735,32
6736,52
6737,79
6738,38
6739,106
6740,10
6741,45
6742,11
6743,7
6744,12
6745,15
6746,2
6747,3
6748,25
6749,42
6750,21
6751,4
6752,39
6753,37
6754,36
6755,80
6756,37
6757,8
6758,33
6759,17
6760,35
6761,45
6762,6
6763,20
6764,4
6765,38
6766,4
6767,70
6768,2
6769,2
6770,4
6771,4
6772,20
6773,50
6774,20
6775,7
6776,11
6777,27
6778,1
6779,17
6780,11
6781,17
6782,45
6783,43
6784,8
6785,52
6786,44%
6787,50
6788,8
6789,59
6790,87
6791,7
6792,12
6793,79
6794,54
6795,10
6796,30
6797,48
6798,35
6799,45
6800,51
6801,40
6802,270
6803,22
6804,14
6805,124
6806,30
6807,100
6808,10
6809,27
6810,37
6811,46
6812,40
6813,40
6814,33
6815,47
6816,7
6817,25
6818,57
6819,91
6820,37
6821,11
6822,31
6823,23
6824,3
6825,33
6826,30
6827,38
6828,12
6829,28
6830,33
6831,100
6832,57
6833,14
6834,36
6835,32
6836,46
6837,16
6838,34
6839,12
6840,5
6841,35
6842,7
6843,4
6844,19
6845,10
6846,8
6847,18
6848,4
6849,18
6850,14
6851,17
6852,10
6853,8
6854,18
6855,27
6856,7
6857,8
6858,39.12
6859,178
6860,1220
6861,60
6862,80
6863,7020
6864,620
6865,8
6866,20
6867,94%
6868,3520
6869,1400
6870,192
6871,296
6872,1010
6873,1500
6874,3600
6875,144
6876,12
6877,5
6878,260
6879,32
6880,120
6881,3000
6882,108
6883,15
6884,150
6885,200
6886,220
6887,792
6888,48
6889,9
6890,69
6891,54
6892,75
6893,195
6894,3.6
6895,170
6896,0.64
6897,1680
6898,47.1
6899,200
6900,36
6901,2
6902,903.6
6903,87
6904,1
6905,93
6906,10
6907,36
6908,59
6909,625
6910,47
6911,300
6912,50
6913,96%
6914,94%
6915,2/5
6916,20.76
6917,300
6918,54.72
6919,324
6920,84
6921,300
6922,0.3
6923,27
6924,601
6925,32
6926,22
6927,7500
6928,75.36
6929,1080
6930,1438
6931,2.4
6932,80
6933,40
6934,2
6935,8
6936,9
6937,40
6938,11
6939,4
6940,20%
6941,200
6942,70
6943,115%
6944,108.9
6945,20
6946,30
6947,3
6948,55
6949,75
6950,50
6951,157
6952,360
6953,72
6954,7
6955,80
6956,5
6957,1.8
6958,7
6959,720
6960,125
6961,120
6962,7500
6963,160
6964,5
6965,9
6966,30
6967,120.56
6968,20
6969,20
6970,20
6971,20
6972,10
6973,8
6974,36
6975,150
6976,13
6977,11
6978,80
6979,20
6980,29
6981,20%
6982,720
6983,6000
6984,3
6985,40
6986,352
6987,130
6988,200
6989,35
6990,45
6991,1600
6992,96
6993,15
6994,270
6995,2
6996,800
6997,4.8
6998,300
6999,240
7000,8
7001,1.2
7002,3
7003,20
7004,64
7005,8
7006,100
7007,180
7008,25%
7009,9.6
7010,45
7011,28.26
7012,125
7013,400
7014,52
7015,10344
7016,150
7017,3.5
7018,17.6
7019,1720
7020,50
7021,50.24
7022,75
7023,72
7024,5
7025,200
7026,180
7027,2.59
7028,20%
7029,5024
7030,70
7031,30
7032,864
7033,75
7034,25%
7035,80
7036,4.8
7037,11%
7038,512
7039,709
7040,2_2/9
7041,780
7042,630
7043,450
7044,15
7045,9
7046,240
7047,96
7048,50
7049,2
7050,15.865
7051,1428
7052,18
7053,4
7054,12
7055,240
7056,28.26
7057,7
7058,1.44
7059,28
7060,93.75%
7061,25
7062,37.4
7063,40.32
7064,30
7065,3.7
7066,2800
7067,2.1
7068,12
7069,40
7070,12.56
7071,4
7072,300
7073,5
7074,13.4%
7075,6
7076,840
7077,4
7078,2700
7079,1.5
7080,27.5
7081,200
7082,60
7083,1015
7084,18
7085,12
7086,199.2
7087,5.8
7088,6
7089,37
7090,96
7091,90
7092,12
7093,504
7094,24
7095,240
7096,12
7097,54
7098,70.34
7099,0.2
7100,42
7101,3200
7102,39
7103,4
7104,3
7105,50
7106,328.5
7107,10000
7108,8
7109,75
7110,1/3
7111,20
7112,28.26
7113,3
7114,23/57
7115,90
7116,960
7117,251.2
7118,1850
7119,603
7120,5
7121,209.1
7122,20
7123,80
7124,32
7125,18
7126,540
7127,87.5
7128,16
7129,120
7130,3.14
7131,2.5
7132,32
7133,48
7134,106
7135,23
7136,240
7137,70
7138,100
7139,18
7140,2.72
7141,0.64
7142,600
7143,20%
7144,0.5
7145,2
7146,94%
7147,20%
7148,9
7149,20
7150,6
7151,8
7152,420
7153,14
7154,160
7155,2000
7156,1320
7157,54
7158,115
7159,4.8
7160,36
7161,314
7162,5
7163,3
7164,128
7165,0.5
7166,490
7167,1336
7168,120
7169,48
7170,1
7171,98
7172,200
7173,75%
7174,25%
7175,87.2
7176,10
7177,1000
7178,20
7179,216
7180,12.56
7181,532.5
7182,1400
7183,555
7184,2.5
7185,77
7186,7
7187,768
7188,8
7189,23
7190,127
7191,48
7192,225
7193,83296
7194,6160
7195,5.7
7196,960
7197,144
7198,37
7199,48
7200,9
7201,12
7202,6360
7203,108
7204,2
7205,72
7206,280
7207,8
7208,800
7209,358
7210,302.4
7211,0.7
7212,48
7213,9
7214,0.02
7215,23.58
7216,796
7217,34.54
7218,12.56
7219,73
7220,39
7221,219.2
7222,9
7223,30%
7224,125
7225,9
7226,42
7227,19
7228,32
7229,40
7230,16%
7231,270
7232,300
7233,24
7234,5
7235,135
7236,20
7237,100
7238,45
7239,20
7240,48/7
7241,300
7242,24
7243,4096
7244,7
7245,630
7246,73
7247,1.8
7248,168
7249,2000
7250,3000
7251,5
7252,36
7253,216
7254,300
7255,703
7256,5
7257,280
7258,1200
7259,193
7260,60
7261,90
7262,36
7263,8
7264,96
7265,442
7266,82
7267,800
7268,3
7269,42
7270,12.56
7271,75.36
7272,12
7273,300
7274,20
7275,25
7276,75
7277,250
7278,3000
7279,40
7280,40
7281,120
7282,240
7283,9.1%
7284,30
7285,15
7286,15
7287,4
7288,5
7289,180
7290,18
7291,400
7292,25
7293,132
7294,5000
7295,90.2
7296,240
7297,150
7298,272
7299,54.4
7300,40
7301,9/10
7302,45
7303,120
7304,15625
7305,30
7306,360
7307,480
7308,300
7309,3.2
7310,70
7311,2.5
7312,64
7313,256
7314,109.8
7315,04
7316,25
7317,25.12
7318,3904
7319,1130.4
7320,9
7321,20
7322,23
7323,300
7324,73.2
7325,3
7326,2000
7327,0.2
7328,300
7329,16
7330,12.5
7331,240
7332,0.348
7333,750
7334,3000
7335,181
7336,2550
7337,25120
7338,3
7339,18
7340,45.475
7341,50
7342,8
7343,3_1/3
7344,216
7345,676
7346,149.6
7347,450.78
7348,39.2
7349,270
7350,361
7351,22
7352,90
7353,90
7354,800
7355,480
7356,19.625
7357,460
7358,3
7359,29
7360,20
7361,940
7362,750
7363,6
7364,230
7365,47
7366,4000
7367,4000
7368,4000
7369,75
7370,12
7371,3
7372,480
7373,44
7374,20
7375,40/9
7376,3/4
7377,52.976
7378,48
7379,1507.76
7380,200
7381,500
7382,400
7383,30
7384,5
7385,12.56
7386,502.4
7387,2500
7388,5
7389,142.5
7390,9
7391,6.75
7392,40
7393,314
7394,240
7395,400
7396,1380
7397,80
7398,24
7399,56
7400,56
7401,5
7402,8
7403,32
7404,20
7405,3960
7406,5
7407,29
7408,3.79
7409,400
7410,78
7411,14
7412,50
7413,150
7414,65
7415,4
7416,1
7417,152
7418,190
7419,2
7420,93
7421,6
7422,9
7423,48
7424,194
7425,403
7426,45
7427,18
7428,80
7429,3600
7430,95%
7431,480
7432,34
7433,5
7434,19
7435,900
7436,79
7437,19.8
7438,28
7439,6
7440,920
7441,3.5
7442,240
7443,0.75
7444,16.6
7445,0.8
7446,30
7447,180
7448,7200
7449,7500
7450,12.56
7451,20
7452,8
7453,170
7454,5
7455,50
7456,60%
7457,36
7458,3.84
7459,4
7460,520
7461,360
7462,48
7463,3000
7464,12.5
7465,180
7466,600
7467,72
7468,125
7469,25
7470,314
7471,3
7472,20
7473,0.2
7474,153
7475,8
7476,520
7477,4
7478,50
7479,9.6
7480,31
7481,48
7482,350
7483,480
7484,1380
7485,144
7486,433
7487,27
7488,10
7489,3840
7490,25
7491,1337
7492,53
7493,100
7494,90
7495,24
7496,9
7497,475
7498,3.3
7499,60
7500,9.8465
7501,3
7502,3.2
7503,3
7504,1215
7505,173
7506,28
7507,1056
7508,25
7509,20
7510,3
7511,900
7512,2820
7513,35
7514,130
7515,750
7516,78
7517,1350
7518,5
7519,2
7520,1450
7521,300
7522,282.6
7523,16
7524,744
7525,180
7526,4296
7527,675000
7528,5
7529,8
7530,30
7531,75
7532,10
7533,480
7534,2300
7535,437.92
7536,150
7537,40
7538,200
7539,7
7540,70
7541,18
7542,1224
7543,30
7544,75
7545,251.2
7546,32
7547,62.8
7548,1125
7549,84.78
7550,75
7551,254.3
7552,25
7553,49
7554,32
7555,720
7556,20
7557,180
7558,30
7559,9
7560,20
7561,5
7562,240
7563,147
7564,40
7565,540
7566,93
7567,8.5
7568,900
7569,930
7570,14
7571,9
7572,25.72
7573,16
7574,7500
7575,0.5
7576,4
7577,131.8873
7578,40.85
7579,4/5
7580,200
7581,90
7582,31.4
7583,270
7584,150
7585,900
7586,3.75
7587,40
7588,40
7589,26
7590,25
7591,25
7592,20
7593,25
7594,25
7595,3069
7596,77
7597,43
7598,21
7599,45
7600,20
7601,4
7602,103.84
7603,24
7604,10
7605,184
7606,512
7607,125
7608,40
7609,35
7610,75
7611,7.3
7612,42
7613,96
7614,2.96
7615,2.16
7616,1
7617,8
7618,18
7619,4
7620,12
7621,12
7622,45
7623,7
7624,0.3
7625,216
7626,64
7627,57.5
7628,46.95
7629,0.6
7630,6.36
7631,3.8
7632,27
7633,480
7634,90
7635,85%
7636,75
7637,14.5
7638,230
7639,54
7640,13.5
7641,3/5
7642,4/8
7643,10
7644,20
7645,19
7646,72/100
7647,18
7648,1/2
7649,1/7
7650,2240
7651,3250
7652,0.03
7653,3
7654,36
7655,3600
7656,9/20
7657,64
7658,20
7659,13.56
7660,1456
7661,31.8
7662,7/5
7663,3/8
7664,2
7665,2/5
7666,1/6
7667,5000
7668,9
7669,90
7670,20
7671,40
7672,18
7673,8
7674,12
7675,505
7676,5
7677,2400
7678,2_2/9
7679,16
7680,16
7681,3968
7682,4800
7683,7
7684,180
7685,70
7686,800
7687,176
7688,9/35
7689,36
7690,1700
7691,8
7692,8280
7693,3
7694,3
7695,5340
7696,9_4/5
7697,3
7698,5
7699,26
7700,5
7701,260.2
7702,7
7703,9.5
7704,13.35
7705,9.4
7706,3105
7707,280
7708,24
7709,134
7710,72
7711,1/2
7712,30
7713,1/4
7714,3
7715,48
7716,49
7717,60.4
7718,31/24
7719,120
7720,11
7721,42
7722,87
7723,30
7724,1350
7725,7
7726,2/5
7727,12
7728,222
7729,7
7730,140
7731,882
7732,7.5
7733,0.3
7734,200
7735,337.5
7736,14
7737,6
7738,100
7739,90
7740,8
7741,180
7742,36
7743,85
7744,800
7745,160
7746,42
7747,30
7748,204
7749,47
7750,3_1/3
7751,70
7752,1.8
7753,850
7754,0.2
7755,3.75
7756,35
7757,720
7758,130
7759,2/5
7760,5
7761,7.4
7762,400
7763,8
7764,5
7765,6
7766,3
7767,33200
7768,23
7769,120
7770,180
7771,2865
7772,3/20
7773,400
7774,48
7775,420
7776,1398
7777,50
7778,10
7779,600
7780,127/15
7781,150
7782,32
7783,2
7784,245
7785,11
7786,19
7787,360
7788,180
7789,1500
7790,446.25
7791,26
7792,130
7793,3/7
7794,11
7795,15
7796,16
7797,7/10
7798,1260
7799,3600
7800,375
7801,150
7802,4000
7803,3/8
7804,15
7805,36
7806,5
7807,143
7808,508
7809,18
7810,3.2
7811,72
7812,0.5
7813,30
7814,12
7815,30
7816,3/4
7817,14
7818,240
7819,255
7820,50
7821,9/10
7822,5426
7823,906
7824,0.1
7825,36
7826,50
7827,7/15
7828,800
7829,45
7830,52
7831,630
7832,27
7833,23
7834,93
7835,25
7836,7/20
7837,7
7838,600
7839,30
7840,96
7841,2/7
7842,2
7843,25
7844,750
7845,3
7846,7
7847,285
7848,40
7849,450
7850,够
7851,3/4
7852,570
7853,7
7854,16
7855,5/4
7856,4
7857,3_2/8
7858,48
7859,300
7860,30
7861,20/9
7862,243.6
7863,3
7864,18.6
7865,5
7866,78
7867,18
7868,40/9
7869,3
7870,190
7871,3/4
7872,9
7873,12.6
7874,28
7875,3/4
7876,4
7877,7
7878,33
7879,13
7880,1/8
7881,150
7882,75
7883,7/10
7884,1/50
7885,3/5
7886,96
7887,1/2
7888,24
7889,3
7890,8
7891,2
7892,3_1/3
7893,300
7894,214
7895,182
7896,81
7897,25
7898,300
7899,3
7900,10
7901,9
7902,5
7903,20
7904,5.42
7905,18
7906,632
7907,187.5
7908,24/7
7909,3/20
7910,8
7911,2.5
7912,2
7913,79.2
7914,2132.5
7915,5/16
7916,10
7917,96
7918,1/5
7919,864
7920,9/20
7921,6.4
7922,1/2
7923,3
7924,7
7925,270
7926,150
7927,900
7928,3
7929,360
7930,50
7931,122.5
7932,4/5
7933,24
7934,87
7935,5/8
7936,2/5
7937,1/5
7938,1000
7939,8
7940,7
7941,7
7942,11/12
7943,28
7944,300
7945,42
7946,3.2
7947,14
7948,50
7949,50
7950,24
7951,24
7952,18
7953,12
7954,128
7955,86
7956,62
7957,2930
7958,2.5
7959,238
7960,3/10
7961,15
7962,300
7963,200
7964,7200
7965,6
7966,7
7967,6
7968,250
7969,32
7970,90
7971,4
7972,692.4
7973,100
7974,6
7975,280
7976,125
7977,50
7978,7
7979,4
7980,32
7981,448
7982,10
7983,400
7984,30
7985,70
7986,8
7987,125
7988,420
7989,14400
7990,570
7991,36
7992,7
7993,1200
7994,193
7995,4
7996,180
7997,1400
7998,2/3
7999,49
