0,3960
1,1
2,6
3,4
4,3
5,1290
6,100
7,500
8,4.4
9,9
10,41
11,10.5
12,80
13,56
14,48
15,8172
16,16
17,20.24
18,324.9
19,10
20,12
21,5
22,100
23,68
24,300
25,54
26,19
27,5
28,0.628
29,1950
30,3.6
31,40
32,9
33,60
34,12
35,49/20
36,251
37,5
38,11/15
39,48
40,400
41,24
42,7
43,500
44,96
45,17
46,95
47,288
48,366
49,280
50,656
51,9
52,7600
53,280
54,778
55,120
56,138
57,4875
58,1056
59,9
60,13
61,1201
62,1300
63,738
64,1176
65,588
66,24098
67,400
68,24
69,20
70,10
71,73.2
72,6600
73,7/8
74,125
75,3.8
76,60
77,7/20
78,24
79,194
80,4.3
81,170
82,9
83,392
84,260
85,40%
86,15
87,40
88,402
89,374
90,1.926
91,20
92,80
93,1735
94,400
95,863.5
96,8
97,16
98,3
99,260
100,2288
101,7500
102,452.9
103,13
104,8
105,20
106,5/9
107,1950
108,7.9
109,1/3
110,7/10
111,1200
112,560
113,147
114,17
115,160
116,19155
117,623
118,192
119,124
120,2.14
121,13
122,25.95
123,69
124,20000
125,90%
126,180
127,1
128,101
129,770
130,7/9
131,6089
132,10
133,9
134,11200
135,5
136,595
137,500
138,24
139,88
140,90
141,493
142,-96
143,15
144,8130.72
145,356
146,12
147,8400
148,93.6
149,9
150,8/9
151,494
152,1.43
153,490
154,8000
155,7/10
156,270
157,600
158,20
159,396
160,30
161,5
162,5
163,6
164,7
165,1350
166,336
167,775
168,9
169,300
170,1.25
171,7
172,280
173,144
174,11/35
175,14
176,44
177,9
178,16
179,11
180,20
181,87.92
182,12
183,27
184,3/5
185,650
186,5000
187,12
188,234
189,2.5
190,782
191,120.86
192,10245
193,820
194,400
195,67.67
196,704
197,28.26
198,450
199,272
200,450
201,114
202,18
203,1/4
204,8
205,40
206,4/9
207,6
208,40
209,6085
210,6
211,681.3
212,3101
213,2285.5
214,6
215,612500
216,70
217,3
218,63072
219,200
220,42
221,645
222,20
223,3/4
224,160
225,1872
226,32
227,9
228,6/7
229,172.8
230,190
231,293
232,3340
233,207
234,684
235,60
236,691
237,4950
238,5/18
239,205
240,800
241,200
242,9/8x
243,5375
244,432
245,3/5
246,25
247,5/12
248,240
249,9
250,904
251,60
252,144
253,1260
254,2700
255,3000
256,1536
257,7
258,490
259,5
260,2700
261,192
262,85
263,8
264,4.8
265,10
266,25/72
267,276
268,26
269,95
270,25000
271,12300
272,750
273,12
274,520
275,1255
276,289
277,5.4
278,32
279,750
280,150.73
281,227
282,6
283,92
284,64
285,24
286,240
287,579
288,400
289,2700
290,944
291,5
292,35
293,546
294,4
295,21
296,210
297,10
298,4
299,54
300,224
301,8/5
302,8
303,8
304,81
305,1130.4
306,36
307,20
308,4.5
309,3
310,125.6
311,450
312,32
313,5/7
314,36
315,240
316,4
317,324
318,900
319,5/6
320,4
321,432
322,5/8
323,29/40
324,6/5
325,4
326,59350
327,73.75
328,890
329,3.2
330,11241.25
331,434000
332,16000
333,300
334,4/7
335,1344
336,15
337,162
338,6
339,10
340,10
341,90
342,20
343,50
344,60
345,47
346,48
347,5
348,425
349,12
350,32
351,600
352,370
353,1440
354,80
355,30
356,163.25
357,0.04
358,2.5
359,38
360,2260.8
361,1256
362,45
363,576
364,12.5
365,540
366,49/35
367,24
368,1/5
369,209
370,150
371,98
372,9
373,7
374,36
375,270
376,591
377,2.88
378,4489
379,30/11
380,70
381,43
382,2/5
383,6240
384,56375
385,90
386,48
387,1570
388,400
389,18
390,15
391,1260
392,768
393,800
394,4610
395,1150
396,675
397,12.25
398,6592
399,12
400,70.92
401,136
402,864
403,80/9
404,350
405,32
406,15
407,4/15
408,4.706
409,12.56
410,54
411,6
412,3/8
413,800
414,10
415,196
416,55
417,8
418,1320
419,9
420,7/9
421,2.5
422,330
423,4
424,3.36
425,15.12
426,180
427,1120
428,57_56
429,2400
430,580
431,120
432,384
433,112
434,12960
435,31
436,408
437,44
438,1.5375
439,6300
440,1/4
441,45
442,410
443,28
444,64
445,765
446,3/5
447,5.6
448,20
449,1920
450,1036
451,68
452,1.1566%
453,10
454,30
455,133
456,1080
457,2.5
458,76
459,390
460,24
461,2400
462,33
463,816
464,7/60
465,1710
466,5940
467,246
468,20
469,35
470,12
471,19
472,700
473,251.2
474,6
475,21
476,860
477,10
478,48
479,231
480,3.2
481,533
482,59/60
483,1.25
484,30
485,280
486,132
487,216
488,15
489,99.09
490,4
491,96
492,140
493,44.72
494,440
495,95.88
496,1080
497,1440
498,35
499,1344
500,272
501,800
502,80
503,75
504,595
505,639
506,120
507,700
508,188.4
509,29
510,165
511,14
512,1.25
513,3.5
514,120
515,58
516,786
517,0.5
518,2/3
519,119
520,44
521,8
522,355
523,1800
524,5/8
525,200
526,340
527,100
528,30
529,753.6
530,120
531,36
532,30
533,50.85
534,12
535,45
536,14.4
537,22
538,7
539,12
540,270
541,100
542,216
543,450
544,32
545,60
546,3.14
547,84
548,9.5
549,108
550,1730
551,12.56
552,48
553,1.5
554,1100
555,750
556,11
557,48
558,55.05
559,50.24
560,1.815
561,6
562,7/9
563,90
564,10
565,60
566,1200
567,180
568,680
569,4800
570,278
571,16.8
572,10700
573,24
574,4.29
575,7.2
576,4
577,1.3
578,150
579,180
580,1600
581,9
582,348.6
583,1024
584,5
585,12
586,31
587,14
588,50
589,240
590,48
591,16
592,36
593,1
594,1/75
595,78.5
596,0.45
597,190
598,192
599,9000
600,2352
601,4
602,3
603,100
604,120
605,3/5
606,0.25
607,15
608,5
609,220
610,900
611,18
612,58
613,0.46
614,9.6
615,18
616,34.3
617,125000
618,9.42
619,80
620,99.4
621,50
622,20
623,114
624,196
625,15
626,550
627,5
628,53
629,27
630,480
631,3.14
632,2.5
633,2000
634,876
635,95%
636,93.75%
637,3/4
638,99%
639,12
640,13.33
641,7.25
642,45
643,32
644,180
645,44
646,6
647,22
648,215
649,250
650,89
651,60
652,15/4
653,37.5
654,98%
655,49
656,10
657,37.5%
658,15
659,95%
660,33.33
661,1400
662,975
663,87.5%
664,60
665,1094.5
666,50
667,100
668,4
669,360
670,140
671,490
672,10
673,53.3
674,5
675,8%
676,8
677,40
678,98%
679,96%
680,350
681,460
682,120
683,300
684,28
685,42
686,3360
687,17
688,36
689,150
690,320
691,1500
692,81
693,324
694,30
695,522
696,16
697,20
698,7/40
699,60
700,300
701,64
702,5
703,7.5
704,17
705,8
706,95%
707,5/8
708,20
709,52
710,32
711,73
712,2.4
713,0.3
714,10%
715,1000
716,240
717,3.84
718,48
719,132
720,15
721,2.512
722,125
723,522
724,8
725,340
726,425
727,8
728,24
729,160
730,120
731,30
732,2.88
733,85
734,295
735,13.5
736,71
737,5
738,6
739,160
740,95%
741,2.5
742,1/4
743,5
744,80
745,800
746,30
747,184
748,108
749,304
750,25
751,67
752,56
753,11.5
754,27.4495
755,125
756,8
757,48
758,1
759,400
760,404.86
761,40
762,1900
763,64
764,57
765,400
766,21944
767,0.5
768,0
769,20
770,851
771,7
772,187
773,193.25
774,4200
775,10.5
776,2512
777,96
778,504
779,4
780,5
781,2000
782,2000
783,500
784,117
785,156
786,75.36
787,3.4
788,453.33
789,0.625
790,0.52%
791,9
792,725/2
793,40
794,137.37
795,19600
796,8/3
797,112.5
798,1/5
799,240
800,28.6
801,70
802,16
803,36
804,10
805,19.2
806,500
807,234
808,30
809,32
810,3.75
811,35
812,70
813,249.152
814,25
815,4000
816,2000
817,13
818,20
819,480
820,80
821,660
822,88
823,60
824,200.96
825,1050
826,1482
827,80
828,1.2
829,21
830,34
831,160
832,1.8
833,7
834,80
835,407
836,56
837,0.0064
838,44
839,5
840,40
841,3.3333333333333335
842,8
843,43
844,546
845,48
846,23
847,42
848,360
849,14.4
850,110
851,1100
852,20
853,40
854,20
855,20
856,3.75
857,1100
858,0.25
859,30
860,8.4
861,80
862,48
863,5/7
864,2.4
865,10
866,30
867,25
868,45
869,25
870,13.2
871,75.6
872,0.1385
873,64
874,48
875,6
876,5500
877,15%
878,0.2826
879,25.12%
880,64
881,750
882,53
883,14
884,64
885,99
886,1.125
887,47100
888,20
889,60
890,4.5
891,40.5
892,0.4
893,12.0
894,320
895,9
896,285
897,10
898,9.6
899,2400
900,4000
901,207000
902,5.37
903,126.25
904,450
905,46875
906,48
907,4
908,25
909,4.8
910,5/3
911,20.3
912,1200
913,77
914,4.325
915,425
916,6280
917,314
918,50.24
919,5.4
920,200
921,1.5
922,-6
923,96%
924,133.33
925,48
926,90%
927,220
928,30
929,129.4
930,8000
931,6250
932,120
933,28.26
934,7.1
935,100
936,90
937,72
938,6.66
939,8
940,152
941,-96
942,210
943,24
944,80
945,5/12
946,289
947,6
948,360
949,40
950,2.4
951,94
952,95
953,118.25
954,120
955,10
956,9
957,3
958,1200
959,13
960,6
961,7
962,640
963,31050
964,16
965,10
966,25
967,11000
968,108
969,3/8
970,156.4
971,10
972,3424
973,209
974,41
975,24
976,70
977,2
978,358.6
979,910
980,131.5
981,2640
982,30
983,448
984,3.933%
985,74
986,1
987,10
988,2
989,65
990,24
991,240
992,581
993,700
994,18.75%
995,1360
996,90%
997,81
998,72
999,1/5
1000,0.314
1001,568
1002,89
1003,1.5
1004,6
1005,11%
1006,3
1007,31
1008,15478
1009,62.5
1010,2.5
1011,163
1012,187.5
1013,2%
1014,-37
1015,800
1016,15
1017,2250
1018,94
1019,2/3
1020,6
1021,40%
1022,50%
1023,62.8
1024,9
1025,44080
1026,16000
1027,1
1028,63
1029,144
1030,15和20
1031,2156
1032,748
1033,22.5
1034,14
1035,270
1036,0.36
1037,30
1038,400
1039,5.714285714285714
1040,12
1041,800
1042,12
1043,15.7
1044,28.2
1045,343
1046,27/4
1047,324
1048,12167
1049,8.5
1050,540
1051,400000
1052,40
1053,20
1054,2250
1055,100
1056,3
1057,56.52
1058,25/32
1059,512
1060,684
1061,11.0
1062,1.63
1063,3/4
1064,4
1065,20
1066,73.33
1067,2
1068,75
1069,45
1070,55
1071,15
1072,38
1073,208
1074,5/7
1075,4128
1076,15
1077,272
1078,1.2
1079,36
1080,800
1081,84
1082,25
1083,20
1084,1.3
1085,12.2
1086,11/15
1087,480
1088,8
1089,0.0144
1090,480
1091,45
1092,7500
1093,110
1094,49096
1095,18
1096,1440
1097,3/8
1098,27
1099,120
1100,1/7
1101,16
1102,354
1103,15
1104,180
1105,2/5
1106,29.7
1107,12
1108,180
1109,32
1110,27
1111,3
1112,47.52
1113,20%
1114,800
1115,68
1116,6
1117,5
1118,24
1119,2
1120,15
1121,30
1122,2
1123,10
1124,47/80
1125,1380
1126,14
1127,95
1128,100
1129,0.7
1130,439.22
1131,1
1132,28
1133,550
1134,128
1135,0.375
1136,10.17
1137,15
1138,480
1139,184
1140,24000
1141,27
1142,6
1143,180
1144,25
1145,4
1146,300
1147,448
1148,45
1149,19.3
1150,232
1151,0.8
1152,5/18
1153,770
1154,4.5
1155,180
1156,11
1157,97
1158,1154
1159,-9.6
1160,21
1161,5
1162,80
1163,60
1164,8785
1165,6
1166,25
1167,20
1168,0
1169,15
1170,10.6%
1171,900
1172,120
1173,281.875
1174,24
1175,98%
1176,3
1177,30
1178,2000
1179,276
1180,12
1181,180000000
1182,24
1183,42.5
1184,490
1185,180
1186,1/9
1187,200
1188,600
1189,603
1190,8000
1191,360
1192,27
1193,9000
1194,96
1195,5%
1196,16.7
1197,45
1198,348
1199,330.98
1200,9
1201,25
1202,0.19
1203,25%
1204,51
1205,5.6
1206,37
1207,376
1208,7
1209,5
1210,0.785
1211,425/9
1212,240
1213,32.4%
1214,6
1215,0.025
1216,80
1217,22
1218,140
1219,750
1220,35%
1221,24
1222,0.3214
1223,190.4
1224,375
1225,30
1226,188.4
1227,32000
1228,25
1229,150
1230,0.032
1231,3.2
1232,54
1233,512
1234,9
1235,307.8
1236,810
1237,80
1238,7
1239,24
1240,7.52%
1241,8
1242,400
1243,120
1244,282
1245,4200
1246,220
1247,89
1248,56
1249,540
1250,27
1251,45
1252,12
1253,16
1254,36
1255,8
1256,30
1257,38
1258,24
1259,16
1260,53
1261,22
1262,4
1263,37
1264,6
1265,45
1266,8
1267,-13
1268,23
1269,18
1270,55
1271,106
1272,30
1273,26
1274,46
1275,12
1276,72
1277,7_25
1278,84
1279,30
1280,72
1281,51
1282,84
1283,36
1284,48
1285,40
1286,45
1287,35
1288,27
1289,48
1290,20
1291,24
1292,44
1293,20
1294,20
1295,25
1296,1
1297,3000
1298,8
1299,6
1300,6
1301,20
1302,6
1303,25
1304,6
1305,9
1306,4
1307,5
1308,8
1309,9
1310,6
1311,7
1312,4
1313,32
1314,4
1315,9
1316,13
1317,6
1318,15.5
1319,2
1320,72
1321,144
1322,80
1323,35
1324,28
1325,12
1326,27
1327,7
1328,20
1329,6
1330,42
1331,6
1332,76
1333,22
1334,4
1335,25
1336,54
1337,36
1338,108
1339,5
1340,73
1341,24
1342,6
1343,7
1344,24
1345,84
1346,31
1347,33
1348,24
1349,17
1350,42
1351,16
1352,19
1353,28
1354,17
1355,27
1356,84
1357,75.36
1358,640
1359,350
1360,128
1361,30600
1362,30000
1363,5/9
1364,300
1365,4/9
1366,10
1367,25
1368,29584
1369,23
1370,16
1371,81
1372,335
1373,10
1374,93
1375,19/35
1376,750
1377,128
1378,9
1379,0.96
1380,2.7
1381,1962.5
1382,160
1383,30
1384,330
1385,10.8
1386,28
1387,2
1388,130
1389,6.85
1390,40
1391,15
1392,48000
1393,40
1394,40
1395,16
1396,4
1397,58
1398,100
1399,704
1400,3
1401,180
1402,640
1403,60
1404,30
1405,9
1406,9
1407,315
1408,787
1409,125
1410,377
1411,20
1412,10
1413,40
1414,144
1415,28800
1416,24000
1417,3
1418,342
1419,30
1420,53/60
1421,30.6
1422,33.45
1423,4.5
1424,0.008
1425,9
1426,9
1427,4
1428,126
1429,5
1430,10/9
1431,28
1432,6
1433,262
1434,4
1435,44.3
1436,190
1437,274.96
1438,0.2
1439,72000
1440,32
1441,10
1442,110
1443,3.5
1444,4
1445,40
1446,14850
1447,62
1448,1.35
1449,4
1450,44
1451,84
1452,276
1453,307
1454,2160
1455,40
1456,169
1457,31
1458,9
1459,9
1460,3600
1461,560
1462,96
1463,390
1464,2
1465,180
1466,1
1467,143
1468,8
1469,0.85
1470,137
1471,92
1472,3.75
1473,36
1474,24
1475,8
1476,50
1477,9000
1478,4
1479,16
1480,1.625
1481,8976
1482,5
1483,3
1484,129/50
1485,4
1486,1
1487,36
1488,8
1489,56
1490,228
1491,45
1492,40
1493,7000
1494,32
1495,1.024
1496,5
1497,-8
1498,11.8
1499,2370
1500,90
1501,3.6
1502,149
1503,4
1504,371
1505,28
1506,18
1507,27
1508,30
1509,180
1510,945
1511,50
1512,320000
1513,180
1514,-12
1515,760
1516,216
1517,1.55
1518,6772
1519,19.25
1520,180
1521,28
1522,300
1523,105000
1524,331
1525,6
1526,140
1527,7.5
1528,102.4
1529,780
1530,200
1531,14
1532,15
1533,17.5
1534,4800
1535,0.5
1536,2.5
1537,19
1538,1/21
1539,160
1540,128
1541,75.36
1542,29
1543,90
1544,12
1545,400
1546,230
1547,19.5
1548,1
1549,7.5
1550,390
1551,56
1552,122
1553,2250
1554,3.92
1555,753.6
1556,2.2608
1557,3
1558,1
1559,0.2
1560,20.25
1561,17
1562,15
1563,48
1564,30
1565,250
1566,1200
1567,23/12
1568,5760
1569,90
1570,3000
1571,12.8
1572,31.4
1573,7.5
1574,320
1575,25
1576,1884
1577,10
1578,210
1579,294
1580,125
1581,6.4
1582,125
1583,250
1584,125
1585,620
1586,300
1587,106.7
1588,15
1589,9.6
1590,73
1591,2976
1592,180
1593,175
1594,150
1595,-64
1596,5.2
1597,30.8%
1598,8
1599,100/27
1600,30
1601,330
1602,40
1603,800
1604,15
1605,10%
1606,1512
1607,2520
1608,8
1609,6.28
1610,5024
1611,5024
1612,750
1613,96
1614,37.68
1615,64
1616,563
1617,32
1618,1
1619,56
1620,52
1621,210
1622,483.84
1623,120
1624,10000%
1625,360.46
1626,48
1627,25
1628,1
1629,9.375
1630,1000.25
1631,20/3
1632,0.9
1633,2
1634,85
1635,72000000
1636,11
1637,20
1638,11
1639,6.25
1640,96
1641,1.58
1642,352
1643,720
1644,55
1645,50
1646,2.026
1647,0.0125
1648,73.5
1649,6
1650,1770
1651,50
1652,1.2
1653,15
1654,92%
1655,1256
1656,0.5
1657,400
1658,31
1659,0.2
1660,800
1661,4
1662,1/5
1663,18
1664,3.2
1665,5
1666,58
1667,396
1668,625
1669,27.38%
1670,37/100
1671,15
1672,100
1673,30
1674,50
1675,40
1676,200
1677,12
1678,288
1679,7500
1680,10
1681,963/10
1682,142
1683,150
1684,2.8
1685,80
1686,150
1687,270
1688,3925
1689,150
1690,1120
1691,4
1692,1.5
1693,50
1694,37.68
1695,360
1696,1000000
1697,2.8
1698,30
1699,8
1700,34
1701,20
1702,7.14
1703,1
1704,8/3
1705,0.25
1706,8/3
1707,30
1708,4
1709,10
1710,960
1711,34
1712,66
1713,40
1714,800
1715,72
1716,35
1717,400
1718,30
1719,720
1720,0.4
1721,54.76
1722,4.5
1723,243
1724,41.07
1725,74
1726,20
1727,50.24
1728,8
1729,360
1730,1.2
1731,0.7692307692307692
1732,110
1733,37.5
1734,25
1735,45
1736,35
1737,130
1738,352
1739,808
1740,23
1741,20
1742,180
1743,1380
1744,160
1745,56
1746,76
1747,8792
1748,7
1749,2240
1750,114
1751,31.2
1752,7
1753,1.74
1754,25
1755,9
1756,3/5
1757,900
1758,31.4
1759,800
1760,17
1761,192
1762,32.13
1763,100
1764,20
1765,60
1766,500
1767,30
1768,36
1769,8
1770,3
1771,2400
1772,45
1773,2700
1774,12
1775,230
1776,800
1777,300
1778,22960
1779,1030
1780,0.02
1781,9
1782,1175
1783,1800
1784,67
1785,9
1786,12
1787,6
1788,238
1789,5
1790,600
1791,250
1792,20
1793,11460
1794,5
1795,22
1796,1
1797,196
1798,24
1799,500
1800,40000
1801,1
1802,3360
1803,19.2
1804,300
1805,942
1806,7200
1807,38
1808,80/9
1809,8
1810,660
1811,8
1812,75.36
1813,1
1814,7
1815,45
1816,21
1817,0.5
1818,102
1819,31.5
1820,7040
1821,54
1822,215
1823,9
1824,379.24
1825,1295
1826,1.04
1827,5
1828,95
1829,207.89
1830,40
1831,3
1832,5
1833,10000
1834,272
1835,1005.36
1836,2735
1837,4
1838,12
1839,32
1840,3.5
1841,2
1842,9
1843,4
1844,2.8
1845,50.24
1846,125
1847,204
1848,9
1849,3000
1850,818
1851,159.4
1852,36
1853,1035
1854,3
1855,12
1856,450
1857,1200
1858,60
1859,7
1860,12
1861,0.12
1862,96
1863,3
1864,7
1865,5
1866,1190
1867,6
1868,57
1869,6720
1870,630
1871,30
1872,5400
1873,8000
1874,1
1875,11
1876,24
1877,6
1878,126
1879,48
1880,25.2
1881,6.97
1882,6
1883,3948
1884,1096
1885,18
1886,28
1887,6
1888,720
1889,3
1890,16
1891,4%
1892,54
1893,28.26
1894,150
1895,64
1896,0.133
1897,3.25
1898,1.5
1899,40
1900,9
1901,40
1902,0.36
1903,2.1
1904,20.25
1905,120
1906,1680
1907,600
1908,27
1909,15.75
1910,2250
1911,1469
1912,12
1913,9
1914,7
1915,108
1916,324
1917,11
1918,16
1919,96
1920,12
1921,576
1922,11
1923,123
1924,0
1925,420
1926,140
1927,3.6
1928,2.25
1929,367.92
1930,20
1931,5
1932,80
1933,45
1934,8995
1935,3
1936,1800
1937,3.2952
1938,4
1939,40
1940,7/4
1941,21
1942,125.6
1943,2000
1944,33.585
1945,2358
1946,795
1947,350
1948,12
1949,7800
1950,20%
1951,70
1952,6
1953,2.7485714285714285
1954,2
1955,97423.43
1956,300
1957,217
1958,78.5
1959,37
1960,16
1961,0.04
1962,3740
1963,1
1964,39024
1965,2416
1966,135.6
1967,240
1968,44.51
1969,18
1970,89
1971,4.1
1972,3.6
1973,2.51
1974,6
1975,42
1976,19/4
1977,3
1978,0.5
1979,10
1980,3000
1981,30
1982,14.4
1983,25
1984,6
1985,78
1986,200
1987,9/2
1988,420
1989,347
1990,201
1991,7
1992,14940
1993,432.5
1994,22
1995,460.5
1996,18
1997,3
1998,21
1999,1.6
2000,20
2001,168
2002,5
2003,81
2004,20
2005,45
2006,260
2007,885
2008,900
2009,621
2010,882
2011,45
2012,1300
2013,0.05
2014,8
2015,81
2016,14
2017,4.7
2018,15
2019,100
2020,200
2021,96
2022,150
2023,400
2024,13
2025,207.2
2026,50
2027,15
2028,4
2029,15%
2030,87.5%
2031,4
2032,63
2033,49
2034,720
2035,2300
2036,648
2037,720
2038,384
2039,2/3
2040,0.4375
2041,113.04
2042,289.2
2043,5
2044,0.825
2045,3
2046,240
2047,10
2048,3
2049,20
2050,9
2051,1061
2052,216
2053,740.8
2054,80
2055,301.44
2056,180
2057,2250
2058,9
2059,0.2
2060,800
2061,42
2062,5415
2063,29.2
2064,40
2065,40
2066,7500
2067,256000
2068,12.56
2069,315
2070,72
2071,270
2072,3000
2073,96
2074,840
2075,103
2076,1500
2077,4
2078,400
2079,2000
2080,0.91
2081,23
2082,35
2083,6
2084,3750
2085,80
2086,984
2087,54
2088,45
2089,1740
2090,128
2091,108
2092,555.56
2093,900
2094,672
2095,31531.2
2096,10
2097,9
2098,4.8
2099,34
2100,780
2101,2000
2102,20
2103,52
2104,16
2105,18
2106,387.5
2107,252
2108,1560
2109,否
2110,13
2111,420
2112,12
2113,19.568
2114,160
2115,622
2116,4
2117,2000
2118,78.5
2119,84
2120,15
2121,88
2122,78.5
2123,81
2124,1.1
2125,0.5
2126,830
2127,99
2128,268
2129,40
2130,5/96
2131,300
2132,16
2133,3820
2134,7
2135,1318.8
2136,22
2137,7
2138,14
2139,12
2140,2.5
2141,4
2142,10
2143,12
2144,1.256
2145,15
2146,1296
2147,24
2148,2/3
2149,4
2150,181.4
2151,39.4
2152,200
2153,1200
2154,709
2155,2
2156,3
2157,120
2158,13
2159,45.216
2160,3.5
2161,480
2162,732
2163,57.6
2164,23
2165,65
2166,12004
2167,470
2168,18
2169,25
2170,2
2171,10/13
2172,34%
2173,10374.6
2174,6
2175,12%
2176,65%
2177,29
2178,100
2179,24
2180,7850
2181,45
2182,715
2183,10
2184,180
2185,72
2186,27
2187,441
2188,896
2189,300
2190,900
2191,12
2192,30
2193,56
2194,-1
2195,3400
2196,24
2197,0.628
2198,201960
2199,12
2200,180
2201,344
2202,2520
2203,11400
2204,2
2205,4
2206,18
2207,280
2208,16
2209,245
2210,496
2211,70.65
2212,210
2213,1.8
2214,1.45
2215,2
2216,9
2217,350
2218,10
2219,21
2220,10890
2221,3750
2222,495
2223,42
2224,0.25
2225,62.5
2226,0.6
2227,80
2228,6.45
2229,2000
2230,91.952
2231,4
2232,80
2233,72
2234,8
2235,2
2236,18
2237,44
2238,30
2239,160
2240,1500
2241,153
2242,-48
2243,301
2244,45
2245,1.5
2246,6
2247,2
2248,4.5
2249,320
2250,376.8
2251,15
2252,138
2253,16
2254,1440
2255,9
2256,60
2257,5750
2258,32
2259,1
2260,288
2261,16%
2262,22%
2263,39.8
2264,4
2265,50
2266,232
2267,22.5
2268,62
2269,8
2270,1.5
2271,47
2272,44
2273,40
2274,20
2275,729
2276,1053
2277,320
2278,10
2279,0.427
2280,240
2281,320
2282,3000
2283,1190
2284,3500
2285,60
2286,8.33
2287,37.5
2288,15
2289,280
2290,11
2291,27
2292,45
2293,40
2294,48
2295,50.24
2296,72
2297,5
2298,2
2299,188.4
2300,24
2301,1.5
2302,299.5
2303,10
2304,123.6
2305,0.5
2306,6
2307,240
2308,14
2309,8
2310,8
2311,5
2312,9
2313,780
2314,5250
2315,6
2316,1872
2317,1780
2318,18/5
2319,120
2320,225
2321,40
2322,360
2323,29.6
2324,75
2325,900
2326,399
2327,70
2328,4.5
2329,13
2330,120
2331,77
2332,1
2333,4200
2334,0.624
2335,100
2336,12
2337,5
2338,738
2339,2
2340,2
2341,1520
2342,1.56
2343,53
2344,5/84
2345,560
2346,52
2347,2592
2348,48
2349,327
2350,1080
2351,50
2352,35
2353,12
2354,150
2355,270
2356,2160280000
2357,13
2358,3.5
2359,1243
2360,12%
2361,13
2362,448
2363,8
2364,476
2365,330
2366,20
2367,307.92
2368,0.3
2369,3
2370,40
2371,7
2372,0.175
2373,45
2374,48
2375,40
2376,14
2377,43
2378,12
2379,-0.4667
2380,80
2381,24
2382,2.5
2383,360
2384,1120
2385,220
2386,55
2387,930
2388,14
2389,0.75
2390,40
2391,7200000000
2392,210
2393,1.5
2394,-235
2395,5
2396,210
2397,8
2398,75
2399,1.6
2400,14.7
2401,28.4
2402,0.002
2403,8
2404,275
2405,22
2406,49
2407,6.5
2408,11
2409,36π
2410,2
2411,9.42
2412,5
2413,4
2414,1/12
2415,60
2416,3.14
2417,280
2418,60
2419,20
2420,94.2
2421,160
2422,6
2423,4
2424,10.89
2425,188.4
2426,16
2427,8
2428,50
2429,7.2
2430,20
2431,5
2432,360/7
2433,8
2434,120
2435,92
2436,30
2437,11576.8
2438,20
2439,8
2440,30
2441,189
2442,18
2443,24
2444,44
2445,17
2446,75
2447,280
2448,7
2449,12000
2450,1650
2451,30
2452,80
2453,565.8
2454,225/16
2455,60
2456,8%
2457,48
2458,1小时15分钟
2459,1256
2460,10
2461,6
2462,2
2463,34
2464,21.296
2465,300
2466,50.24
2467,24
2468,5
2469,3.2
2470,16
2471,44
2472,9
2473,1
2474,12
2475,80
2476,25
2477,35
2478,25
2479,60
2480,675
2481,571
2482,24
2483,4
2484,6
2485,600
2486,0.27
2487,6130
2488,4
2489,8
2490,8
2491,16
2492,11
2493,4
2494,80
2495,98
2496,5
2497,21000
2498,0.25
2499,79
2500,26.77
2501,1997
2502,1980
2503,23
2504,65%
2505,10
2506,4
2507,840
2508,480
2509,10
2510,600
2511,113.04
2512,7630
2513,18.84
2514,0.252
2515,37.5
2516,7/90
2517,5.024
2518,94.28
2519,3
2520,208.5
2521,5840
2522,9
2523,4
2524,18
2525,83200
2526,4
2527,38
2528,40
2529,48
2530,12
2531,5/4
2532,25
2533,70
2534,240
2535,28
2536,80000
2537,108
2538,20
2539,36
2540,6
2541,7
2542,10
2543,2
2544,300
2545,9
2546,960
2547,200
2548,240
2549,22
2550,4
2551,5
2552,9
2553,25%
2554,0.95
2555,1
2556,392
2557,401.92
2558,2
2559,1920
2560,12%
2561,20
2562,9.2
2563,12
2564,3/40
2565,1
2566,80
2567,200.96
2568,54
2569,720
2570,60
2571,3020
2572,8
2573,3
2574,15
2575,60
2576,1.25
2577,56.67
2578,15.7
2579,3320
2580,62
2581,12
2582,12
2583,38
2584,2630.4
2585,3.2
2586,48
2587,15
2588,2
2589,7
2590,2.0375
2591,24
2592,2955
2593,220
2594,240
2595,400
2596,175
2597,9.45
2598,43.2
2599,80
2600,125
2601,3360
2602,3600
2603,30
2604,16
2605,36
2606,21
2607,10000000
2608,6.4
2609,22
2610,60
2611,47.1
2612,1758
2613,225
2614,475
2615,34
2616,82.2
2617,1800
2618,1000
2619,4
2620,0.975
2621,0.2
2622,4/11
2623,8
2624,3
2625,113.04
2626,100.48
2627,15000
2628,11
2629,190
2630,150
2631,6000000
2632,64
2633,74
2634,500
2635,80
2636,8
2637,450
2638,20
2639,2
2640,10
2641,9
2642,5
2643,64
2644,27
2645,128
2646,22
2647,36
2648,343
2649,90
2650,12.56
2651,7089.152
2652,8
2653,50
2654,72
2655,25
2656,7.5
2657,4
2658,10.67
2659,61.5
2660,37.68
2661,62.5
2662,5
2663,12
2664,420
2665,1200
2666,3.46
2667,100%
2668,5
2669,294
2670,0.42105384615384615
2671,400
2672,3.5
2673,19
2674,10
2675,35
2676,8
2677,2
2678,784
2679,24.536
2680,52
2681,2
2682,2.56
2683,600000
2684,80
2685,2800
2686,15%
2687,10
2688,48
2689,13
2690,180
2691,5440
2692,75
2693,246
2694,19.0
2695,10
2696,539.84
2697,530
2698,3
2699,20
2700,11
2701,20
2702,800
2703,100
2704,0.72
2705,200
2706,5
2707,96
2708,3
2709,3.7
2710,7.2
2711,8
2712,97.9
2713,720
2714,2
2715,370
2716,161.888
2717,15
2718,24
2719,12.5
2720,11200
2721,1452
2722,19200
2723,2223
2724,20400
2725,18/5
2726,15
2727,30
2728,2220
2729,10
2730,139
2731,810
2732,10
2733,200
2734,3.33
2735,30
2736,7.5
2737,10
2738,7.09
2739,22
2740,1/3
2741,10
2742,3
2743,80
2744,40
2745,875
2746,18
2747,24
2748,60
2749,320
2750,9
2751,16
2752,1000
2753,0.2
2754,11/5
2755,160
2756,6.3
2757,200
2758,43.2
2759,1.6
2760,2
2761,280
2762,400
2763,432
2764,116
2765,20.8
2766,3
2767,4.56
2768,-419
2769,7/4
2770,0.1
2771,2.64
2772,6
2773,30
2774,100
2775,24
2776,48
2777,5880
2778,100
2779,250
2780,7/9
2781,18
2782,0.55
2783,8
2784,375
2785,7
2786,225
2787,24
2788,600
2789,13
2790,7
2791,8/9
2792,36
2793,16
2794,50
2795,100
2796,3
2797,1
2798,5.9
2799,7
2800,7
2801,90
2802,7
2803,1000000
2804,5984
2805,43.02
2806,496
2807,7
2808,45
2809,16
2810,150.72
2811,1344
2812,240/11
2813,7
2814,301.44
2815,8
2816,4.5
2817,900
2818,49
2819,620
2820,3.14
2821,130
2822,140
2823,8
2824,1/3
2825,116
2826,3200
2827,3
2828,250
2829,32
2830,11.2
2831,17
2832,0.098
2833,72
2834,348
2835,4
2836,19
2837,1473.7
2838,480
2839,40%
2840,4.5
2841,48
2842,60
2843,14.4
2844,720
2845,1130.4
2846,240
2847,9
2848,94.2
2849,846
2850,9
2851,16
2852,36
2853,2.5
2854,120
2855,9.1%
2856,1
2857,28
2858,3
2859,11.25
2860,5000
2861,308
2862,7
2863,43.8
2864,15.5
2865,16
2866,10
2867,400
2868,4.71
2869,1000
2870,16
2871,60
2872,1296
2873,5
2874,25.12
2875,750
2876,7
2877,9/8
2878,910
2879,32
2880,5
2881,7200
2882,20%
2883,30
2884,80
2885,5.4
2886,25
2887,1256
2888,1140
2889,251.2
2890,1610
2891,270
2892,4.56
2893,64
2894,320
2895,20%
2896,7.5
2897,795
2898,2370
2899,1375
2900,1
2901,527
2902,3
2903,9
2904,2
2905,132
2906,1
2907,120
2908,50.24
2909,192
2910,8
2911,11
2912,505
2913,66
2914,6.28
2915,160
2916,15
2917,753.6
2918,55
2919,379
2920,94.76
2921,24
2922,16
2923,6600
2924,20
2925,25.12
2926,970
2927,9
2928,10
2929,8
2930,132
2931,25
2932,4008
2933,80
2934,9
2935,808.912
2936,100
2937,78.5
2938,8
2939,10.29
2940,11520
2941,326
2942,100.48
2943,162
2944,12
2945,75.36
2946,400
2947,48
2948,65
2949,428.85
2950,42
2951,3.45
2952,96
2953,47.49
2954,280
2955,16.875
2956,14
2957,8
2958,36
2959,18
2960,4
2961,333
2962,41
2963,180
2964,8
2965,32
2966,70
2967,81
2968,80
2969,140
2970,24
2971,21.07
2972,390
2973,12
2974,4.8
2975,12
2976,8和9
2977,125.6
2978,180
2979,40
2980,8
2981,94.6%
2982,49
2983,50
2984,70
2985,175
2986,1.26
2987,35
2988,80
2989,240
2990,0.58
2991,625
2992,785
2993,495.36
2994,1400
2995,4
2996,320
2997,127
2998,18
2999,8
3000,30
3001,240
3002,88
3003,62.8
3004,0.8
3005,48
3006,27
3007,9
3008,126
3009,135.968
3010,7.065
3011,3.9
3012,5.024
3013,1217
3014,37.68
3015,300
3016,14
3017,75
3018,48
3019,135
3020,40
3021,96
3022,960
3023,89.2
3024,3.6
3025,1777
3026,44
3027,17200
3028,113.04
3029,17.28
3030,60
3031,742
3032,1.4
3033,18/5
3034,8
3035,80
3036,140
3037,5
3038,13%
3039,1.8
3040,628
3041,1
3042,7/20
3043,0.6
3044,1350
3045,15
3046,400
3047,1680
3048,8
3049,1/5
3050,5
3051,104
3052,19
3053,10
3054,58
3055,83
3056,80
3057,28
3058,513
3059,513.6
3060,18750
3061,1248
3062,37.68
3063,87.92
3064,70
3065,59
3066,180
3067,25
3068,140
3069,100
3070,160
3071,3540
3072,45%
3073,166
3074,4.5
3075,1336
3076,30
3077,155808
3078,72
3079,45
3080,57
3081,80
3082,904.32
3083,0.50
3084,12
3085,240
3086,120
3087,20
3088,13.5
3089,64
3090,98%
3091,1404
3092,75
3093,45
3094,490
3095,115.2
3096,478
3097,1.2
3098,235.5
3099,3
3100,0.44
3101,100/314
3102,48
3103,24
3104,72
3105,0
3106,45
3107,825
3108,50
3109,2
3110,4
3111,360
3112,192
3113,160
3114,470
3115,2.2
3116,1800
3117,240
3118,10
3119,45
3120,19.625
3121,650
3122,810
3123,2.25
3124,1800
3125,160
3126,2225
3127,70
3128,3
3129,400
3130,3250
3131,132
3132,0.5
3133,8.5
3134,20000π
3135,48
3136,183.02
3137,90
3138,640
3139,48
3140,2.5%
3141,12000
3142,28
3143,4
3144,8
3145,572
3146,4
3147,1500
3148,1.1
3149,50
3150,11
3151,30
3152,24
3153,77.5
3154,5.8
3155,1.5
3156,0.405
3157,0.54
3158,28.8
3159,18
3160,3.2
3161,14.0625
3162,4988.48
3163,20%
3164,1.44
3165,240
3166,45
3167,26
3168,94
3169,7
3170,20
3171,20
3172,32
3173,15
3174,64.25
3175,140
3176,1841
3177,5
3178,624
3179,48
3180,2700
3181,36.3
3182,4
3183,0.7
3184,2880
3185,180
3186,5.5
3187,121
3188,777
3189,200
3190,486
3191,255
3192,92
3193,60
3194,720
3195,30
3196,52
3197,6400
3198,1800
3199,345
3200,70
3201,96
3202,3600
3203,48
3204,124
3205,9
3206,245
3207,125.33
3208,93
3209,220
3210,120
3211,11.14
3212,72
3213,7
3214,9
3215,75
3216,3
3217,800
3218,24
3219,130
3220,11
3221,4
3222,15
3223,210
3224,360
3225,4
3226,160
3227,3
3228,20
3229,8
3230,2520
3231,384
3232,360
3233,162
3234,38
3235,2880
3236,864
3237,3250
3238,175
3239,1250
3240,63
3241,9900
3242,1158
3243,4640
3244,1600
3245,1800
3246,1760
3247,372
3248,1880
3249,3600
3250,280
3251,17
3252,300
3253,1200
3254,30
3255,9
3256,25
3257,4
3258,8
3259,4
3260,1692
3261,9
3262,937
3263,24
3264,3
3265,7
3266,8
3267,480
3268,35
3269,186
3270,225
3271,25%
3272,27
3273,7
3274,75
3275,336
3276,180
3277,35
3278,305
3279,625
3280,784
3281,5124
3282,6
3283,130
3284,302
3285,5.09
3286,-11
3287,9
3288,53
3289,5400
3290,10
3291,218
3292,120
3293,9
3294,45
3295,29
3296,94
3297,200
3298,1000
3299,105
3300,13
3301,27
3302,224
3303,109
3304,-99
3305,11
3306,447
3307,477
3308,103
3309,39
3310,148
3311,740
3312,27
3313,9
3314,31
3315,7
3316,63
3317,315
3318,9177
3319,8/9
3320,220
3321,30
3322,605
3323,21
3324,8520
3325,60
3326,200
3327,0.32
3328,1425
3329,93
3330,56.25
3331,30
3332,640
3333,1440
3334,525
3335,225
3336,195.5
3337,31
3338,1456
3339,576
3340,150
3341,720
3342,95
3343,4
3344,-55.6875
3345,5/4
3346,100
3347,15
3348,1200
3349,78
3350,32
3351,13
3352,13
3353,48
3354,39
3355,2600
3356,784
3357,130
3358,60
3359,86
3360,1320
3361,250
3362,204
3363,504
3364,36
3365,40
3366,39
3367,300
3368,119
3369,10
3370,13500
3371,24045
3372,1052
3373,792
3374,658
3375,32/9
3376,8
3377,910
3378,300
3379,256
3380,27
3381,1043
3382,105
3383,12672
3384,1122
3385,84
3386,-158
3387,15
3388,24
3389,175
3390,98
3391,144
3392,960
3393,24
3394,40
3395,130
3396,24
3397,25
3398,60
3399,100
3400,845
3401,90
3402,5
3403,52
3404,30
3405,46
3406,214
3407,200
3408,35
3409,16
3410,100
3411,6
3412,216
3413,4185
3414,0.87
3415,303
3416,3
3417,18300
3418,16
3419,1326
3420,56
3421,111
3422,552
3423,480
3424,1700
3425,5
3426,6240
3427,432
3428,1
3429,25
3430,48
3431,37
3432,1907
3433,16
3434,131
3435,7.05
3436,3
3437,15
3438,30
3439,87
3440,0.72
3441,3
3442,150
3443,30
3444,2075
3445,279
3446,700
3447,7.2
3448,92
3449,96
3450,1400
3451,172
3452,5200
3453,1.07
3454,2004
3455,98
3456,14
3457,532
3458,45
3459,8
3460,33
3461,3
3462,15
3463,336
3464,43
3465,3
3466,700
3467,180
3468,58
3469,94
3470,5.4
3471,15
3472,6.2
3473,1000
3474,13
3475,150
3476,18
3477,4
3478,3
3479,600
3480,840
3481,8
3482,33.33
3483,126
3484,400
3485,64
3486,200
3487,72
3488,288
3489,1.8
3490,12.5
3491,192
3492,10
3493,220.5
3494,1
3495,45
3496,2
3497,6
3498,0.45
3499,6
3500,6
3501,16
3502,100
3503,400
3504,4
3505,3040
3506,14
3507,75
3508,6
3509,12.8
3510,300
3511,420
3512,12
3513,3750
3514,98.71
3515,5760
3516,312
3517,5
3518,6
3519,3500
3520,192
3521,8
3522,24
3523,6
3524,48
3525,500
3526,450
3527,270
3528,10
3529,58
3530,4
3531,1.4285714285714286
3532,23
3533,94
3534,0.2
3535,0.2
3536,9
3537,6
3538,576
3539,636
3540,50
3541,300
3542,12130
3543,2600
3544,6
3545,5
3546,14
3547,1494
3548,588
3549,2000
3550,64
3551,75
3552,15
3553,5200
3554,205
3555,60
3556,216
3557,3
3558,25
3559,57
3560,428
3561,1400
3562,840
3563,9
3564,3800
3565,174
3566,32
3567,584
3568,1512
3569,2
3570,12
3571,6
3572,8
3573,35
3574,42
3575,220
3576,44
3577,16
3578,24
3579,10
3580,3960
3581,80
3582,38
3583,45
3584,1944
3585,8.9515
3586,30
3587,0
3588,6480
3589,88
3590,4500
3591,52
3592,1.2
3593,50
3594,6.58
3595,2000
3596,175
3597,12
3598,23
3599,14
3600,219
3601,89600
3602,74
3603,817
3604,1500
3605,320
3606,40
3607,15
3608,40
3609,12
3610,2
3611,7
3612,90.6
3613,82
3614,945
3615,8
3616,480
3617,112
3618,24
3619,160
3620,720
3621,10
3622,450
3623,120
3624,1
3625,4960
3626,102
3627,64
3628,216
3629,41
3630,1200
3631,920
3632,660
3633,12900
3634,3575
3635,125
3636,140
3637,505
3638,15
3639,300
3640,166
3641,6
3642,108
3643,3330
3644,17.35
3645,23
3646,12
3647,2450
3648,3
3649,690
3650,20
3651,3
3652,0.4
3653,250
3654,168
3655,44
3656,161
3657,1035
3658,70
3659,982
3660,24
3661,3150
3662,9.5
3663,30
3664,4
3665,566
3666,98
3667,49
3668,485
3669,588
3670,2916
3671,1440
3672,13
3673,50
3674,27.7
3675,640
3676,366.25
3677,59332
3678,4.9
3679,5760
3680,592800
3681,860
3682,10
3683,6
3684,15.5
3685,272
3686,1536
3687,400
3688,1000
3689,448
3690,900
3691,20
3692,7
3693,39
3694,1058
3695,504
3696,28
3697,22
3698,1350
3699,1308
3700,1632
3701,390
3702,880
3703,4
3704,1350
3705,17
3706,4500
3707,54
3708,10
3709,48
3710,6
3711,290
3712,5487
3713,6
3714,600
3715,570
3716,10000
3717,509
3718,12
3719,684
3720,2.5
3721,58
3722,900
3723,72
3724,158125
3725,8
3726,14
3727,9
3728,12
3729,2.1875
3730,1250
3731,84
3732,100
3733,136
3734,534
3735,-800
3736,107
3737,3800
3738,624
3739,5600000
3740,405
3741,600
3742,728
3743,4710
3744,140
3745,450
3746,424
3747,9
3748,300
3749,64
3750,2668
3751,105
3752,49.5
3753,192
3754,1176
3755,360
3756,1430
3757,52
3758,201600
3759,1250
3760,252
3761,96
3762,274
3763,3
3764,0.42
3765,11
3766,4
3767,2270
3768,300
3769,8
3770,49
3771,75
3772,24
3773,9
3774,600
3775,11
3776,20000
3777,100
3778,74275
3779,6/7
3780,552
3781,14
3782,11
3783,175
3784,120
3785,3.2
3786,21500
3787,68
3788,414
3789,946
3790,1.76
3791,3430
3792,90
3793,65
3794,190
3795,93.6
3796,24
3797,18
3798,87
3799,763
3800,880
3801,28.2
3802,8020
3803,3
3804,12
3805,84
3806,1664
3807,4400
3808,54
3809,60
3810,630
3811,144
3812,60
3813,125
3814,892
3815,24
3816,667
3817,15
3818,45
3819,36
3820,10850
3821,40
3822,36
3823,20
3824,60
3825,6
3826,30
3827,1/12
3828,2304
3829,1770
3830,75
3831,43.2
3832,112000
3833,14
3834,140
3835,60
3836,768
3837,8
3838,68
3839,2970
3840,8100
3841,1392
3842,192
3843,2035
3844,6
3845,8
3846,7
3847,576
3848,95
3849,5850
3850,90
3851,256
3852,0.7
3853,54
3854,2520
3855,100
3856,96
3857,216
3858,455
3859,1825
3860,96
3861,96
3862,140
3863,1440
3864,468
3865,3800
3866,1680
3867,375
3868,352
3869,5000
3870,200
3871,40
3872,15
3873,1344
3874,19.25
3875,5760
3876,54
3877,45
3878,406
3879,199.99
3880,10.24
3881,1
3882,24
3883,-155
3884,16
3885,35
3886,21.6
3887,80
3888,3.2
3889,1200
3890,12
3891,8
3892,1.86
3893,108
3894,8
3895,24
3896,270
3897,9
3898,11
3899,25
3900,17
3901,不能
3902,40
3903,800
3904,2
3905,61
3906,144
3907,26
3908,14.5
3909,0.36
3910,410
3911,6
3912,91
3913,140
3914,18034
3915,5600
3916,510
3917,10
3918,3360
3919,312
3920,20
3921,1470
3922,2100
3923,12
3924,775
3925,10
3926,7
3927,240
3928,225
3929,50
3930,100
3931,4.08
3932,32
3933,6.2
3934,95
3935,25
3936,1680
3937,11
3938,123
3939,9720
3940,396
3941,1247
3942,6
3943,768
3944,8
3945,7
3946,204
3947,3.175
3948,225
3949,11.84
3950,792
3951,420
3952,12
3953,324
3954,462
3955,200
3956,682
3957,3750
3958,6
3959,8
3960,6.28
3961,360
3962,72
3963,375
3964,460.5
3965,48
3966,81
3967,8
3968,220
3969,1/2
3970,10
3971,80
3972,45
3973,422
3974,60
3975,40
3976,5
3977,1630
3978,44
3979,390
3980,20
3981,215
3982,2
3983,482
3984,7.5
3985,329.375
3986,51
3987,1.43
3988,2880
3989,1.2
3990,840
3991,4
3992,1250
3993,124
3994,180
3995,13
3996,9
3997,46
3998,200
3999,20
4000,201
4001,5.25
4002,1575
4003,1744
4004,2402
4005,20
4006,27/26
4007,3
4008,118
4009,16_4/9
4010,100
4011,34.56
4012,120
4013,252
4014,135
4015,5.59
4016,20
4017,706
4018,9.6
4019,18.6
4020,28
4021,1.04
4022,8
4023,230
4024,74
4025,5600
4026,37
4027,5
4028,350
4029,25
4030,1
4031,18
4032,30
4033,960
4034,50.33
4035,8
4036,4
4037,624
4038,1840
4039,227.6
4040,30.4125
4041,500
4042,50
4043,800
4044,12
4045,240
4046,2400
4047,250000
4048,88
4049,120
4050,252
4051,10/3
4052,300
4053,2027
4054,0.06
4055,126
4056,12
4057,250
4058,234
4059,24
4060,240
4061,2435
4062,2880
4063,645
4064,3
4065,205
4066,103
4067,390
4068,20
4069,1008
4070,21.6
4071,200
4072,1
4073,176
4074,1400
4075,182
4076,30
4077,6
4078,3.875
4079,17
4080,6
4081,320
4082,965
4083,1712
4084,10
4085,600
4086,129
4087,1442
4088,1200
4089,11
4090,48
4091,930
4092,79
4093,320
4094,9600
4095,3284
4096,8
4097,3
4098,308
4099,512
4100,45.97
4101,300
4102,800
4103,15
4104,15
4105,904
4106,160
4107,1728
4108,61
4109,3.3
4110,8
4111,1.2
4112,5
4113,37
4114,4060
4115,90
4116,8
4117,20
4118,12
4119,690
4120,3
4121,5
4122,48
4123,9
4124,3
4125,50
4126,300000
4127,1120
4128,98
4129,75
4130,0.875
4131,722
4132,1095
4133,26.2
4134,700
4135,10.9
4136,45
4137,2
4138,1/6
4139,14400
4140,84
4141,122
4142,300
4143,675
4144,1112
4145,40
4146,8
4147,67
4148,12
4149,1163
4150,202
4151,30
4152,7
4153,624
4154,837
4155,5.2
4156,6
4157,424
4158,24
4159,27
4160,11
4161,120
4162,628
4163,35
4164,72.5
4165,360
4166,97
4167,1560
4168,15
4169,65
4170,64
4171,18.375
4172,73.125
4173,3600
4174,3456
4175,9375
4176,28
4177,19.7024
4178,147.52
4179,15
4180,40080
4181,600
4182,40
4183,169
4184,32
4185,3.6
4186,15
4187,108
4188,3
4189,5
4190,27
4191,2.75
4192,300
4193,8
4194,1
4195,30.97
4196,194.44
4197,100
4198,50.24
4199,27
4200,1440
4201,216
4202,30%
4203,80
4204,3.14
4205,22500
4206,9
4207,1220
4208,136
4209,780
4210,94
4211,19
4212,9
4213,420
4214,43
4215,24
4216,4
4217,480
4218,250
4219,1050
4220,0.1
4221,120
4222,25.5
4223,384
4224,7
4225,104
4226,2.31
4227,180
4228,20
4229,188.4
4230,20
4231,30
4232,19.452
4233,12.5%
4234,525.6
4235,80
4236,30
4237,1.08
4238,11
4239,17
4240,73.33
4241,30
4242,80
4243,680
4244,61
4245,640
4246,700
4247,153
4248,480
4249,1.5
4250,3
4251,38
4252,900
4253,6.45
4254,72
4255,34
4256,67.2
4257,12
4258,190
4259,12
4260,10
4261,548
4262,18.04
4263,738
4264,288
4265,8
4266,0.9
4267,52
4268,58
4269,6.28
4270,0.4
4271,50
4272,32
4273,63
4274,48
4275,540
4276,58
4277,140
4278,30
4279,5552
4280,306
4281,120.86
4282,37.5
4283,50
4284,27
4285,900
4286,42
4287,2700
4288,90
4289,489120
4290,12
4291,9
4292,10
4293,3049
4294,2025
4295,48
4296,64
4297,-414
4298,47
4299,24
4300,7
4301,40
4302,1440
4303,17.5
4304,360
4305,75.84
4306,65
4307,3
4308,7.8
4309,0.0222
4310,20
4311,3200
4312,30
4313,12
4314,20%
4315,10%
4316,2646
4317,90
4318,46
4319,20
4320,187
4321,4
4322,245
4323,4
4324,50.24
4325,75.36
4326,52.06
4327,1.07
4328,60
4329,0.61
4330,128
4331,2606
4332,15
4333,288
4334,342
4335,544
4336,1
4337,132
4338,32
4339,0
4340,8%
4341,150
4342,1.25
4343,417.67
4344,20
4345,94.4
4346,40%
4347,3.6
4348,40%
4349,8.63
4350,210
4351,200
4352,6
4353,14.24
4354,3.25
4355,280
4356,8
4357,142
4358,1.82
4359,6
4360,20
4361,20/7
4362,3
4363,2
4364,562.5
4365,17.38
4366,583.2
4367,28/45
4368,187.5
4369,900
4370,54
4371,4.3895
4372,72
4373,30
4374,9
4375,3/4
4376,50
4377,116
4378,150
4379,18
4380,18.84
4381,100
4382,1.34
4383,45
4384,380
4385,25
4386,40
4387,5.7333
4388,600
4389,4.5
4390,2000
4391,112
4392,7.2
4393,3.8
4394,572
4395,6400
4396,6400
4397,225/7
4398,10
4399,4
4400,14
4401,237.6
4402,48
4403,5
4404,200
4405,32
4406,32
4407,16.8
4408,15
4409,13
4410,16
4411,194
4412,6
4413,284
4414,103
4415,0.6666666666666666
4416,30
4417,80
4418,1000
4419,270
4420,9
4421,75
4422,12
4423,50
4424,952.94
4425,150
4426,12600
4427,12.6
4428,125.6
4429,1.0048
4430,11.304
4431,40
4432,2/3
4433,20
4434,0.53
4435,100
4436,979.64
4437,10
4438,50.24
4439,3.14
4440,10
4441,2000
4442,40%
4443,942000
4444,340
4445,40
4446,1170
4447,150
4448,16
4449,942
4450,9.42
4451,3
4452,8
4453,4/3
4454,16000
4455,24
4456,945
4457,2590
4458,5
4459,14.95
4460,216
4461,78.5
4462,180
4463,113.04
4464,25.12
4465,28.26
4466,28.26
4467,3.14
4468,54
4469,840
4470,720
4471,300
4472,196.25
4473,35
4474,25500
4475,50.24
4476,0.5184
4477,14
4478,320
4479,120
4480,4
4481,384
4482,226.08
4483,420
4484,240
4485,150
4486,4608
4487,80.5
4488,5
4489,50.24
4490,38.475
4491,0.9
4492,314
4493,14.5
4494,1400
4495,1
4496,37.68
4497,3.14
4498,360
4499,56
4500,80.35
4501,34.875
4502,3
4503,540
4504,8.052
4505,32%
4506,56.52
4507,25.12
4508,28.26
4509,5652
4510,25
4511,1300
4512,24
4513,70
4514,4
4515,36
4516,21.98
4517,1005.36
4518,65.94
4519,34
4520,7/9
4521,31.2
4522,2350
4523,12.56
4524,25.12
4525,2495.2
4526,466062.4
4527,224
4528,1600
4529,1200
4530,0.0075
4531,20
4532,5000
4533,6
4534,80
4535,300
4536,90
4537,282.6
4538,4.4
4539,235.3
4540,2300
4541,0
4542,7536
4543,28.26
4544,113
4545,94.2
4546,480
4547,15
4548,80
4549,582
4550,50.24
4551,25%
4552,19.68
4553,10
4554,3.2
4555,6
4556,160.394
4557,2500
4558,-74
4559,11.25
4560,1
4561,21.98
4562,0.25
4563,30
4564,6
4565,16
4566,2500
4567,110.9
4568,314
4569,62.8%
4570,56.8
4571,19π
4572,1.92
4573,62.8
4574,125.6
4575,2.4
4576,5
4577,150.72
4578,1.6
4579,5.024
4580,3
4581,18.84
4582,60
4583,30.144
4584,3.9
4585,3.14
4586,47.1
4587,4/25
4588,2058
4589,21
4590,28
4591,4
4592,96
4593,1884
4594,4
4595,1/24
4596,8.5
4597,60/7
4598,14
4599,6
4600,2.512
4601,314
4602,45
4603,80
4604,10.048
4605,12.56
4606,706.5
4607,301.5744
4608,440/9
4609,331
4610,100
4611,1.57
4612,19.625
4613,62.8
4614,4.8
4615,9.42
4616,30
4617,3768
4618,240
4619,8.4
4620,8.04
4621,122%
4622,12
4623,400
4624,1.256
4625,240
4626,8
4627,50.24
4628,150
4629,1250
4630,17.6
4631,12500
4632,72.48
4633,23.5
4634,42
4635,17
4636,25
4637,0.98
4638,32
4639,7
4640,10
4641,2.14
4642,12.56
4643,40.82
4644,7650
4645,550
4646,12.29
4647,112
4648,10
4649,47
4650,9.8
4651,6
4652,300
4653,59.29
4654,1000
4655,2.2
4656,1890
4657,96
4658,20
4659,8.4
4660,56.525
4661,15.3
4662,5275
4663,15
4664,9
4665,314
4666,27
4667,50.24
4668,22
4669,7850
4670,-32
4671,125.6
4672,38.4
4673,61
4674,56
4675,3
4676,314
4677,16%
4678,67.85
4679,219.5
4680,60
4681,13/28
4682,25%
4683,14
4684,9420
4685,22.5
4686,0.75
4687,200
4688,90
4689,0.52
4690,1.2
4691,60
4692,74.5
4693,50.24
4694,31.4
4695,78.5
4696,140
4697,0.86
4698,24
4699,78.5
4700,1187.5
4701,200.96
4702,0.00675
4703,4
4704,3
4705,-10
4706,750
4707,126
4708,469
4709,0
4710,100%
4711,42
4712,69.68
4713,112
4714,16.7952
4715,2.4
4716,56.52
4717,12.56
4718,720
4719,109.45
4720,8π/250
4721,562
4722,297
4723,3
4724,9.42
4725,56.52
4726,432
4727,20
4728,78.5
4729,60
4730,66
4731,350/21
4732,800
4733,133.829
4734,11200
4735,53.38
4736,192
4737,35
4738,1492
4739,1600
4740,9075.2
4741,43.96
4742,50
4743,12.56
4744,587
4745,850.5
4746,2
4747,42
4748,447.7
4749,204.5008
4750,255
4751,24
4752,5.17
4753,72
4754,-900
4755,14
4756,3.14
4757,54
4758,1000000
4759,13333
4760,20.925
4761,9
4762,11.24
4763,200
4764,820.9
4765,18
4766,22.256
4767,314
4768,10
4769,9.856
4770,43.84
4771,4
4772,12.387
4773,1950
4774,70
4775,20
4776,113.04
4777,18.84
4778,5%
4779,8.42
4780,18.84
4781,200.96
4782,2
4783,192
4784,564
4785,19625
4786,600
4787,0.06
4788,13
4789,5.08
4790,30
4791,47700
4792,78.5
4793,1256
4794,18
4795,62.8
4796,706.5
4797,1.792
4798,24
4799,18
4800,1962.5
4801,1.256
4802,4.48
4803,8.09
4804,95
4805,588.96
4806,66
4807,942
4808,188.4
4809,157792
4810,113.04
4811,1884
4812,125.6
4813,30
4814,200
4815,30
4816,11.5846%
4817,31/40
4818,15
4819,2800
4820,6
4821,170.0375
4822,12.56
4823,70
4824,0.0957
4825,300
4826,2.4
4827,147
4828,2.196
4829,113.04
4830,15.072
4831,2750.688
4832,616
4833,5
4834,-28.26
4835,320
4836,112.0
4837,2.3745
4838,62.8
4839,17.65
4840,50/7
4841,8
4842,21600
4843,43.7
4844,2000
4845,4850
4846,24
4847,30
4848,696
4849,384
4850,17/3
4851,16
4852,200
4853,353
4854,8/15
4855,5/3
4856,148.71
4857,1600
4858,21.6
4859,1/30
4860,10
4861,157
4862,2
4863,0.28
4864,20/27
4865,157.8944
4866,15
4867,45/37
4868,189
4869,85
4870,84
4871,40/9
4872,100
4873,1507.2
4874,3014
4875,251.2
4876,314
4877,251.2
4878,192000
4879,12/5
4880,28.26
4881,8
4882,50
4883,1/5
4884,4
4885,750
4886,24
4887,4
4888,49
4889,2/7
4890,5
4891,50
4892,9.6
4893,700
4894,15
4895,4
4896,62.5
4897,90
4898,3
4899,9/16
4900,227.769
4901,50
4902,6
4903,1092
4904,62.8
4905,62.8
4906,20
4907,2
4908,40
4909,22
4910,12
4911,1195.76
4912,10
4913,3
4914,33
4915,48
4916,56.3%
4917,72
4918,5
4919,15
4920,19.6
4921,1140
4922,2
4923,1
4924,7/40
4925,27
4926,2000
4927,3600
4928,39.272
4929,12
4930,75
4931,900
4932,30000000
4933,20%
4934,31.5
4935,40/9
4936,38
4937,10
4938,2
4939,13/4
4940,59
4941,1
4942,9
4943,90
4944,67.5
4945,20
4946,8/9
4947,500
4948,8.05
4949,0.75
4950,84
4951,48
4952,50
4953,53
4954,37980
4955,1/5
4956,52
4957,13
4958,10
4959,50.24
4960,37.68
4961,180
4962,14%
4963,8
4964,1.6
4965,1333.33
4966,83
4967,172
4968,52
4969,62
4970,68
4971,45
4972,68
4973,43
4974,18
4975,63
4976,15
4977,18
4978,34
4979,7
4980,56
4981,9
4982,84
4983,56
4984,63
4985,18
4986,16
4987,24
4988,27
4989,12
4990,35
4991,18
4992,4
4993,5
4994,6
4995,28
4996,32
4997,8
4998,138
4999,9
5000,36
5001,27
5002,32
5003,60
5004,78
5005,125
5006,31
5007,15
5008,8
5009,3
5010,61
5011,47
5012,8
5013,5
5014,7
5015,21
5016,2
5017,2
5018,26
5019,8
5020,8
5021,28
5022,47
5023,6
5024,9
5025,47
5026,81
5027,19
5028,30
5029,20
5030,20
5031,34
5032,32
5033,27
5034,17
5035,10
5036,2
5037,11
5038,56
5039,45
5040,8
5041,19
5042,25
5043,31
5044,80
5045,19
5046,6
5047,30
5048,15
5049,18
5050,13
5051,7
5052,11
5053,25
5054,31
5055,91
5056,35
5057,90
5058,56
5059,36
5060,81
5061,4
5062,55
5063,55
5064,6
5065,18
5066,30
5067,99
5068,97
5069,80
5070,3
5071,51
5072,88
5073,16
5074,26
5075,57
5076,26
5077,10
5078,42
5079,7
5080,9
5081,30
5082,35
5083,16
5084,8
5085,56
5086,32
5087,24
5088,18
5089,33
5090,32
5091,16
5092,24
5093,23
5094,8
5095,6
5096,8
5097,16
5098,15
5099,18
5100,12
5101,18
5102,6
5103,15
5104,49
5105,18
5106,48
5107,7
5108,19
5109,20
5110,82
5111,21
5112,8
5113,27
5114,80
5115,25
5116,4
5117,70
5118,100.24
5119,8
5120,19
5121,960
5122,1200
5123,4
5124,4430
5125,46
5126,32
5127,17
5128,80
5129,19/15
5130,12
5131,35
5132,266
5133,72
5134,70
5135,30
5136,2.8
5137,9
5138,250
5139,393.6
5140,0.2512
5141,2.512
5142,4.225
5143,1841
5144,4
5145,1.5
5146,1120
5147,400
5148,113.1
5149,29
5150,1232
5151,41
5152,800
5153,571.48
5154,14.58
5155,5860
5156,69.5
5157,45
5158,375
5159,240
5160,40
5161,270
5162,5
5163,49
5164,40000
5165,80
5166,32
5167,1008
5168,36
5169,1256
5170,215
5171,6.28
5172,0.968
5173,1000
5174,6
5175,400
5176,27
5177,12
5178,200.96
5179,30
5180,28
5181,1
5182,50
5183,60
5184,200
5185,16
5186,1550
5187,430
5188,421.875
5189,130000
5190,8
5191,16
5192,36
5193,24
5194,100
5195,200
5196,77
5197,20
5198,10
5199,0.2
5200,960
5201,0.048
5202,3
5203,5
5204,30
5205,36.3
5206,5
5207,500
5208,5
5209,0.13
5210,60
5211,0.8
5212,2713.75
5213,3
5214,33
5215,1
5216,96
5217,10.94
5218,10
5219,21.98
5220,380
5221,8
5222,400
5223,80
5224,54.4
5225,36
5226,67.5
5227,7
5228,8
5229,545.45
5230,49.57
5231,12
5232,27.3
5233,24
5234,3360
5235,573400
5236,893.6
5237,18.84
5238,42
5239,81
5240,0.21
5241,2720
5242,500
5243,78.5
5244,8928.33
5245,240
5246,45
5247,26
5248,99
5249,9
5250,7
5251,20
5252,20
5253,32
5254,15
5255,64.25
5256,3.7
5257,44
5258,25
5259,20
5260,27
5261,924.75
5262,98
5263,100
5264,0.8
5265,9
5266,7
5267,118.25
5268,2928
5269,15
5270,23
5271,10
5272,12
5273,12
5274,320
5275,68.57
5276,200
5277,25.2
5278,24
5279,4560
5280,15
5281,3.2
5282,72
5283,1710
5284,15
5285,266.88
5286,39.48
5287,55924.8
5288,10
5289,6
5290,108
5291,60
5292,308
5293,901
5294,1
5295,384
5296,3.5
5297,3
5298,13.5
5299,36
5300,1.26
5301,576
5302,42
5303,7.548
5304,56
5305,156
5306,30
5307,36
5308,4000
5309,400
5310,124.5
5311,15.84
5312,12
5313,12
5314,28.8
5315,10
5316,42
5317,10
5318,300
5319,173.6
5320,30
5321,48
5322,48
5323,0.00075
5324,78.5
5325,180
5326,50
5327,36
5328,36
5329,22000
5330,300
5331,16
5332,1
5333,138
5334,36
5335,7200
5336,288
5337,200
5338,51
5339,50
5340,1057.5
5341,2040
5342,45
5343,384
5344,35.9072
5345,33.984
5346,10
5347,108
5348,14
5349,250
5350,1920
5351,1400
5352,304
5353,1200
5354,15
5355,500
5356,0.8
5357,480
5358,7
5359,9
5360,31400
5361,70.9
5362,3
5363,80
5364,10
5365,37.5
5366,200
5367,37.5
5368,22688
5369,3.7834
5370,401.6
5371,3
5372,10000
5373,360
5374,4
5375,25
5376,30
5377,450
5378,2475
5379,714.29
5380,2.7
5381,45
5382,125sqrt5
5383,2572
5384,26.25
5385,84.57
5386,12
5387,320
5388,9
5389,29
5390,4
5391,512
5392,0.9
5393,30
5394,2.4
5395,1.6
5396,500
5397,2928
5398,143
5399,10
5400,455
5401,2142.85
5402,9
5403,480
5404,33
5405,0.0096
5406,76
5407,160
5408,21
5409,49
5410,30
5411,9.25
5412,25.4
5413,89
5414,1256
5415,1052.2
5416,24
5417,24.3
5418,480
5419,1740
5420,1740
5421,1.2
5422,0.09561111111111111
5423,90
5424,1.664
5425,3.75
5426,8.33
5427,344.44
5428,60
5429,900
5430,20
5431,60
5432,800
5433,72.5
5434,50000
5435,93
5436,216
5437,15.7
5438,3600
5439,0
5440,384
5441,18
5442,60
5443,48
5444,50
5445,0.2
5446,38
5447,1.2
5448,2.7
5449,94.4
5450,0.59
5451,72
5452,140.4
5453,425
5454,344
5455,24
5456,240
5457,89.6
5458,314
5459,100
5460,280
5461,12.56
5462,13.4
5463,80
5464,5
5465,1
5466,6
5467,7
5468,0.575
5469,26
5470,4
5471,10000
5472,4.5
5473,0.18
5474,30
5475,20
5476,0.4
5477,1
5478,350
5479,18000
5480,2400
5481,7
5482,24
5483,13.5
5484,1.875
5485,13.5
5486,2040
5487,108
5488,110
5489,9
5490,70
5491,15
5492,35
5493,53
5494,200
5495,42
5496,1620
5497,7
5498,1333
5499,375
5500,7
5501,92
5502,9
5503,1200
5504,480
5505,15
5506,-4
5507,450
5508,430
5509,8
5510,39
5511,114.29
5512,32
5513,7
5514,190
5515,25
5516,5000
5517,1200
5518,35
5519,5393
5520,32
5521,288
5522,46500
5523,2000
5524,45
5525,4
5526,52.5
5527,110
5528,29.4
5529,783
5530,10
5531,2200
5532,5279
5533,15
5534,5
5535,10
5536,5300
5537,36630
5538,1.3
5539,540
5540,20
5541,90
5542,216
5543,148
5544,15
5545,18
5546,40
5547,64
5548,3.125
5549,28
5550,900
5551,232
5552,720
5553,48/5
5554,4.5
5555,1650
5556,96
5557,205
5558,1.2
5559,6000
5560,1/9000000
5561,300
5562,4800
5563,760
5564,12
5565,22
5566,7.25
5567,45
5568,800
5569,60
5570,4
5571,7
5572,220.5
5573,20470
5574,160
5575,5
5576,89
5577,30.7
5578,7.75
5579,140
5580,40.8
5581,32
5582,24.4
5583,140
5584,5
5585,45
5586,17.5
5587,420
5588,360
5589,81
5590,3
5591,3600
5592,195
5593,1260
5594,40
5595,96
5596,207
5597,2.5
5598,1
5599,1440
5600,480
5601,17000
5602,2064
5603,2.5
5604,0.008
5605,42.5
5606,4260
5607,75
5608,120
5609,3000
5610,79.2
5611,36
5612,0.96
5613,31.3052125
5614,124
5615,188.4
5616,4.71
5617,1.25
5618,84654
5619,112
5620,0.42
5621,12560
5622,146.75
5623,2
5624,76
5625,12
5626,9
5627,17
5628,900
5629,64
5630,250
5631,1153
5632,44
5633,2700
5634,24.32
5635,942
5636,6750
5637,9427.52
5638,30
5639,9.81
5640,0.48
5641,491.2
5642,2592
5643,30
5644,9.8
5645,100
5646,7
5647,28.26
5648,52.5
5649,120
5650,9
5651,28.26
5652,600
5653,375
5654,12
5655,105
5656,500
5657,3.428571428571429
5658,590.03
5659,32
5660,800
5661,24
5662,9
5663,6.25
5664,24
5665,56
5666,30
5667,150
5668,30
5669,3
5670,500
5671,2.42
5672,300
5673,60
5674,266.7
5675,376.8
5676,4900
5677,20
5678,31
5679,1500
5680,500
5681,27.375
5682,471
5683,314
5684,24000
5685,22.536
5686,25
5687,696
5688,99.524
5689,24
5690,175
5691,2000
5692,15
5693,480
5694,52
5695,80
5696,175
5697,1600
5698,5/2
5699,432
5700,11.44
5701,0.4
5702,40
5703,20
5704,350
5705,80
5706,14.5
5707,450
5708,无
5709,13420
5710,18.45
5711,72
5712,32
5713,1600
5714,1.1
5715,14118
5716,113
5717,8
5718,192
5719,4
5720,945
5721,1.2
5722,85.7
5723,7/3
5724,630
5725,105
5726,10
5727,300
5728,8
5729,16
5730,5
5731,240
5732,992
5733,15.2
5734,5504
5735,7
5736,113.04
5737,425
5738,3430
5739,10
5740,8
5741,6.4
5742,10
5743,27
5744,592
5745,100
5746,180
5747,16
5748,1800
5749,00000000000000000000000000000000000000000000000000000000000000000000000000000000000000000000000000000000000000000000000000000000000000000000000000000000000000000000000000000000000000000000000000000000000000000000000000000000000000000000000000000000000000000000000000000000000000000000000000000000000000000000000000000000000000000000000000000000000000000000000000000000000000000000000000000000000000000000000000000000000000000000000000000000000000000000000000000000
5750,672
5751,332
5752,300
5753,285
5754,232
5755,60
5756,142
5757,23
5758,25
5759,8
5760,50
5761,7.5
5762,35
5763,80
5764,36
5765,9
5766,2090
5767,28.8
5768,600
5769,260
5770,50
5771,200
5772,23.2
5773,86.4
5774,24
5775,0.5
5776,33.33
5777,170
5778,24
5779,9
5780,88
5781,10
5782,192
5783,6
5784,30
5785,750
5786,265
5787,44
5788,4.25%
5789,200
5790,110
5791,50
5792,10900
5793,8970
5794,4
5795,36
5796,525
5797,6
5798,4040
5799,0.568
5800,306
5801,1728
5802,45.71
5803,79.2
5804,30
5805,0.5
5806,40
5807,500
5808,60
5809,85.5
5810,4
5811,0.6777777777777778
5812,9
5813,375
5814,716
5815,20
5816,135
5817,76
5818,2
5819,180
5820,9
5821,36
5822,8
5823,8
5824,38
5825,15
5826,8
5827,3
5828,20
5829,23810
5830,2550
5831,120
5832,3975
5833,8
5834,500
5835,249.6
5836,0.628
5837,3.6
5838,47.1
5839,75.36
5840,30
5841,24
5842,260
5843,23
5844,40
5845,20.89
5846,125.33
5847,1600
5848,175
5849,14.68
5850,5.6
5851,134.2
5852,14
5853,8640
5854,8
5855,6500
5856,9000
5857,-4000
5858,3840
5859,24
5860,13
5861,0.8
5862,126.7
5863,251
5864,40
5865,1.102
5866,75
5867,3
5868,25/9
5869,210.48
5870,14
5871,12
5872,120
5873,15
5874,75
5875,137.5
5876,32
5877,72
5878,0.5
5879,450
5880,56
5881,491
5882,120.5
5883,250
5884,19.2
5885,100
5886,13.33
5887,2.5
5888,750
5889,53
5890,19
5891,90
5892,1536
5893,37.8
5894,2000
5895,32
5896,2250
5897,5
5898,5580
5899,7
5900,0.45
5901,6
5902,6398.18
5903,150
5904,27000
5905,182
5906,77.8
5907,12
5908,21
5909,63
5910,72
5911,9
5912,16
5913,48
5914,25
5915,8
5916,3
5917,7
5918,50
5919,60
5920,46
5921,8
5922,8
5923,18
5924,41
5925,42
5926,36
5927,10
5928,694
5929,1031
5930,5
5931,800
5932,3
5933,72
5934,42
5935,26
5936,33
5937,8
5938,12
5939,35
5940,12
5941,20
5942,10
5943,15
5944,15
5945,10
5946,10
5947,-8
5948,68
5949,56
5950,3
5951,4
5952,12
5953,11
5954,5
5955,42
5956,21
5957,32
5958,82
5959,32
5960,20
5961,50
5962,18
5963,36
5964,36
5965,24
5966,16
5967,70
5968,41
5969,3
5970,72
5971,53
5972,4
5973,1
5974,5
5975,6
5976,28
5977,32
5978,0.5
5979,12
5980,3
5981,38
5982,9
5983,4
5984,22
5985,60
5986,9
5987,34
5988,17
5989,27
5990,10
5991,4
5992,4
5993,18
5994,20
5995,48
5996,6
5997,4
5998,8
5999,5
6000,7
6001,21
6002,2
6003,2
6004,26
6005,47
6006,6
6007,9
6008,47
6009,81
6010,20
6011,30
6012,20
6013,20
6014,34
6015,44
6016,27
6017,8
6018,19
6019,25
6020,31
6021,60
6022,19
6023,6
6024,30
6025,15
6026,28
6027,13
6028,7
6029,45
6030,25
6031,31
6032,91
6033,35
6034,90
6035,56
6036,26
6037,81
6038,55
6039,6
6040,97
6041,51
6042,88
6043,16
6044,24
6045,57
6046,26
6047,4
6048,26
6049,21
6050,20
6051,26
6052,31
6053,27
6054,15
6055,88
6056,24
6057,0.4
6058,70
6059,8
6060,81
6061,81
6062,-37
6063,65
6064,14
6065,-18
6066,23
6067,27
6068,15
6069,18
6070,19
6071,9
6072,24
6073,80
6074,26
6075,20
6076,4
6077,20
6078,24
6079,25
6080,8
6081,6
6082,18
6083,73
6084,41
6085,37
6086,45
6087,19
6088,24
6089,31
6090,42
6091,11
6092,84
6093,40
6094,44
6095,30
6096,20
6097,35
6098,45
6099,25
6100,8
6101,8
6102,49
6103,47
6104,10
6105,72
6106,34
6107,15
6108,18
6109,3
6110,18
6111,4
6112,19
6113,10
6114,7
6115,7
6116,27
6117,30
6118,180
6119,16
6120,8
6121,56
6122,32
6123,18
6124,33
6125,32
6126,16
6127,24
6128,23
6129,8
6130,6
6131,8
6132,16
6133,15
6134,18
6135,12
6136,18
6137,6
6138,15
6139,49
6140,18
6141,20
6142,82
6143,16
6144,27
6145,21
6146,8
6147,27
6148,80
6149,2
6150,9
6151,80
6152,68
6153,26
6154,20
6155,45
6156,270
6157,139
6158,534
6159,352
6160,3
6161,72
6162,171.42
6163,5
6164,0.8
6165,2
6166,95
6167,1841
6168,2600
6169,3360
6170,121
6171,49
6172,68
6173,1620
6174,30
6175,90
6176,1900
6177,2400
6178,0.6
6179,10.5
6180,38
6181,27
6182,88
6183,40
6184,-2150
6185,320
6186,61
6187,4360
6188,560
6189,543
6190,253
6191,65
6192,450
6193,90
6194,95
6195,-1880
6196,240
6197,5100
6198,144
6199,18
6200,14
6201,48
6202,0.335
6203,54
6204,40
6205,40
6206,72
6207,9
6208,100
6209,23
6210,78
6211,136
6212,154
6213,260
6214,142
6215,270
6216,-99
6217,57.14
6218,56
6219,5
6220,642
6221,796
6222,129
6223,39
6224,22
6225,9
6226,226
6227,9
6228,9
6229,72
6230,315
6231,9177
6232,8
6233,220
6234,14
6235,1650
6236,98
6237,96
6238,113
6239,16
6240,360
6241,23
6242,210
6243,5
6244,3
6245,535
6246,278
6247,82
6248,395
6249,150
6250,5
6251,5
6252,176
6253,200
6254,96
6255,176
6256,80
6257,75
6258,7
6259,225
6260,11
6261,38
6262,1152
6263,193
6264,91
6265,40
6266,51
6267,100
6268,715
6269,540
6270,500
6271,-872
6272,800
6273,77
6274,41.2
6275,1400
6276,-4
6277,63
6278,250
6279,4
6280,2.5
6281,344
6282,186
6283,0.1
6284,29.4
6285,1.16
6286,2.12
6287,21
6288,24
6289,32
6290,32
6291,5678
6292,2.32
6293,-55
6294,87
6295,270
6296,1200
6297,75
6298,92.78
6299,57.9
6300,22.4
6301,5%
6302,307
6303,370
6304,64
6305,165
6306,14910
6307,315
6308,3
6309,74
6310,171
6311,90
6312,50
6313,21
6314,180
6315,45
6316,5.33
6317,45
6318,15600
6319,5
6320,250
6321,8
6322,140.7
6323,308
6324,145
6325,66
6326,97/5
6327,740
6328,130
6329,3300
6330,6120
6331,11920
6332,7
6333,13450
6334,4800
6335,696
6336,125
6337,900
6338,3
6339,540
6340,150
6341,48
6342,160
6343,406
6344,2200
6345,8
6346,6
6347,18
6348,48
6349,2
6350,20
6351,3600
6352,13
6353,7
6354,250
6355,10
6356,12
6357,1200
6358,8
6359,15
6360,19
6361,110
6362,9405
6363,60
6364,4.8
6365,14/15
6366,6
6367,8
6368,4290
6369,47.5
6370,30
6371,24
6372,45
6373,1/3
6374,-8
6375,107
6376,714
6377,1872
6378,21.6
6379,10
6380,13
6381,20
6382,12
6383,7000
6384,2
6385,100
6386,78
6387,112500
6388,38.5
6389,0.8
6390,60
6391,1.2
6392,9
6393,12
6394,100
6395,35
6396,6720
6397,2.73
6398,4.3
6399,1428
6400,143
6401,8
6402,19.75
6403,6
6404,12800
6405,240
6406,675
6407,1480
6408,740
6409,20000
6410,2055
6411,142.85714285714286
6412,92500
6413,35
6414,16
6415,158.58
6416,140.1
6417,51.4
6418,1950
6419,14
6420,6480
6421,2064
6422,4140
6423,45
6424,210
6425,24
6426,1050
6427,180
6428,11.43
6429,34
6430,13.5
6431,8
6432,50
6433,36
6434,95
6435,160
6436,384
6437,4050
6438,18
6439,17
6440,80
6441,无
6442,0.8
6443,5
6444,100
6445,86.1
6446,9.42
6447,188.8
6448,3
6449,50
6450,357.84
6451,32
6452,38
6453,38
6454,149
6455,10.8
6456,90
6457,2.53
6458,40000000000000000000000000000000000000000000000000000000000000000000000000000000000000000000000000000000000000000000000000000000000000000000000000000000000000000000000000000000000000000000000000000000000000000000000000000000000000000000000000000000000000000000000000000000000000000000000000000000000000000000000000000000000000000000000000000000000000000000000000000000000000000000000000000000000000000000000000000000000000000000000000000000000000000000000000000000000000000000000000
6459,648
6460,1200
6461,30
6462,40
6463,122.5
6464,1920
6465,12
6466,9
6467,15
6468,91
6469,27
6470,17.6423529412
6471,40
6472,24
6473,8
6474,7
6475,4
6476,36
6477,9
6478,4
6479,4
6480,18
6481,-2.5
6482,48
6483,6772
6484,40
6485,300
6486,8
6487,49
6488,264
6489,6
6490,4
6491,140
6492,360
6493,105
6494,15
6495,62.8
6496,118
6497,7850
6498,30
6499,24.2
6500,44
6501,120
6502,9/7
6503,9/7
6504,20
6505,600
6506,376
6507,180
6508,95
6509,16
6510,35
6511,140
6512,64
6513,335
6514,368
6515,5
6516,21
6517,240
6518,0.05
6519,122
6520,17
6521,1568
6522,5
6523,1.89
6524,4
6525,5.5
6526,1900
6527,4.5
6528,62
6529,91
6530,1050
6531,873.6
6532,32
6533,6
6534,3000
6535,30
6536,176
6537,54
6538,170
6539,15
6540,160
6541,25
6542,1680
6543,-322
6544,4.52
6545,282
6546,2000
6547,25
6548,147
6549,375
6550,16
6551,1944
6552,206
6553,10
6554,4
6555,648
6556,133
6557,30000
6558,172
6559,4
6560,15
6561,660
6562,3.01
6563,16
6564,572
6565,35
6566,27
6567,88
6568,22875
6569,80
6570,310
6571,45
6572,300
6573,1800
6574,12.5
6575,1908
6576,900
6577,170.1
6578,4410
6579,8
6580,40
6581,360
6582,85
6583,2520
6584,4
6585,5
6586,576
6587,36
6588,93.1
6589,8
6590,15984
6591,1330
6592,360
6593,130
6594,1800
6595,85
6596,84
6597,6.7
6598,306
6599,2730
6600,1344
6601,2250
6602,52
6603,328
6604,38
6605,215
6606,18750
6607,120
6608,18.5
6609,18
6610,32
6611,248
6612,4
6613,24
6614,670
6615,1050
6616,624
6617,825
6618,37
6619,356
6620,10
6621,9
6622,4
6623,576
6624,1320
6625,6
6626,13000
6627,551
6628,1500
6629,60
6630,848
6631,8.8
6632,72
6633,38.92
6634,30
6635,6.5
6636,9
6637,8
6638,24
6639,23800
6640,37.5
6641,1.875
6642,1610
6643,24
6644,552
6645,2
6646,4500
6647,6960
6648,50280
6649,6
6650,402
6651,48
6652,2.25
6653,615
6654,249
6655,-10.10
6656,23
6657,20
6658,24
6659,540
6660,12.5
6661,266
6662,4
6663,7
6664,285
6665,8
6666,126
6667,832
6668,507
6669,23
6670,1050
6671,1872
6672,90
6673,511.5
6674,138
6675,262.5
6676,28
6677,379
6678,111600
6679,770
6680,14
6681,1400
6682,472
6683,21
6684,606
6685,112
6686,525
6687,404
6688,29.4
6689,732
6690,7.5
6691,52
6692,2.1
6693,560
6694,240
6695,56
6696,20
6697,2700
6698,1152
6699,10.3
6700,47
6701,7200
6702,980
6703,13
6704,4840
6705,12.5
6706,45
6707,23
6708,18.72
6709,25.976
6710,18000
6711,10
6712,97
6713,8
6714,9
6715,7
6716,16
6717,17
6718,18
6719,23
6720,85
6721,3216
6722,375
6723,20
6724,248
6725,2440
6726,80
6727,5
6728,18
6729,0.6
6730,21
6731,29
6732,8
6733,12
6734,19
6735,52
6736,52
6737,79
6738,38
6739,96
6740,10
6741,41
6742,21
6743,32
6744,12
6745,-15
6746,2
6747,3
6748,30
6749,32
6750,-21
6751,4
6752,29
6753,9
6754,36
6755,80
6756,37
6757,8
6758,29
6759,17
6760,35
6761,45
6762,6
6763,40
6764,4
6765,36
6766,-4
6767,35
6768,-4
6769,4
6770,6
6771,6
6772,19
6773,40
6774,20
6775,6
6776,9
6777,81
6778,0.5
6779,15
6780,11
6781,17
6782,45
6783,43
6784,39
6785,72
6786,4
6787,50
6788,8
6789,69
6790,87
6791,11
6792,16.2
6793,79
6794,54
6795,10
6796,38
6797,24
6798,35
6799,39
6800,61
6801,20
6802,140
6803,22
6804,14
6805,78
6806,40
6807,100
6808,10
6809,27
6810,37
6811,66
6812,50
6813,42
6814,33
6815,47
6816,21
6817,25
6818,47
6819,81
6820,37
6821,11
6822,31
6823,23
6824,3
6825,33
6826,30
6827,38
6828,28
6829,28
6830,33
6831,80
6832,57
6833,14
6834,36
6835,42
6836,34
6837,16
6838,24
6839,12
6840,5
6841,35
6842,7
6843,6
6844,13
6845,12
6846,23
6847,18
6848,3
6849,18
6850,10.5
6851,17
6852,8
6853,9
6854,9
6855,17
6856,9
6857,8
6858,42.75
6859,178
6860,1360
6861,50
6862,13.33
6863,5670
6864,680
6865,8
6866,-2
6867,95%
6868,44.8
6869,400
6870,320
6871,272
6872,3290
6873,1500
6874,3600
6875,144
6876,12
6877,6
6878,260
6879,25
6880,200
6881,6000
6882,108
6883,30
6884,100
6885,40
6886,160
6887,792
6888,60
6889,35
6890,55
6891,58
6892,42
6893,2826
6894,6
6895,228
6896,8
6897,840
6898,5652
6899,8500
6900,144
6901,0.6
6902,5652
6903,62
6904,198
6905,102
6906,8
6907,28
6908,9
6909,100
6910,37
6911,180
6912,40
6913,96%
6914,80%
6915,10
6916,157.896
6917,0.216
6918,75.84
6919,21.6
6920,108
6921,48
6922,2.5
6923,9
6924,366025
6925,32
6926,14
6927,4000
6928,50.24
6929,1296
6930,8.84
6931,2018.2
6932,70
6933,40
6934,3
6935,13
6936,18
6937,40
6938,13
6939,4
6940,30%
6941,200
6942,60
6943,200%
6944,89
6945,32
6946,18
6947,4000
6948,-25
6949,720
6950,45
6951,78.5
6952,900
6953,15
6954,3.36
6955,75
6956,22.5
6957,0.8
6958,18
6959,32π
6960,150
6961,4
6962,7500
6963,376
6964,5
6965,80
6966,28
6967,1205.76
6968,44
6969,30
6970,20
6971,20
6972,72
6973,5
6974,60
6975,160
6976,14
6977,2
6978,96
6979,40
6980,28
6981,40%
6982,1200
6983,6000
6984,0.3333333333333333
6985,39
6986,2428
6987,134
6988,200
6989,25
6990,4500
6991,1600
6992,120
6993,30
6994,270
6995,3
6996,1300
6997,5.28
6998,300
6999,-3900
7000,14
7001,0.096
7002,0.375
7003,20
7004,2048
7005,10
7006,56.25
7007,275
7008,16%
7009,30
7010,47
7011,5024
7012,625
7013,100
7014,44
7015,179680
7016,15
7017,4
7018,31.2
7019,1620
7020,32
7021,153.86
7022,40
7023,84
7024,0.8
7025,16
7026,180
7027,2.612
7028,16.7%
7029,6.0296
7030,28.5
7031,75
7032,21
7033,80
7034,16.7%
7035,96
7036,24/5
7037,5.98%
7038,512
7039,723
7040,6
7041,780
7042,490
7043,345
7044,60
7045,8
7046,280
7047,96
7048,60
7049,4
7050,1.5893
7051,1560
7052,5.33
7053,2
7054,16
7055,80
7056,254.34
7057,2.4
7058,18
7059,3571.4
7060,95%
7061,27
7062,22.8
7063,38.4
7064,50
7065,3.7
7066,2000
7067,2.5
7068,3.75
7069,13.33
7070,9.42
7071,0
7072,350
7073,12.5
7074,5%
7075,5.75
7076,660
7077,15
7078,2500
7079,0.375
7080,23.5
7081,360
7082,60
7083,1010
7084,7
7085,5
7086,198
7087,3.5
7088,8
7089,35
7090,96
7091,100
7092,9
7093,3888
7094,24
7095,180
7096,19.75
7097,30
7098,113.04
7099,20
7100,41
7101,3920
7102,780
7103,100.56
7104,9
7105,540
7106,314
7107,2500
7108,15
7109,75
7110,1/3
7111,50.5
7112,78.5
7113,1.375
7114,9.2
7115,60
7116,3790
7117,251.2
7118,191
7119,58
7120,4.8
7121,424.2
7122,445
7123,3200
7124,32
7125,6
7126,540
7127,84.75
7128,-40
7129,95
7130,12.56
7131,4
7132,48
7133,39
7134,188
7135,57
7136,3
7137,100
7138,62.5
7139,116
7140,5.24
7141,0.68
7142,6
7143,2%
7144,6
7145,15
7146,45%
7147,13.3%
7148,10
7149,7/6
7150,1
7151,20
7152,340
7153,10
7154,80
7155,1066.6666666666667
7156,385
7157,47
7158,94
7159,1.2
7160,52
7161,4062.5
7162,4.25
7163,4
7164,128
7165,0.5
7166,1280
7167,48
7168,93.75
7169,24
7170,216
7171,80
7172,128
7173,130%
7174,5%
7175,45
7176,105
7177,1000
7178,1900
7179,168
7180,125.6
7181,527.5
7182,1400
7183,93
7184,9
7185,72
7186,9
7187,96
7188,2
7189,368
7190,97
7191,480
7192,225
7193,88192
7194,6160
7195,6.67
7196,800
7197,144
7198,27
7199,72
7200,5/3
7201,15
7202,1240
7203,108
7204,3
7205,68
7206,89
7207,15
7208,9600
7209,426
7210,306
7211,1.02
7212,12
7213,0.5925
7214,4
7215,20
7216,796
7217,62.8
7218,21.98
7219,710
7220,15
7221,2192
7222,15
7223,20%
7224,250
7225,2.635625
7226,13.68
7227,9
7228,128
7229,30
7230,5%
7231,1733.33
7232,300
7233,0.15
7234,2.5
7235,90
7236,24.84
7237,100
7238,10.5
7239,11
7240,12
7241,140
7242,61
7243,26
7244,4
7245,630
7246,27
7247,4.8
7248,168
7249,2000
7250,3000
7251,7
7252,12
7253,108
7254,25
7255,119
7256,4710
7257,340
7258,1330
7259,190
7260,0.2
7261,57.6
7262,18
7263,21
7264,880
7265,1250
7266,28.32
7267,400
7268,3
7269,5500
7270,96.48
7271,12.56
7272,1
7273,300
7274,20
7275,105
7276,-50
7277,100
7278,6000
7279,400
7280,8
7281,90
7282,240
7283,90
7284,30
7285,15
7286,4.8
7287,24
7288,5
7289,170
7290,24
7291,30
7292,4
7293,135
7294,750
7295,101.4
7296,240
7297,150
7298,272
7299,55
7300,40
7301,0.925
7302,15
7303,120
7304,25000
7305,15
7306,108
7307,800
7308,150
7309,1.35
7310,70
7311,1
7312,-61
7313,40
7314,109.85
7315,36
7316,2.5
7317,125.6
7318,408
7319,4710
7320,9
7321,150
7322,491.42857143
7323,250
7324,103.3
7325,4.75
7326,4000
7327,0.4
7328,990
7329,16
7330,11.25
7331,280
7332,-1.415625
7333,500
7334,300
7335,165
7336,5040
7337,602880
7338,15
7339,128
7340,45.775
7341,25
7342,16
7343,20
7344,432
7345,325
7346,71.7
7347,1000
7348,62.8
7349,-433.5
7350,1200
7351,16
7352,9
7353,12
7354,1000
7355,660
7356,19.625
7357,200
7358,5
7359,302
7360,10
7361,940
7362,778
7363,8
7364,90
7365,47
7366,4500
7367,4500
7368,1200
7369,72
7370,54
7371,12
7372,1920
7373,48
7374,28
7375,40/9
7376,23/30
7377,53.024
7378,50
7379,3360.56
7380,400
7381,4
7382,6.6232
7383,12
7384,5
7385,364000.12
7386,502.4
7387,1500
7388,3.14
7389,14.25
7390,6
7391,18
7392,9
7393,400
7394,266.67
7395,480
7396,7320
7397,106
7398,14.4
7399,60
7400,64
7401,15
7402,11.5
7403,0.625
7404,20%
7405,5760
7406,4.5
7407,9
7408,9136
7409,210
7410,90
7411,11
7412,80
7413,125
7414,105
7415,1
7416,7.5
7417,132
7418,295
7419,2
7420,34
7421,5.6
7422,9
7423,48
7424,62
7425,135
7426,117
7427,90
7428,0.2
7429,3600
7430,99%
7431,480
7432,43
7433,4
7434,37.2
7435,1920
7436,124
7437,12.6
7438,17
7439,30
7440,1700
7441,4
7442,180
7443,288000
7444,14/15
7445,2
7446,24
7447,180
7448,7200
7449,7500
7450,78.5
7451,5
7452,5
7453,180
7454,4
7455,30
7456,3%
7457,100
7458,3.44
7459,4.8
7460,500
7461,360
7462,44
7463,4368
7464,16.7
7465,280
7466,680
7467,48
7468,125
7469,30
7470,628
7471,4
7472,80
7473,0.75
7474,153
7475,6
7476,520
7477,40
7478,55
7479,17.5
7480,29
7481,49.5
7482,28.5
7483,400
7484,12400
7485,57
7486,450
7487,27
7488,5
7489,4800
7490,15
7491,399
7492,72
7493,70
7494,90
7495,24
7496,9.6
7497,450
7498,330
7499,12
7500,106.952
7501,3.5
7502,12.8
7503,30
7504,2700
7505,63
7506,16
7507,2400
7508,63.6
7509,25
7510,12/5
7511,309
7512,2700
7513,28
7514,371
7515,525
7516,69
7517,114
7518,0.5
7519,44
7520,1595
7521,160
7522,1413
7523,16
7524,744
7525,207
7526,25800
7527,765
7528,2.5
7529,40
7530,1560
7531,55
7532,9
7533,400
7534,2240
7535,53.92
7536,288
7537,43.2
7538,400
7539,7.2
7540,315
7541,15.5
7542,1836
7543,27
7544,60
7545,251.2
7546,18
7547,87.92
7548,675
7549,56.52
7550,80
7551,3140
7552,115
7553,105
7554,74
7555,870
7556,18
7557,180
7558,130.56
7559,12
7560,93.6
7561,19
7562,200
7563,64
7564,40
7565,384
7566,99
7567,28.7
7568,300
7569,340
7570,18
7571,14
7572,25.72
7573,12
7574,30000
7575,22
7576,16
7577,96.76
7578,70.85
7579,2/3
7580,200
7581,61
7582,31.4
7583,135
7584,150
7585,900
7586,1.375
7587,20
7588,40
7589,14
7590,4
7591,18
7592,20
7593,40
7594,3
7595,309
7596,97
7597,16
7598,6
7599,39
7600,4.63
7601,3
7602,71.04
7603,24
7604,12
7605,136
7606,512
7607,12500
7608,4
7609,35
7610,24
7611,7.2
7612,34
7613,96
7614,5.76
7615,2.16
7616,10
7617,2
7618,36
7619,1
7620,12
7621,5
7622,66.7
7623,16
7624,0.87
7625,3
7626,25.12
7627,57.5
7628,36.55
7629,2.1
7630,3.37
7631,1.9
7632,343
7633,270
7634,180
7635,85%
7636,800
7637,13.5
7638,120
7639,69
7640,706.56
7641,3/5
7642,3/4
7643,18
7644,20
7645,20
7646,3.6
7647,9
7648,1/2
7649,1/7
7650,2240
7651,3000
7652,3
7653,2.1
7654,36
7655,2400
7656,19/20
7657,64
7658,20
7659,9.6
7660,960
7661,32.8
7662,7/5
7663,150
7664,2
7665,2/5
7666,-6.67
7667,17500
7668,8
7669,115
7670,11
7671,64
7672,5
7673,2
7674,10
7675,405
7676,4
7677,2520
7678,27/40
7679,1.4
7680,1.4
7681,507552
7682,750
7683,7
7684,30
7685,45
7686,800
7687,872
7688,49/35
7689,24.01
7690,2000
7691,64
7692,8280
7693,39%
7694,3
7695,53400
7696,9
7697,9
7698,1
7699,26
7700,5
7701,41.53846153846154
7702,7
7703,9.5
7704,13.35
7705,7/100
7706,3045
7707,1520
7708,7
7709,148
7710,72
7711,1/4
7712,39
7713,2/3
7714,2
7715,48
7716,49
7717,599.4
7718,35/24
7719,90
7720,13
7721,49.6
7722,87
7723,40
7724,1350
7725,5
7726,7/10
7727,5.8
7728,216
7729,6
7730,140
7731,882
7732,47.5
7733,0.3
7734,160
7735,337.5
7736,17.5
7737,6
7738,32
7739,45
7740,292
7741,135
7742,36
7743,85
7744,600
7745,144
7746,37
7747,7.5
7748,194
7749,44
7750,38/4
7751,700
7752,1.8
7753,22
7754,5
7755,0.25
7756,1小时48分钟
7757,1920
7758,120
7759,294
7760,5
7761,5.8
7762,-600
7763,209.04
7764,4
7765,6
7766,6
7767,32800
7768,3.4
7769,192
7770,230
7771,2865
7772,20
7773,200
7774,72
7775,258
7776,1214
7777,30
7778,20
7779,60
7780,48/75
7781,23790
7782,4
7783,22
7784,220
7785,10
7786,19
7787,432
7788,4.72
7789,150
7790,800
7791,26
7792,350
7793,6/7
7794,10
7795,15
7796,16
7797,1.25
7798,1260
7799,2400
7800,225
7801,60
7802,8000
7803,3/8
7804,1
7805,18
7806,100
7807,204
7808,19.6
7809,61
7810,2.8
7811,80
7812,1
7813,100
7814,9
7815,55
7816,2
7817,14
7818,240
7819,2550
7820,5
7821,9
7822,594
7823,1026
7824,0.2
7825,30
7826,11/12
7827,7/15
7828,80000
7829,45
7830,72
7831,630
7832,28
7833,23
7834,0.0093
7835,82
7836,49/40
7837,10
7838,600
7839,9
7840,138
7841,6/7
7842,8
7843,35
7844,192
7845,6
7846,117.36
7847,135
7848,18
7849,702
7850,不够
7851,19/4
7852,570
7853,6
7854,16
7855,4/5
7856,4
7857,20
7858,48
7859,80
7860,32
7861,4/15
7862,378
7863,3
7864,10.3
7865,23
7866,69
7867,45
7868,40/9
7869,8
7870,180
7871,3/4
7872,6000
7873,12.6
7874,28/3
7875,4/5
7876,90/7
7877,7
7878,8
7879,12
7880,3/8
7881,300
7882,62.5
7883,3/5
7884,17/60
7885,16/25
7886,96
7887,5/18
7888,12
7889,9
7890,8
7891,1
7892,3
7893,765
7894,311.44444444444444
7895,56
7896,8730
7897,3.2
7898,21.05
7899,6
7900,13
7901,9
7902,9
7903,20
7904,6.02
7905,5
7906,632
7907,200
7908,48/13
7909,1/4
7910,8
7911,3
7912,250
7913,14400
7914,2700
7915,3/16
7916,10
7917,96
7918,20%
7919,864
7920,9/20
7921,250
7922,3/4
7923,20%
7924,6
7925,324
7926,150
7927,900
7928,6
7929,240
7930,50
7931,250
7932,4/5
7933,4
7934,87
7935,5/8
7936,5/3
7937,1/25
7938,1000
7939,8
7940,7
7941,18
7942,1/84
7943,7
7944,300
7945,43
7946,6.6
7947,15
7948,15
7949,25
7950,240
7951,240
7952,168
7953,10.5
7954,128
7955,86
7956,56
7957,2502
7958,1_1/3
7959,255
7960,14/5
7961,10
7962,150
7963,20
7964,1400
7965,6
7966,5
7967,960
7968,1596
7969,30.75
7970,88
7971,240/13
7972,624
7973,1
7974,4
7975,70
7976,72
7977,20
7978,20
7979,10000
7980,42
7981,392
7982,25
7983,2600
7984,10
7985,70
7986,9/10
7987,0
7988,405
7989,144000
7990,454
7991,48
7992,8
7993,1200
7994,193
7995,5/11
7996,120
7997,3725
7998,5/7
7999,40
