0,2180
1,30
2,11
3,60
4,32
5,1290
6,600
7,4.5
8,8.8
9,9
10,41
11,1.05
12,40
13,56
14,30
15,8172
16,16
17,18.71
18,324.89375
19,10
20,180
21,5
22,100
23,68
24,240
25,53
26,11
27,32
28,1.884
29,1950
30,3.6
31,75
32,9
33,720
34,44
35,1/10
36,251
37,5
38,35/60
39,48
40,400
41,24
42,7
43,500
44,96
45,17
46,95
47,288
48,40
49,280
50,656
51,9
52,7600
53,280
54,778
55,120
56,42
57,4925
58,1056
59,9
60,13
61,1201
62,300
63,738
64,1176
65,705.6
66,14796
67,-5594
68,3360
69,2520
70,10
71,73.2
72,6600
73,1/2
74,125
75,3.8
76,2
77,4/5
78,24
79,194
80,3.3
81,98
82,8
83,392
84,250
85,25%
86,15
87,4.71
88,402
89,374
90,10.8
91,20
92,4
93,1735
94,400
95,873.5
96,8
97,100.48
98,3
99,260
100,2243.6
101,400
102,446.24
103,13
104,8
105,20
106,5/9
107,43.25
108,6.9
109,7.5
110,11/10
111,1200
112,560
113,147
114,25.25
115,160
116,5055
117,623
118,192
119,124
120,0.76
121,13
122,25
123,69
124,2000
125,90%
126,400
127,3
128,124
129,770
130,7/9
131,6089
132,10
133,9
134,11200
135,8
136,595
137,50
138,24
139,87
140,90
141,254
142,-96
143,15
144,137.76
145,356
146,6
147,8400
148,4800
149,9
150,8/9
151,494
152,0.6
153,490
154,4000
155,3/10
156,0.375
157,600
158,108
159,580
160,30
161,5
162,5
163,6
164,8
165,1350
166,336
167,775
168,10
169,360
170,10/9
171,7
172,280
173,144
174,3/7
175,14
176,44
177,9
178,2
179,11
180,-79
181,87.92
182,9
183,27
184,11/20
185,650
186,5000
187,10
188,312
189,15
190,782
191,90.34
192,10245
193,820
194,400
195,4.967
196,704
197,28.26
198,450
199,272
200,450
201,114
202,18
203,11/20
204,2
205,40
206,4/9
207,6
208,40
209,6225
210,10
211,75
212,3111
213,3000
214,6
215,612500
216,16
217,4.25
218,63072
219,200
220,5
221,333
222,20
223,8
224,200
225,1872
226,32
227,9
228,6
229,201.6
230,190
231,293
232,2150
233,107
234,684
235,60
236,691
237,4950
238,5/18
239,205
240,500
241,20
242,5/2
243,5375
244,432
245,3/5
246,25
247,5/8
248,240
249,9
250,3.2
251,0.004167
252,3013.5
253,1260
254,8100
255,6000
256,1536
257,7
258,490
259,5
260,2505
261,120
262,1/2
263,25
264,24/5
265,6
266,25/24
267,276
268,26
269,95
270,25000
271,12300
272,75
273,12
274,520
275,2275
276,289
277,5.4
278,32
279,750
280,290.16
281,272
282,6
283,736
284,58
285,18
286,240
287,579
288,68
289,2250
290,944
291,3
292,4
293,542
294,3
295,21
296,5280
297,10
298,4
299,94
300,224
301,19/20
302,8
303,8
304,81
305,7.065
306,36
307,20
308,45
309,11
310,62.8
311,450
312,31
313,5/7
314,36
315,60
316,40000
317,756
318,900
319,80/9
320,4
321,432
322,5/8
323,7/10
324,3/5
325,6
326,3450
327,78.75
328,890
329,3
330,8762.25
331,434000
332,16000
333,300
334,4/7
335,1344
336,15
337,162
338,10
339,10
340,50/3
341,90
342,21
343,35
344,60
345,47
346,48
347,8
348,425
349,2
350,0.32
351,600
352,465
353,1430
354,168
355,140
356,163
357,1.57
358,2.5
359,-14
360,11304
361,1256
362,45
363,6
364,35/2
365,540
366,4/7
367,24
368,-1/8
369,209
370,150
371,242
372,9
373,7.95
374,36
375,1350
376,591
377,2.88
378,4429
379,30/11
380,70
381,43
382,2/5
383,6240
384,56375
385,96
386,8
387,175.93216
388,400
389,19
390,15
391,1260
392,768
393,800
394,4.71
395,1150
396,450
397,9
398,6592
399,12
400,1656
401,136
402,864
403,20/9
404,350
405,32
406,15
407,11/15
408,4.75
409,9.42
410,5
411,6
412,2/8
413,800
414,10
415,516
416,55
417,8
418,1320
419,20
420,1/3
421,1
422,330
423,0.6
424,1.12
425,15.12
426,1.8
427,1120
428,667
429,1500
430,580
431,-120
432,384
433,112
434,12960
435,31
436,408
437,44
438,1.25
439,6300
440,3/8
441,45
442,410
443,87.5
444,64
445,765
446,3/5
447,0.45
448,20
449,1920
450,1036
451,68
452,18%
453,50
454,30
455,133
456,1080
457,6
458,76
459,390
460,24
461,2400
462,32
463,816
464,5
465,1710
466,240
467,246
468,21
469,30
470,12
471,16
472,700
473,251.2
474,6
475,21
476,534
477,5
478,1152
479,231
480,3.2
481,533
482,34/60
483,2.2712
484,30
485,280
486,132
487,216
488,15
489,1284
490,4
491,96
492,100
493,44.72
494,440
495,2093.84
496,1080
497,1440
498,80
499,1344
500,272
501,800
502,3200
503,750
504,885
505,639
506,10
507,700
508,188.4
509,24
510,264000
511,14
512,135/800
513,3.5
514,120
515,58
516,786
517,0.025
518,2/3
519,441
520,45
521,8
522,355
523,1800
524,5/8
525,200
526,340
527,1000
528,30
529,753.6
530,120
531,43
532,15
533,50.55
534,12
535,45
536,1.44
537,22
538,7
539,288
540,400
541,100
542,216
543,600
544,32
545,45
546,3
547,84
548,10
549,108
550,1730
551,34.54
552,48
553,2.5
554,1100
555,750
556,11
557,56
558,43.9432
559,50.24
560,3.5
561,6
562,70/3
563,90
564,60
565,60
566,1/5
567,210/209
568,65.2
569,2250
570,274
571,16.8
572,10700
573,24
574,7500
575,44.85
576,4
577,2
578,150
579,108
580,400
581,14
582,348.6
583,1024
584,-5
585,12
586,11
587,33
588,50
589,240
590,4.5
591,16
592,32
593,5
594,3/20
595,50.24
596,0.45
597,197
598,192
599,60000
600,2352
601,12.5
602,3
603,400/9
604,395
605,3/5
606,2
607,4.5
608,6
609,62
610,900
611,18
612,174
613,0.36
614,9.6
615,93.6
616,116.8
617,1000000
618,1.57
619,90
620,99.4
621,500
622,249.2
623,114
624,1.5
625,15
626,220
627,5
628,421
629,81
630,30
631,3.14
632,5/4
633,2000
634,1440
635,5%
636,93.75%
637,75%
638,99%
639,5/6
640,4.104
641,54
642,45
643,24
644,13.8
645,35
646,0.75
647,1/10
648,215
649,100
650,500
651,60
652,13/4
653,3
654,98%
655,49
656,80
657,98%
658,12
659,95%
660,60
661,800
662,950
663,40%
664,60
665,1094.5
666,50
667,5
668,14
669,360
670,35
671,490
672,12
673,53
674,5
675,92%
676,8
677,40
678,98%
679,96%
680,350
681,0.46
682,120
683,450
684,12
685,250
686,4800
687,20
688,360
689,157
690,320
691,1500
692,81
693,36
694,30
695,725
696,16
697,1
698,7/40
699,60
700,300
701,72
702,5
703,6.25
704,2
705,24
706,94%
707,5/8
708,20
709,33
710,32
711,14.25
712,60000
713,0.3
714,10%
715,1000
716,240
717,384
718,48
719,180
720,150
721,2.01136
722,165
723,230.4
724,32
725,425
726,425
727,117
728,5
729,460
730,120
731,30
732,32
733,100
734,295
735,13.5
736,30.78125
737,12.5
738,70
739,160
740,48.1%
741,2.5
742,3/8
743,5
744,780
745,224
746,40
747,84
748,108
749,42
750,7
751,100
752,70
753,11.25
754,0.322875
755,250
756,4/3
757,32
758,7.5
759,400
760,710
761,11.25
762,160.94
763,52
764,104
765,500
766,22016
767,2.16
768,8000/5
769,20
770,868
771,72
772,187
773,52.1
774,3
775,84
776,75.36
777,800
778,400
779,4
780,5
781,5200
782,6280
783,50
784,58.5
785,156
786,39.4704
787,7
788,120
789,36
790,2%
791,18
792,625
793,35
794,85
795,14000
796,7
797,655.625
798,4/5
799,288
800,28.6
801,300
802,3
803,16
804,0.5
805,25.6
806,500
807,120
808,5
809,70
810,1.5
811,25.5
812,20
813,558.24
814,25
815,4000
816,2000
817,12
818,8
819,90
820,104
821,960
822,88
823,4
824,50.24
825,1050
826,1482
827,3.125
828,1.2
829,19
830,300
831,180
832,6
833,61.5
834,80
835,62.4
836,60
837,321.776
838,32
839,5
840,2
841,3.3333333333333335
842,8
843,348
844,546
845,9
846,16
847,42
848,360
849,1
850,74πr²
851,440
852,20
853,18
854,60
855,38
856,9
857,208
858,8.5
859,12
860,125
861,45
862,48
863,3/7
864,2.4
865,8
866,16
867,25
868,418.7
869,1.33
870,13.2
871,0.63
872,9
873,64
874,52
875,40
876,5500
877,15.7%
878,28.26
879,78.5%
880,320/7
881,300
882,30
883,14
884,20
885,59
886,540
887,47.1
888,31
889,182
890,3
891,72
892,50.6
893,59.5
894,12
895,9
896,285
897,2
898,9.6
899,2500
900,4000
901,207000
902,14.7
903,Null
904,150
905,1/125
906,300
907,2100
908,30
909,37.68
910,15
911,26.00
912,2000
913,75
914,10.4
915,385
916,7536
917,141.3
918,3.14
919,5.4
920,200
921,1.5
922,1.45
923,96%
924,133
925,20
926,96%
927,220
928,30
929,50
930,13333.33
931,40000
932,120
933,18.84
934,7.1
935,32400
936,18
937,24
938,6.66
939,10
940,6640
941,19
942,210
943,24
944,5
945,2/5
946,176
947,6
948,90
949,20
950,0.4
951,92
952,48
953,135
954,606
955,10
956,16
957,1200
958,350
959,1
960,15/2
961,8
962,640
963,33150
964,16
965,5
966,25
967,0.8
968,45
969,8/10
970,156.4
971,10
972,3424
973,215
974,41
975,24
976,70
977,16
978,344.6
979,910
980,182.9
981,220
982,30
983,448
984,3.93%
985,72
986,101
987,15
988,8
989,90
990,24
991,2000
992,581
993,700
994,2%
995,1360
996,1/11
997,40
998,72
999,2/5
1000,0.628
1001,210
1002,89
1003,45
1004,6
1005,1.1%
1006,250
1007,31
1008,1004800
1009,1/4
1010,3.33
1011,163
1012,12.5
1013,4%
1014,13
1015,20
1016,5
1017,75
1018,104
1019,2/3
1020,9
1021,40%
1022,40%
1023,628
1024,4.5
1025,44080
1026,16000
1027,1
1028,228
1029,88
1030,20
1031,215.7
1032,20
1033,20
1034,192
1035,3_2/3
1036,0.432
1037,30
1038,1300
1039,4.5284
1040,5/8
1041,1300
1042,12
1043,13.0
1044,15.3
1045,343
1046,27/4
1047,36
1048,12157
1049,412.5
1050,15
1051,2
1052,240
1053,4
1054,87.03
1055,100
1056,27/4
1057,304.5984
1058,9/16
1059,512
1060,8000
1061,11.0
1062,3.87
1063,5
1064,60
1065,20
1066,210
1067,9
1068,36
1069,45
1070,55
1071,8.666666666666666
1072,38
1073,284
1074,1/5
1075,4128
1076,15
1077,272
1078,0.75
1079,20
1080,-688
1081,126
1082,25
1083,20
1084,1300000000
1085,12.2
1086,3/4
1087,480
1088,0.4
1089,0.0144
1090,110
1091,45
1092,6495
1093,301.44
1094,4417.5
1095,18
1096,1440
1097,3/8
1098,100
1099,120
1100,3/7
1101,16
1102,354
1103,15
1104,360
1105,2/5
1106,48.4
1107,12
1108,2.125
1109,16
1110,27
1111,3
1112,45.12
1113,33.3%
1114,800
1115,68
1116,6
1117,20
1118,24
1119,3
1120,15
1121,30
1122,48
1123,10
1124,32
1125,683.3
1126,14
1127,26.67
1128,100
1129,0.16666666666666666
1130,445.62
1131,31
1132,28
1133,550
1134,128
1135,75
1136,1.25
1137,15
1138,480
1139,8
1140,79999.9
1141,27
1142,6
1143,180
1144,15
1145,4
1146,300
1147,873
1148,45
1149,19.3
1150,87
1151,8
1152,2/3
1153,770
1154,12
1155,0.6
1156,11
1157,157.09
1158,1154
1159,-10
1160,63
1161,1
1162,80
1163,90
1164,8965
1165,6
1166,20
1167,20
1168,24.6
1169,15
1170,10.5%
1171,7200
1172,120
1173,200
1174,24000
1175,48.7%
1176,0.0018
1177,30
1178,8000
1179,276
1180,120
1181,451760
1182,18
1183,30
1184,320
1185,180
1186,5/7
1187,200
1188,603
1189,603
1190,20000
1191,720
1192,270
1193,60000
1194,96
1195,85%
1196,0.17
1197,45
1198,390
1199,215.34
1200,135
1201,25
1202,19
1203,25%
1204,51
1205,2.5
1206,37
1207,376
1208,9
1209,4
1210,0.64
1211,35
1212,5
1213,45%
1214,3
1215,2.8
1216,60
1217,14
1218,12
1219,75
1220,73.3%
1221,25
1222,2.25
1223,63.6
1224,120
1225,30
1226,251.2
1227,879.6
1228,28
1229,150
1230,3.2
1231,3.2
1232,54
1233,512
1234,1.5
1235,94.2
1236,20556
1237,70
1238,15
1239,275
1240,4%
1241,12
1242,120
1243,40
1244,227
1245,4080
1246,85
1247,89
1248,56
1249,-20
1250,33
1251,45
1252,36
1253,16
1254,36
1255,8
1256,30
1257,38
1258,24
1259,16
1260,53
1261,22
1262,4
1263,37
1264,6
1265,45
1266,4
1267,-13
1268,23
1269,18
1270,55
1271,53
1272,30
1273,26
1274,46
1275,12
1276,72
1277,8
1278,84
1279,30
1280,3/2
1281,51
1282,84
1283,24
1284,48
1285,40
1286,69
1287,35
1288,27
1289,48
1290,90
1291,26
1292,44
1293,20
1294,9
1295,8
1296,1.2
1297,3000
1298,8
1299,6
1300,5
1301,20
1302,6
1303,25
1304,6
1305,6
1306,4
1307,5
1308,8
1309,9
1310,6
1311,7
1312,4
1313,32
1314,4
1315,9
1316,13
1317,6
1318,-10
1319,4
1320,2/9
1321,72
1322,80
1323,31
1324,28
1325,40
1326,17
1327,11
1328,270
1329,6
1330,42
1331,6
1332,76
1333,18
1334,4
1335,25
1336,54
1337,24
1338,84
1339,5
1340,73
1341,24
1342,6
1343,7
1344,24
1345,84
1346,44
1347,33
1348,9
1349,17
1350,77
1351,16
1352,20
1353,28
1354,26
1355,14.135
1356,196
1357,75.36
1358,40
1359,700
1360,128
1361,4320
1362,30000
1363,5/9
1364,0.04
1365,5/5
1366,24
1367,15
1368,30144
1369,35
1370,16
1371,81
1372,335
1373,15
1374,33.5
1375,19/70
1376,2000
1377,128
1378,8.4
1379,5.6
1380,2.7
1381,1356.48
1382,400
1383,1800
1384,360
1385,57
1386,10
1387,2
1388,80
1389,6.8
1390,40
1391,2.16
1392,48000
1393,109
1394,40
1395,16
1396,3.2
1397,58
1398,95
1399,840
1400,4
1401,180
1402,640
1403,30
1404,30
1405,9
1406,523/521
1407,80
1408,787
1409,150
1410,139
1411,314
1412,92
1413,32.5
1414,200
1415,0.162
1416,21429
1417,3
1418,40
1419,31
1420,29/60
1421,30.6
1422,33.45
1423,9.2
1424,10
1425,9
1426,9
1427,4
1428,269
1429,2
1430,22.5
1431,28
1432,4
1433,118
1434,4
1435,44.3
1436,190
1437,272.92
1438,0.2
1439,72000
1440,16
1441,11
1442,110
1443,60
1444,18
1445,18
1446,14850
1447,1600
1448,0.5
1449,4
1450,44
1451,288
1452,108
1453,307
1454,24
1455,130
1456,169
1457,31
1458,44
1459,9
1460,3600
1461,560
1462,144
1463,78
1464,18
1465,270
1466,154
1467,94
1468,8.5
1469,1.1
1470,137
1471,20
1472,1.6
1473,72
1474,24
1475,8
1476,50
1477,9000
1478,7080.56
1479,24
1480,0.6
1481,8096
1482,20
1483,3
1484,48/119
1485,4
1486,11
1487,33
1488,8
1489,56
1490,3.5
1491,12
1492,50
1493,7000
1494,32
1495,1.275
1496,19
1497,-4
1498,8.7
1499,2370
1500,104
1501,3.6
1502,149
1503,4
1504,371
1505,28
1506,29.5
1507,1728
1508,18.4
1509,180
1510,945
1511,50
1512,23.2
1513,200
1514,70
1515,-620
1516,36
1517,1.55
1518,34009
1519,4
1520,90
1521,32
1522,300
1523,41
1524,331
1525,11.87
1526,140
1527,4.5
1528,100
1529,780
1530,1015
1531,10
1532,4
1533,28.5
1534,4800
1535,0.5
1536,2.5
1537,52
1538,1/21
1539,160
1540,128
1541,75.36
1542,17
1543,150
1544,12
1545,400
1546,230
1547,20
1548,12.56
1549,10
1550,390
1551,56
1552,122
1553,5400
1554,4
1555,753.6
1556,22.532
1557,2.875
1558,0.01
1559,200000
1560,800
1561,17
1562,3
1563,72
1564,3
1565,210.84
1566,113.04
1567,7/12
1568,4560
1569,990
1570,3000
1571,4
1572,31.4
1573,15
1574,38
1575,25
1576,9420
1577,4.00
1578,210
1579,294
1580,12.5
1581,6.4
1582,125
1583,250
1584,64
1585,900
1586,300
1587,6
1588,25
1589,96
1590,73
1591,1764
1592,99
1593,175
1594,150
1595,-64
1596,5.2
1597,4%
1598,9
1599,17
1600,30
1601,16.34
1602,120
1603,800
1604,16
1605,320
1606,1512
1607,280
1608,20
1609,75.36
1610,5024
1611,5024
1612,750
1613,40
1614,37.68
1615,48
1616,563
1617,10
1618,13.35
1619,136
1620,45
1621,8.64
1622,120.96
1623,120
1624,24
1625,360.46
1626,28
1627,2500
1628,9/8
1629,11
1630,1600
1631,14
1632,10.5
1633,5
1634,850
1635,72000000
1636,10
1637,54
1638,12
1639,6.25
1640,72
1641,176
1642,94.2
1643,720
1644,-50
1645,4.01
1646,0.48
1647,1.25
1648,450
1649,2
1650,1770
1651,50
1652,40
1653,15
1654,92%
1655,656
1656,5
1657,900
1658,1
1659,1.3467
1660,400
1661,4
1662,4/3
1663,2
1664,3.2
1665,10
1666,59
1667,66
1668,625
1669,0.37
1670,3/10
1671,5%
1672,35
1673,30
1674,50
1675,72
1676,240
1677,1350
1678,36
1679,200
1680,10
1681,1280
1682,142
1683,600
1684,3.6
1685,3.75
1686,150
1687,180
1688,785
1689,150
1690,1120
1691,16000000
1692,12000000
1693,7.12
1694,37.68
1695,576
1696,1040
1697,20
1698,30
1699,9.6
1700,39
1701,20
1702,7.14
1703,1
1704,48/15
1705,0.25
1706,8/9
1707,8
1708,1200
1709,59.33
1710,384
1711,3400
1712,660
1713,202
1714,2333
1715,162
1716,6
1717,400
1718,15
1719,720
1720,16
1721,54.96
1722,0.9
1723,139.2
1724,45.545
1725,34
1726,30
1727,75.36
1728,16
1729,1166.75
1730,2.4
1731,1
1732,110
1733,37.5
1734,25
1735,7.2
1736,519
1737,130
1738,240
1739,1496
1740,23
1741,60
1742,25.71
1743,1380
1744,82.5
1745,30
1746,80
1747,37.68
1748,12
1749,240
1750,114
1751,50
1752,7
1753,1.74
1754,25
1755,45
1756,7.2
1757,840
1758,31.4
1759,60
1760,17
1761,192
1762,32.13
1763,287.5
1764,2
1765,20
1766,51
1767,30
1768,36
1769,8
1770,3
1771,56
1772,550
1773,2700
1774,12
1775,20/7
1776,800
1777,300
1778,5740
1779,1030
1780,0.02
1781,9
1782,1175
1783,1800
1784,67
1785,9
1786,9
1787,6
1788,952
1789,6
1790,600
1791,250
1792,20
1793,11460
1794,5
1795,22
1796,5
1797,20.05
1798,24
1799,500
1800,1
1801,11/26
1802,3360
1803,4.8
1804,535
1805,942
1806,7200
1807,18
1808,17
1809,8
1810,660
1811,8
1812,69.08
1813,20.5
1814,7
1815,36
1816,22
1817,20
1818,102
1819,72
1820,7040
1821,54
1822,0.045
1823,10
1824,359.04
1825,1295
1826,10
1827,100
1828,360
1829,279.08
1830,40
1831,3
1832,5
1833,6000
1834,272
1835,251.2
1836,2543
1837,4
1838,13
1839,19.57
1840,120
1841,2000
1842,3
1843,4
1844,2.8
1845,28.26
1846,0.925
1847,702
1848,9
1849,3000
1850,818
1851,155.4
1852,36
1853,1035
1854,9
1855,12
1856,800
1857,30000
1858,60
1859,6
1860,70
1861,1.3
1862,96
1863,20
1864,7
1865,5
1866,1120
1867,8
1868,0
1869,6720
1870,630
1871,30
1872,5400
1873,8000
1874,5
1875,11
1876,24
1877,6
1878,42
1879,48
1880,9.42
1881,6.97
1882,6
1883,3948
1884,1096
1885,18.8
1886,20
1887,6
1888,600
1889,3
1890,16
1891,52%
1892,54
1893,28.26
1894,25
1895,2048
1896,0.1333
1897,2
1898,24
1899,40
1900,9
1901,40
1902,0.36
1903,0.9
1904,2.12
1905,10
1906,17280
1907,900
1908,27
1909,15.75
1910,25.2
1911,1469
1912,12
1913,9
1914,0.1485
1915,108
1916,12
1917,11
1918,16
1919,96
1920,12
1921,23
1922,10
1923,5046
1924,18
1925,420
1926,26
1927,24
1928,2.25
1929,879.4144
1930,20
1931,5
1932,20
1933,450
1934,250
1935,3
1936,2520
1937,3.5712
1938,11
1939,251
1940,0.9
1941,0.8
1942,6.28
1943,2000
1944,32.4
1945,24
1946,4840
1947,350
1948,24
1949,3900
1950,20%
1951,7
1952,2.73
1953,1.6
1954,78.5
1955,4900
1956,10.5
1957,217
1958,65.68
1959,92
1960,16
1961,0.04
1962,3740
1963,40000
1964,39424
1965,600
1966,135.6
1967,280
1968,3072.01
1969,8
1970,89
1971,4.1
1972,36
1973,19.62
1974,6
1975,42
1976,50
1977,100
1978,30
1979,4
1980,40000
1981,30
1982,151.7
1983,25
1984,6
1985,42
1986,600
1987,3/4
1988,30
1989,420
1990,201
1991,13
1992,12455
1993,438.75
1994,22
1995,460.5
1996,480
1997,18
1998,3.5
1999,16
2000,10
2001,168
2002,30
2003,81
2004,0.8
2005,45
2006,260
2007,1405
2008,900
2009,621
2010,882
2011,1.08
2012,1500
2013,0.05
2014,2
2015,108
2016,14
2017,4
2018,48
2019,100
2020,120
2021,96
2022,500
2023,400
2024,10.5
2025,12.2
2026,50
2027,15
2028,4
2029,15%
2030,2.5%
2031,4
2032,63
2033,56
2034,8640
2035,300
2036,648
2037,720
2038,384
2039,2.8
2040,0.4375
2041,902.5
2042,4.61
2043,8
2044,0.5
2045,3
2046,240
2047,10
2048,7
2049,20
2050,3
2051,1032
2052,216
2053,758.8
2054,5
2055,301.44
2056,234
2057,750
2058,4
2059,3065
2060,0.035
2061,42
2062,5415
2063,37.4
2064,40
2065,190
2066,7500
2067,3
2068,120.7
2069,315
2070,288
2071,270
2072,3000
2073,96
2074,880
2075,123
2076,600
2077,4
2078,400
2079,2000
2080,6.27
2081,23
2082,35
2083,10
2084,5.4
2085,80
2086,960
2087,54
2088,120
2089,1740
2090,84
2091,108
2092,3333.33
2093,900
2094,672
2095,20716.8
2096,314
2097,144
2098,52
2099,36
2100,780
2101,2000
2102,20
2103,52
2104,32
2105,45
2106,0.4
2107,100.48
2108,1560
2109,2464
2110,80
2111,8
2112,32
2113,19.808
2114,20
2115,622
2116,120
2117,200
2118,0.785
2119,84
2120,15
2121,88
2122,254.704
2123,28.26
2124,1.1
2125,4
2126,830
2127,99
2128,268
2129,81
2130,2.4
2131,300
2132,17
2133,3820
2134,7
2135,1318.8
2136,22
2137,7
2138,14
2139,12
2140,3
2141,8
2142,10
2143,3
2144,0.4
2145,10
2146,1296
2147,24
2148,7/4
2149,12
2150,376.8
2151,72.09
2152,40
2153,62.8
2154,709
2155,1
2156,3
2157,120
2158,15
2159,45.616
2160,90
2161,480
2162,372
2163,192
2164,23
2165,34.5
2166,9120
2167,470
2168,19
2169,30
2170,2
2171,-16
2172,180%
2173,10003.4
2174,6
2175,12%
2176,18.4%
2177,15
2178,640
2179,40
2180,1024.76
2181,900
2182,715
2183,4
2184,1710
2185,100
2186,27
2187,441
2188,896
2189,300
2190,3000
2191,12
2192,30
2193,56
2194,9
2195,3400
2196,24
2197,0.4
2198,8
2199,12
2200,280
2201,344
2202,2520
2203,11400
2204,270
2205,6_1/7
2206,18
2207,4.8
2208,16
2209,175
2210,496
2211,173.6
2212,655
2213,0.72
2214,1.42
2215,2
2216,9
2217,152
2218,10
2219,21
2220,10890
2221,3660
2222,495
2223,42
2224,4.90
2225,62.5
2226,0.09
2227,80
2228,256
2229,5000
2230,1.1304
2231,4
2232,3
2233,9
2234,0.94
2235,2
2236,18
2237,24
2238,40
2239,333.33
2240,1740
2241,9880.35
2242,-48
2243,5403
2244,45
2245,1.5
2246,6
2247,48
2248,4.5
2249,750
2250,753.6
2251,60
2252,158
2253,24
2254,1440
2255,9
2256,60
2257,5750
2258,32
2259,3
2260,60
2261,16%
2262,45%
2263,4.5
2264,4
2265,100
2266,232
2267,22.5
2268,4
2269,8
2270,45_1/6
2271,78
2272,27.8
2273,52
2274,80
2275,729
2276,1053
2277,320
2278,1
2279,1.92
2280,27
2281,3600
2282,3000
2283,1190
2284,3500
2285,15
2286,0.0375
2287,10
2288,2.5
2289,250
2290,100
2291,45
2292,45
2293,70
2294,48
2295,50.24
2296,72
2297,5
2298,2
2299,125.6
2300,24
2301,1
2302,480
2303,30
2304,193.056
2305,4.71
2306,18
2307,133
2308,14
2309,8
2310,32
2311,5
2312,90.24
2313,400
2314,5250
2315,6
2316,7/55
2317,5300
2318,14.4
2319,192
2320,180
2321,360
2322,388
2323,9.4
2324,75
2325,900
2326,399
2327,1120
2328,2160
2329,13
2330,50
2331,38
2332,5/12
2333,4200
2334,0.624
2335,780
2336,12
2337,5
2338,734
2339,4
2340,2
2341,1520
2342,7.2
2343,20.25
2344,5/84
2345,560
2346,52
2347,2592
2348,48
2349,327
2350,1080
2351,50
2352,27
2353,12
2354,150
2355,20
2356,7317
2357,13
2358,17.5
2359,1243
2360,4.05%
2361,13
2362,448
2363,8.8
2364,482
2365,330
2366,48
2367,3.2144
2368,400
2369,4
2370,50
2371,8
2372,1.1304
2373,270
2374,48
2375,20
2376,9
2377,43
2378,1.25
2379,4
2380,180
2381,24
2382,0.4
2383,3294
2384,220
2385,23200
2386,110
2387,930
2388,15
2389,0.75
2390,720
2391,720000000
2392,210
2393,1.5
2394,-241
2395,5
2396,202
2397,29
2398,1089
2399,25%
2400,4.8
2401,72
2402,0.002
2403,8
2404,70
2405,192
2406,72
2407,0.6
2408,11.2
2409,12.56
2410,1.2
2411,18.84
2412,5
2413,3
2414,14
2415,112.5
2416,12.56
2417,300
2418,64
2419,20
2420,0.6
2421,400
2422,6
2423,1.2
2424,3.6
2425,1800
2426,96
2427,8
2428,75
2429,7.2
2430,20
2431,10
2432,4
2433,24/7
2434,120
2435,8
2436,30
2437,11576
2438,20
2439,8
2440,60
2441,189
2442,36
2443,40
2444,40
2445,8
2446,37.5
2447,2268
2448,14
2449,1
2450,1650
2451,30
2452,20
2453,2857.4
2454,51
2455,25
2456,128%
2457,192
2458,5
2459,1256
2460,30
2461,6
2462,1
2463,28
2464,279.3
2465,135
2466,25.12
2467,10
2468,29
2469,0.32
2470,16
2471,44
2472,2
2473,120
2474,12000000
2475,800
2476,25
2477,35
2478,25
2479,60
2480,x/4
2481,80
2482,24
2483,9
2484,12.56
2485,600
2486,1550
2487,3695
2488,-4
2489,8
2490,8
2491,10
2492,12
2493,2
2494,7.75
2495,534
2496,8
2497,10800
2498,5/8
2499,50
2500,26.77
2501,7
2502,2000
2503,17
2504,65%
2505,1.86
2506,40
2507,7
2508,216
2509,24
2510,327
2511,19.625
2512,7630
2513,37.68
2514,2.87
2515,40/3
2516,1/6
2517,5.024
2518,30.96
2519,40
2520,195.5
2521,5840
2522,28.26
2523,4
2524,9
2525,1716
2526,5
2527,392
2528,40
2529,66
2530,12
2531,24
2532,-10
2533,48
2534,30
2535,6
2536,1
2537,108
2538,18/11
2539,8
2540,100/3
2541,8
2542,10
2543,2
2544,300
2545,18
2546,1000
2547,200
2548,825
2549,22
2550,9
2551,5
2552,9
2553,20%
2554,2.85
2555,3.5
2556,392
2557,251.2
2558,9
2559,4096
2560,25%
2561,30
2562,9.2
2563,3
2564,2
2565,144
2566,80
2567,0.6313333333333333
2568,0.006
2569,214
2570,140
2571,2940
2572,8
2573,3
2574,15
2575,60
2576,-4
2577,127.5
2578,15.7
2579,1200
2580,75%
2581,12
2582,24
2583,38
2584,3400.00
2585,3.2
2586,96
2587,15
2588,27
2589,9
2590,6.375
2591,21
2592,45
2593,220
2594,240
2595,400
2596,180
2597,7.53
2598,43.2
2599,80
2600,125
2601,480
2602,4200
2603,20
2604,16
2605,36
2606,21
2607,100000000
2608,320
2609,5
2610,50
2611,3.14
2612,1384
2613,225
2614,30
2615,11
2616,82.2
2617,1800
2618,30
2619,3
2620,50%
2621,0.2
2622,7/11
2623,17
2624,3
2625,50.24
2626,50.24
2627,300
2628,40%
2629,190
2630,90
2631,6000000
2632,64000
2633,74
2634,3.14
2635,288
2636,272
2637,4490.1
2638,28
2639,2
2640,3
2641,473
2642,2
2643,1_1/8
2644,21/29
2645,128
2646,4
2647,6
2648,100
2649,45
2650,4
2651,10
2652,12
2653,280
2654,20
2655,2.4
2656,750
2657,4000
2658,6000
2659,41.7
2660,37.68
2661,125
2662,3
2663,96
2664,1507.76
2665,1200
2666,3.46
2667,98%
2668,82.8
2669,74.4
2670,2/5
2671,6
2672,350
2673,48
2674,28/45
2675,35
2676,24
2677,9
2678,784
2679,980
2680,56
2681,7
2682,2.52
2683,2400000000
2684,20000
2685,2800
2686,14.3%
2687,100
2688,132
2689,9
2690,102
2691,5440
2692,九五
2693,4896
2694,8.2
2695,8
2696,75.36
2697,530
2698,3
2699,9.33
2700,11
2701,1.57
2702,1200
2703,100
2704,72000
2705,200
2706,8
2707,4
2708,6
2709,3.7
2710,1.15
2711,8
2712,51.34
2713,720
2714,2
2715,370
2716,150.72
2717,15
2718,24
2719,2.5
2720,14000
2721,1512
2722,19200
2723,2223
2724,20400
2725,18/5
2726,15
2727,43
2728,2220
2729,10
2730,139
2731,810
2732,30
2733,200
2734,25
2735,133.3
2736,2.4
2737,0.8
2738,7.19
2739,22
2740,1
2741,10
2742,3
2743,38
2744,40
2745,30
2746,931
2747,24
2748,75
2749,256
2750,9
2751,18
2752,1000
2753,0.2
2754,7
2755,160
2756,5.06
2757,200
2758,37.44
2759,1.6
2760,2
2761,16
2762,3240
2763,432
2764,116
2765,20.8
2766,5
2767,2
2768,419
2769,2.5
2770,9
2771,26
2772,6
2773,76
2774,70
2775,24
2776,5
2777,14
2778,60
2779,250
2780,7
2781,2
2782,2.5
2783,8
2784,375
2785,7
2786,710
2787,38
2788,584
2789,980
2790,7
2791,40/9
2792,36
2793,520
2794,50
2795,100
2796,-82
2797,8
2798,590
2799,7
2800,3
2801,120
2802,7
2803,1000000000
2804,5934
2805,240
2806,9
2807,15
2808,90
2809,8
2810,150.72
2811,1344
2812,220
2813,6
2814,301.44
2815,0.5
2816,12
2817,900
2818,49
2819,120
2820,3.14
2821,130
2822,240
2823,29
2824,6.3
2825,70
2826,3520
2827,3
2828,250
2829,32
2830,20
2831,17
2832,0.09875
2833,24
2834,348
2835,14
2836,20
2837,1376.92
2838,140
2839,8
2840,8
2841,40
2842,61
2843,45
2844,300
2845,1130.4
2846,15
2847,48
2848,94.2
2849,846
2850,9
2851,50.24
2852,360
2853,0.4
2854,30
2855,9.1%
2856,8
2857,28
2858,3
2859,10
2860,5500
2861,292
2862,7
2863,43.8
2864,16
2865,16
2866,10
2867,120
2868,9.42
2869,1000
2870,11
2871,60
2872,1188
2873,5
2874,22.72
2875,750
2876,5
2877,2/3
2878,910
2879,32
2880,5
2881,7200
2882,96%
2883,30
2884,80
2885,36
2886,60
2887,1256
2888,1380
2889,251.2
2890,1610
2891,270
2892,2
2893,8
2894,320
2895,25%
2896,7.5
2897,93
2898,2370
2899,1375
2900,1
2901,527
2902,30
2903,9
2904,15
2905,132
2906,27.6
2907,6
2908,50.24
2909,200
2910,10
2911,11
2912,505
2913,66
2914,2
2915,160
2916,15
2917,175.84
2918,55
2919,379
2920,200
2921,24
2922,8
2923,6600
2924,1.25
2925,6
2926,11600
2927,3
2928,3
2929,8
2930,132
2931,16
2932,1985
2933,50
2934,37
2935,109.9
2936,41
2937,78.5
2938,75
2939,53.8
2940,11520
2941,326
2942,5024
2943,162
2944,12
2945,169.56
2946,400
2947,48
2948,65
2949,375
2950,29.7
2951,4.2
2952,84
2953,29
2954,680
2955,112.5
2956,20
2957,4
2958,36
2959,10
2960,6_2/3
2961,4
2962,40
2963,180
2964,8
2965,35
2966,420
2967,81
2968,60
2969,975
2970,24
2971,83.2
2972,60
2973,18
2974,7.2
2975,12
2976,7
2977,125.6
2978,20
2979,16.67
2980,27
2981,94.6%
2982,7
2983,60
2984,80
2985,124
2986,1.32
2987,4
2988,180
2989,2
2990,62.5
2991,1.6
2992,84.34
2993,587
2994,1400
2995,36
2996,320
2997,127
2998,18
2999,1.5
3000,25
3001,240
3002,88
3003,238.875
3004,0.26
3005,45
3006,27
3007,21
3008,126
3009,135.968
3010,19.625
3011,1.98
3012,5.024
3013,1271
3014,12
3015,800
3016,27
3017,80
3018,46
3019,180
3020,40
3021,20
3022,480
3023,0
3024,15
3025,93
3026,200
3027,17200
3028,388.4
3029,1728
3030,60
3031,742
3032,10
3033,18/5
3034,8
3035,190
3036,140
3037,5
3038,15%
3039,4
3040,1381.6
3041,1
3042,17/20
3043,0.5
3044,1350
3045,15
3046,363
3047,1680
3048,8
3049,1/4
3050,3.4
3051,183
3052,32
3053,13
3054,14
3055,100
3056,6400
3057,70
3058,1440
3059,518.4
3060,500
3061,1248
3062,113.04
3063,25.12
3064,14
3065,83
3066,4800
3067,540
3068,140
3069,8
3070,120
3071,3540
3072,33.3%
3073,182
3074,4.3
3075,900
3076,9/2
3077,12090.144
3078,72
3079,45
3080,57
3081,100
3082,2512
3083,0.06
3084,12
3085,54
3086,2267
3087,20
3088,2
3089,1
3090,103%
3091,192
3092,27
3093,45
3094,248.4
3095,166.96
3096,445.5
3097,1.2
3098,125.6
3099,3
3100,111.4
3101,314
3102,100
3103,24
3104,72
3105,3
3106,45
3107,825
3108,50
3109,2.25
3110,4
3111,360
3112,192
3113,160
3114,470
3115,9.8
3116,2225
3117,240
3118,123
3119,45
3120,15.7
3121,708
3122,8400
3123,6
3124,24
3125,160
3126,282.5
3127,40
3128,3
3129,400
3130,14000
3131,5
3132,376.8
3133,3.5
3134,1570
3135,5
3136,208.94
3137,122
3138,640
3139,55
3140,2.5%
3141,12000
3142,25
3143,10
3144,8
3145,508
3146,2.5
3147,1500
3148,1.1
3149,600
3150,8
3151,4
3152,9
3153,45
3154,9.4
3155,1.2
3156,2.4
3157,2.8
3158,120
3159,12
3160,0.96
3161,70
3162,1728
3163,20%
3164,1.44
3165,64
3166,45
3167,26
3168,94
3169,7
3170,20
3171,40
3172,32
3173,420
3174,75
3175,140
3176,1841
3177,50
3178,624
3179,48
3180,2700
3181,36.3
3182,5.6
3183,0.7
3184,720
3185,180
3186,5.5
3187,121
3188,777
3189,1.2
3190,8
3191,367.5
3192,368
3193,60
3194,720
3195,30
3196,52
3197,6400
3198,1800
3199,355
3200,70
3201,96
3202,3600
3203,48
3204,124
3205,9
3206,245
3207,156.67
3208,93
3209,85
3210,120
3211,7.54
3212,72
3213,8
3214,9
3215,75
3216,601
3217,800
3218,24
3219,130
3220,11
3221,4
3222,15
3223,210
3224,360
3225,175
3226,160
3227,3
3228,18
3229,8
3230,2520
3231,384
3232,360
3233,325
3234,38
3235,2880
3236,864
3237,3250
3238,175
3239,680
3240,63
3241,9900
3242,1158
3243,1160
3244,1600
3245,50
3246,1820
3247,372
3248,1880
3249,3600
3250,280
3251,17
3252,300
3253,1200
3254,30
3255,9
3256,25
3257,3
3258,8
3259,4
3260,1692
3261,9
3262,6
3263,24
3264,3
3265,7
3266,8
3267,480
3268,35
3269,186
3270,225
3271,24
3272,27
3273,7
3274,75
3275,336
3276,1440
3277,35
3278,305
3279,1251
3280,784
3281,5400
3282,6
3283,194
3284,1208
3285,5
3286,21
3287,9
3288,53
3289,5400
3290,250
3291,218
3292,120
3293,9
3294,45
3295,29
3296,94
3297,200
3298,2000
3299,105
3300,520
3301,27
3302,224
3303,109
3304,-99
3305,11
3306,447
3307,477
3308,103
3309,39
3310,98
3311,740
3312,84
3313,9
3314,31
3315,7
3316,63
3317,315
3318,418
3319,8
3320,220
3321,54
3322,605
3323,21
3324,8940
3325,60
3326,200
3327,550
3328,1425
3329,288
3330,112.5
3331,0.75
3332,250
3333,2160
3334,525
3335,4/3
3336,203
3337,31
3338,1456
3339,576
3340,100
3341,720
3342,95
3343,4
3344,569
3345,1_1/8
3346,100
3347,15
3348,2400
3349,180
3350,32
3351,13
3352,13
3353,48
3354,39
3355,2550
3356,784
3357,130
3358,60
3359,86
3360,385
3361,520
3362,204
3363,504
3364,36
3365,370
3366,39
3367,300
3368,119
3369,10
3370,13500
3371,10915
3372,1052
3373,990
3374,43.5333
3375,18120
3376,12
3377,910
3378,300
3379,256
3380,27
3381,1043
3382,105
3383,12672
3384,1122
3385,84
3386,25
3387,15
3388,24
3389,25
3390,98
3391,12
3392,960
3393,60
3394,40
3395,130
3396,24
3397,25
3398,60
3399,100
3400,845
3401,90
3402,5
3403,52
3404,30
3405,46
3406,214
3407,200
3408,8
3409,20
3410,10
3411,6
3412,486
3413,4185
3414,7500
3415,111
3416,9
3417,18300
3418,16
3419,2790
3420,80
3421,111
3422,552
3423,1590
3424,1704
3425,5
3426,65712
3427,432
3428,30
3429,25
3430,18
3431,38
3432,3000
3433,23
3434,131
3435,50.8429
3436,15
3437,9/8
3438,9
3439,87
3440,0.72
3441,480
3442,110
3443,9
3444,2015
3445,279
3446,700
3447,36
3448,200
3449,96
3450,1400
3451,172
3452,5200
3453,384
3454,90
3455,93
3456,15
3457,38
3458,40
3459,8
3460,33
3461,3
3462,15
3463,336
3464,30
3465,3
3466,170
3467,180
3468,58
3469,470
3470,5/24
3471,15
3472,4.9
3473,1000
3474,92
3475,900
3476,23
3477,8
3478,8
3479,600
3480,590
3481,3.5
3482,33.00
3483,63
3484,800
3485,64
3486,9
3487,72
3488,288
3489,120
3490,20
3491,192
3492,11
3493,882
3494,10
3495,11
3496,48
3497,40.5
3498,0.0143
3499,4
3500,6
3501,16
3502,100
3503,800
3504,4
3505,3040
3506,9
3507,49.73
3508,275
3509,12.8
3510,300
3511,420
3512,12
3513,3750
3514,21.75
3515,5760
3516,352
3517,6
3518,100
3519,3500
3520,192
3521,8
3522,24
3523,6
3524,33
3525,500
3526,750
3527,6
3528,5
3529,58
3530,6.28
3531,7
3532,2.3
3533,108
3534,0.2
3535,5
3536,9
3537,6
3538,192
3539,276
3540,50
3541,2400
3542,12130
3543,2600
3544,10
3545,5
3546,10
3547,1494
3548,588
3549,2000
3550,8
3551,75
3552,36
3553,2950
3554,205
3555,720
3556,316
3557,28
3558,250000
3559,429
3560,428
3561,1400
3562,840
3563,9
3564,380
3565,174
3566,32
3567,6131.75
3568,1512
3569,2
3570,12
3571,6
3572,8
3573,35
3574,42
3575,220
3576,3
3577,24
3578,12
3579,37
3580,3960
3581,80
3582,74
3583,36
3584,337.5
3585,4072
3586,26.67
3587,1209
3588,6480
3589,12
3590,4500
3591,36
3592,720
3593,25
3594,6.5
3595,2000
3596,175
3597,12
3598,23
3599,-4
3600,114
3601,12800
3602,74
3603,817
3604,1500
3605,640
3606,40
3607,15
3608,22
3609,15/2
3610,1.2
3611,25
3612,634.2
3613,7056
3614,945
3615,8
3616,480
3617,112
3618,25.6
3619,160
3620,1620
3621,6
3622,450
3623,120
3624,10
3625,3760
3626,102
3627,8
3628,216
3629,1015
3630,1200
3631,920
3632,-660
3633,13000
3634,3850
3635,125
3636,140
3637,519
3638,15
3639,300
3640,-94725
3641,6
3642,108
3643,3330
3644,23.15
3645,23
3646,18
3647,2450
3648,3
3649,690
3650,20
3651,3
3652,48
3653,250
3654,168
3655,56
3656,161
3657,103.5
3658,70
3659,982
3660,24
3661,3600
3662,1.3
3663,18
3664,16
3665,566
3666,98
3667,70
3668,485
3669,588
3670,2916
3671,1440
3672,13
3673,50
3674,1.9
3675,640
3676,12030
3677,1000
3678,Null
3679,5624
3680,9720
3681,880
3682,7
3683,6
3684,9
3685,272
3686,1536
3687,400
3688,1000
3689,400
3690,180
3691,20
3692,8
3693,39
3694,1058
3695,504
3696,40
3697,3
3698,2350
3699,340
3700,1632
3701,390
3702,880
3703,4
3704,1350
3705,4
3706,4500
3707,192
3708,10
3709,32
3710,6
3711,70
3712,162710
3713,6
3714,100/7
3715,570
3716,10000
3717,509
3718,12
3719,684
3720,12
3721,318
3722,655
3723,72
3724,154625
3725,8
3726,8
3727,80
3728,12
3729,2/3
3730,400
3731,84
3732,3600
3733,136
3734,534
3735,800
3736,107
3737,3800
3738,640
3739,14000
3740,429
3741,600
3742,728
3743,4710
3744,150
3745,450
3746,424
3747,8
3748,471
3749,30
3750,2668
3751,120
3752,12.5
3753,384
3754,1176
3755,360
3756,371
3757,52
3758,3360
3759,5000
3760,18
3761,96
3762,322
3763,6
3764,0.42
3765,11
3766,2
3767,2270
3768,300
3769,8
3770,49
3771,2160
3772,24
3773,7
3774,600
3775,11
3776,10000
3777,100
3778,77425
3779,0.3
3780,552
3781,14
3782,11
3783,175
3784,120
3785,3.2
3786,21500
3787,68
3788,414
3789,294
3790,0.65
3791,3430
3792,126
3793,65
3794,190
3795,93.6
3796,24
3797,18
3798,102
3799,763
3800,1100
3801,52
3802,7020
3803,3
3804,12
3805,84
3806,1664
3807,4400
3808,54
3809,13
3810,630
3811,144
3812,60
3813,125
3814,900
3815,24
3816,667
3817,180
3818,45
3819,36
3820,10850
3821,40
3822,36
3823,20
3824,240
3825,6
3826,36
3827,12
3828,1512
3829,1770
3830,138
3831,43.2
3832,112000
3833,14
3834,360
3835,60
3836,768
3837,16
3838,68
3839,2970
3840,129600
3841,1392
3842,192
3843,8097
3844,1.5
3845,12
3846,7.5
3847,576
3848,15
3849,5850
3850,90
3851,25
3852,7
3853,54
3854,2520
3855,100
3856,96
3857,216
3858,455
3859,15
3860,96
3861,96
3862,140
3863,1440
3864,468
3865,3800
3866,1680
3867,375
3868,352
3869,5000
3870,2
3871,40
3872,4/7
3873,139200
3874,75
3875,5760
3876,54
3877,120
3878,716
3879,-28.5
3880,10.24
3881,1
3882,24
3883,4
3884,29
3885,112
3886,21.6
3887,8
3888,0.2
3889,1200
3890,144
3891,8
3892,1.86
3893,108
3894,26
3895,72
3896,270
3897,9
3898,12
3899,0.42
3900,-7.6
3901,36
3902,38
3903,3800
3904,4
3905,61
3906,144
3907,168
3908,14.5
3909,0.36
3910,410
3911,6
3912,91
3913,480
3914,18034
3915,5000
3916,410
3917,100
3918,3360
3919,312
3920,70
3921,610
3922,2100
3923,36
3924,775
3925,1
3926,7
3927,240
3928,225
3929,30
3930,68
3931,4.08
3932,152.2
3933,1360
3934,95
3935,25
3936,1680
3937,11
3938,137
3939,9720
3940,396
3941,1247
3942,6
3943,768
3944,17.8
3945,13
3946,204
3947,3.175
3948,240
3949,12
3950,138
3951,420
3952,12
3953,324
3954,462
3955,200
3956,682
3957,2
3958,5.78
3959,8
3960,82.5
3961,432
3962,36
3963,375
3964,460.5
3965,56
3966,66.67
3967,15
3968,240
3969,5
3970,10
3971,80
3972,45
3973,422
3974,8
3975,40
3976,24
3977,195
3978,8
3979,400
3980,40
3981,5
3982,4
3983,80
3984,10
3985,750
3986,51
3987,2
3988,80
3989,12
3990,17640
3991,6.4
3992,29400
3993,40
3994,960
3995,12
3996,18
3997,44
3998,600
3999,16
4000,51
4001,19
4002,1495
4003,1744
4004,2402
4005,80
4006,76
4007,9
4008,260
4009,144
4010,420
4011,10
4012,48
4013,0.91
4014,135
4015,1.45
4016,20
4017,400
4018,6.2
4019,18
4020,144
4021,2.25
4022,8
4023,230
4024,173.33333333333333
4025,800
4026,372
4027,28
4028,350
4029,30
4030,40
4031,12
4032,375
4033,960
4034,17
4035,8
4036,4
4037,378
4038,1840
4039,-74.4
4040,57.6
4041,500
4042,50
4043,800
4044,12
4045,160
4046,2400
4047,250000
4048,88
4049,72
4050,75
4051,3
4052,300
4053,4
4054,0.06
4055,126
4056,12
4057,912
4058,234
4059,17_1/3
4060,240
4061,6600
4062,2880
4063,645
4064,-34
4065,410
4066,188
4067,-280
4068,20
4069,1008
4070,19.52
4071,9000
4072,34
4073,176
4074,1400
4075,182
4076,30
4077,6
4078,13.25
4079,100
4080,12
4081,176
4082,965
4083,1712
4084,10
4085,600
4086,129
4087,1442
4088,1200
4089,11
4090,48
4091,930
4092,22
4093,20
4094,9600
4095,3284
4096,2
4097,3
4098,1198
4099,512
4100,45.07
4101,55
4102,800
4103,400
4104,15
4105,1500
4106,30
4107,576
4108,61
4109,3.3
4110,8
4111,1.2
4112,5
4113,36
4114,3960
4115,90
4116,8
4117,48
4118,12
4119,690
4120,24
4121,5
4122,56
4123,9
4124,152
4125,25
4126,18000000
4127,1130
4128,98
4129,75
4130,0.875
4131,38
4132,1095
4133,26.2
4134,40
4135,10.9
4136,456
4137,10/3
4138,6
4139,22.5
4140,50
4141,16_2/3
4142,1920
4143,141
4144,1112
4145,500
4146,13
4147,9
4148,12
4149,1163
4150,298
4151,114
4152,4
4153,504
4154,837
4155,87.3
4156,3/175
4157,424
4158,12
4159,20
4160,25
4161,240
4162,0.314
4163,321680
4164,870
4165,300
4166,114
4167,280
4168,65
4169,72
4170,64
4171,18.375
4172,358
4173,14400
4174,6912
4175,256
4176,28
4177,113.04
4178,376.8
4179,17.5
4180,8888
4181,5988
4182,40
4183,169
4184,160
4185,10.6
4186,10
4187,162
4188,0.4
4189,5
4190,36
4191,141.795
4192,65
4193,8
4194,98%
4195,37.68
4196,300
4197,72
4198,50.24
4199,27
4200,1440
4201,25
4202,1.3
4203,32
4204,3.14
4205,18750
4206,9
4207,1220
4208,136
4209,20
4210,83
4211,96
4212,216
4213,5/19
4214,130
4215,144
4216,4
4217,40
4218,50
4219,1050
4220,0.1
4221,40
4222,9
4223,384
4224,12
4225,205.44
4226,480
4227,80
4228,2
4229,188.4
4230,30
4231,4.1
4232,9.02
4233,12.5%
4234,39.4
4235,48
4236,28
4237,1.08
4238,13
4239,13
4240,90
4241,28
4242,36
4243,200
4244,60
4245,1280
4246,700
4247,9
4248,440
4249,2
4250,3
4251,27
4252,900
4253,6.45
4254,720
4255,232.4
4256,33.6
4257,16
4258,190
4259,40
4260,20
4261,1096
4262,8.04
4263,738
4264,276
4265,5
4266,0.9
4267,2
4268,153
4269,31.4
4270,4
4271,46
4272,36
4273,63
4274,48
4275,540
4276,112
4277,140
4278,30
4279,5552
4280,318
4281,122.4
4282,18/5
4283,50
4284,27
4285,225
4286,20
4287,2700
4288,90
4289,498960
4290,32
4291,11.25
4292,22
4293,3049
4294,90
4295,144
4296,64
4297,438
4298,187
4299,8
4300,7
4301,54
4302,1440
4303,1.75
4304,280
4305,6.02
4306,31
4307,18
4308,10
4309,200
4310,17200
4311,2000
4312,30
4313,720
4314,20%
4315,10%
4316,2646
4317,280
4318,49
4319,18
4320,187
4321,4
4322,255
4323,60
4324,90.16
4325,150.72
4326,51.06
4327,2
4328,60
4329,0.7
4330,64
4331,2606
4332,15
4333,288
4334,468
4335,320
4336,100
4337,224
4338,32
4339,128
4340,8%
4341,470
4342,6
4343,600
4344,56
4345,8.4
4346,25%
4347,25.4
4348,100%
4349,10
4350,0.67
4351,732.5
4352,6
4353,16
4354,4_1/3
4355,4.2
4356,200
4357,49.6
4358,1.30
4359,7
4360,9.42
4361,3.2
4362,13
4363,0.4
4364,562.5
4365,17.5
4366,300
4367,28/45
4368,810
4369,96
4370,54
4371,25.12
4372,20
4373,90
4374,9
4375,3/5
4376,76
4377,126
4378,150
4379,18
4380,1.75
4381,94
4382,3.9
4383,45
4384,284
4385,9
4386,28
4387,1
4388,600
4389,4
4390,416
4391,3360
4392,7.5
4393,3.2
4394,5
4395,6400
4396,6400
4397,1/20
4398,20
4399,5
4400,5
4401,945
4402,48
4403,10
4404,75
4405,3.6
4406,32
4407,16.8
4408,9
4409,42.2
4410,1
4411,6.29
4412,7.2
4413,768
4414,309
4415,4
4416,70
4417,80
4418,1000
4419,270
4420,10.68
4421,75
4422,12
4423,12550
4424,20.7096
4425,7/3
4426,12600
4427,12.6
4428,125.6
4429,408.384
4430,18.84
4431,20
4432,1/12
4433,200
4434,8
4435,800
4436,100
4437,17
4438,6.28
4439,3.14
4440,10
4441,2400
4442,40%
4443,785
4444,70
4445,45
4446,63
4447,150
4448,50.24
4449,1256
4450,28.26
4451,3
4452,37.68
4453,10
4454,12960
4455,24
4456,945
4457,930
4458,5
4459,20
4460,2.16
4461,141.3
4462,30
4463,173.89
4464,228.8
4465,28.26
4466,7.065
4467,0.785
4468,72
4469,840
4470,120
4471,300
4472,47.9
4473,178.94
4474,38800
4475,201.92
4476,27.39
4477,20.4
4478,54
4479,120
4480,30
4481,210
4482,75.36
4483,420
4484,240
4485,150
4486,4608
4487,77.92
4488,5
4489,50.24
4490,78.5
4491,0.9
4492,62.8
4493,14.5
4494,2400
4495,1
4496,21.36
4497,57
4498,225.75
4499,31
4500,76.5
4501,33.825
4502,10
4503,540
4504,62.8
4505,20%
4506,50.24
4507,50.24
4508,15.7
4509,163.4
4510,25
4511,70
4512,6
4513,70
4514,2
4515,36
4516,9.42
4517,37.5
4518,91.06
4519,34
4520,7/9
4521,9
4522,1800
4523,50.24
4524,4.56
4525,73536
4526,3556.0816
4527,-531.56
4528,200
4529,900
4530,960
4531,90
4532,5000
4533,96
4534,100
4535,933333/3
4536,90
4537,1.57
4538,5.1
4539,235.3
4540,2300
4541,3
4542,5024
4543,28.26
4544,1130
4545,62.8
4546,480
4547,9
4548,8
4549,602
4550,50.24
4551,25%
4552,17.44
4553,6.28
4554,3.2
4555,7
4556,160.396
4557,256
4558,-74
4559,18
4560,1
4561,21.98
4562,1.8
4563,2.7
4564,5000
4565,3000
4566,250
4567,17.85
4568,314
4569,50.7%
4570,56.8
4571,7.58
4572,8
4573,62.8
4574,125.6
4575,960
4576,2
4577,3267.2
4578,13.144
4579,2.0096
4580,3
4581,18.84
4582,60
4583,1.536
4584,10
4585,3.14
4586,47.1
4587,4
4588,2100
4589,8.4
4590,0.5
4591,4
4592,96
4593,942
4594,1.0666
4595,5
4596,6_2/3
4597,6_2/3
4598,14
4599,30/39
4600,0.942
4601,25.12
4602,12
4603,98
4604,2.512
4605,11.304
4606,706.5
4607,39.25
4608,24/5
4609,4000
4610,100
4611,12.56
4612,19.625
4613,62.8
4614,3.25
4615,9.42
4616,0.06
4617,502.7096
4618,720
4619,5.76
4620,12.56
4621,100%
4622,12
4623,500
4624,9π
4625,200
4626,16
4627,21.98
4628,90
4629,1250
4630,27.6
4631,1125
4632,72.96
4633,4
4634,23
4635,8
4636,26
4637,6.28
4638,50
4639,35
4640,45
4641,2.14
4642,12.56
4643,70.628
4644,7650
4645,660
4646,12.5
4647,80
4648,7
4649,42
4650,18.84
4651,33
4652,800
4653,90.71
4654,1000
4655,0.3
4656,3990
4657,37.5
4658,20
4659,8.4
4660,62.8
4661,1530
4662,5275
4663,12
4664,2
4665,314
4666,264
4667,21.98
4668,10
4669,7850
4670,-32
4671,125.6
4672,232
4673,100
4674,56
4675,3
4676,249.69
4677,16%
4678,34.9
4679,41.56
4680,30
4681,5/28
4682,25%
4683,9
4684,706.5
4685,22.04
4686,0.75
4687,200
4688,900
4689,0.52
4690,0.9
4691,60
4692,73.5
4693,125.6
4694,31.4
4695,87.92
4696,30
4697,0.0027
4698,37.5
4699,78.5
4700,1177.5
4701,100.48
4702,5
4703,4
4704,8
4705,小饼
4706,750
4707,94.5
4708,469
4709,64
4710,4
4711,354
4712,7.06
4713,112
4714,0.0200536
4715,10.6
4716,157
4717,12.56
4718,720
4719,72.25
4720,1/8
4721,562
4722,894
4723,3
4724,25.48
4725,56.52
4726,27
4727,6.28
4728,78.5
4729,60
4730,18
4731,40
4732,2500
4733,36
4734,11200
4735,21.98
4736,56
4737,35
4738,2500
4739,1600
4740,25.12
4741,53.93
4742,0.020
4743,12.56
4744,480
4745,863.5
4746,10
4747,42
4748,301.44
4749,175.84
4750,80
4751,14
4752,24.0152
4753,361
4754,2700
4755,4800
4756,6.28
4757,68
4758,100
4759,1
4760,12.56
4761,6
4762,0.38
4763,200
4764,202
4765,15/14
4766,235.68
4767,975.36
4768,1000
4769,301.01
4770,75.36
4771,6.28
4772,12.587
4773,33000
4774,7
4775,20
4776,452.16
4777,3.9375
4778,12.5%
4779,18
4780,12.56
4781,90.16
4782,10
4783,4
4784,564
4785,19625
4786,600
4787,0.06
4788,2
4789,3.14
4790,30
4791,15900
4792,7850
4793,1256
4794,72
4795,50.24
4796,706.5
4797,1/20
4798,1
4799,113.04
4800,1570
4801,12.56
4802,45.8
4803,8.09
4804,110
4805,539.84
4806,6310
4807,942
4808,376.8
4809,1275888
4810,113.04
4811,1884
4812,125.6
4813,250
4814,180
4815,216
4816,20%
4817,31/40
4818,1.5
4819,17392.08
4820,402
4821,50.9875
4822,12.56
4823,3.5
4824,0.05
4825,60
4826,2.4
4827,90
4828,15.79
4829,39.25
4830,0.003829
4831,2826
4832,504
4833,3
4834,1962.5
4835,58
4836,16.96
4837,133.92
4838,100
4839,28.26
4840,50/7
4841,200000
4842,2.16
4843,308.5
4844,7000
4845,485
4846,24
4847,30
4848,696
4849,384
4850,32
4851,54
4852,115
4853,353
4854,8/15
4855,4
4856,67.5
4857,3000
4858,18.4
4859,2/5
4860,60
4861,157
4862,25.2
4863,1
4864,16/27
4865,6.28
4866,15
4867,20
4868,189
4869,85
4870,84
4871,3.5
4872,50
4873,1507.2
4874,800
4875,251.2
4876,314
4877,251.2
4878,192000
4879,1/3
4880,28.26
4881,1
4882,100
4883,45/20
4884,1/18
4885,8
4886,24
4887,4
4888,38
4889,3.5
4890,30
4891,90
4892,160/9
4893,733.33
4894,15
4895,6
4896,62.5
4897,5.6
4898,4
4899,4
4900,288
4901,35
4902,486
4903,1092
4904,28.26
4905,62.8
4906,20
4907,2
4908,25
4909,64
4910,384
4911,113.04
4912,0.999
4913,3
4914,1
4915,40
4916,88.88
4917,24
4918,5
4919,27
4920,4
4921,15
4922,7.96
4923,72
4924,20/3
4925,27
4926,70
4927,3/11
4928,9.6
4929,12
4930,50
4931,900
4932,30000000
4933,0.8
4934,31.5
4935,2.6
4936,38
4937,2
4938,0.8571428571428571
4939,13/4
4940,13.7
4941,3
4942,2
4943,80
4944,67.5
4945,12
4946,6
4947,50.24
4948,12.6
4949,80
4950,44
4951,10
4952,5
4953,13
4954,1280
4955,1/5
4956,58
4957,13
4958,6
4959,50.24
4960,37.68
4961,90
4962,14%
4963,7.2
4964,1.6
4965,14
4966,73
4967,172
4968,52
4969,62
4970,68
4971,45
4972,68
4973,43
4974,18
4975,63
4976,14
4977,18
4978,34
4979,7
4980,56
4981,9
4982,84
4983,56
4984,63
4985,18
4986,16
4987,24
4988,27
4989,12
4990,35
4991,18
4992,4
4993,5
4994,24
4995,28
4996,3
4997,4
4998,94
4999,9
5000,36
5001,27
5002,32
5003,60
5004,78
5005,125
5006,38
5007,53
5008,8
5009,3
5010,61
5011,47
5012,8
5013,5
5014,7
5015,21
5016,6
5017,6
5018,36
5019,8
5020,8
5021,28
5022,47
5023,6
5024,9
5025,47
5026,81
5027,19
5028,30
5029,20
5030,34
5031,46
5032,44
5033,27
5034,17
5035,10
5036,2
5037,11
5038,38
5039,48
5040,8
5041,0
5042,25
5043,31
5044,80
5045,19
5046,13
5047,3
5048,27
5049,18
5050,13
5051,3
5052,11
5053,25
5054,31
5055,91
5056,35
5057,90
5058,56
5059,26
5060,81
5061,4
5062,55
5063,55
5064,6
5065,18
5066,10
5067,89
5068,97
5069,70
5070,-3
5071,51
5072,88
5073,16
5074,-51
5075,57
5076,26
5077,4
5078,42
5079,7
5080,27
5081,30
5082,188
5083,16
5084,6
5085,56
5086,32
5087,24
5088,18
5089,43
5090,32
5091,10
5092,24
5093,23
5094,8
5095,6
5096,8
5097,16
5098,15
5099,18
5100,12
5101,18
5102,6
5103,15
5104,49
5105,18
5106,33
5107,7
5108,19
5109,20
5110,82
5111,21
5112,8
5113,27
5114,8
5115,2
5116,9
5117,70
5118,176.48
5119,32
5120,11
5121,22400
5122,900
5123,27
5124,5906.67
5125,41
5126,32
5127,17
5128,7000
5129,45
5130,3
5131,240
5132,250
5133,36
5134,240
5135,30
5136,2.1
5137,20
5138,4
5139,314
5140,100.48
5141,125.6
5142,0.75
5143,1841
5144,30
5145,6.4
5146,48
5147,3600
5148,4.5
5149,9
5150,3696
5151,40
5152,1345
5153,761.6
5154,14.58
5155,4860
5156,196.5
5157,2/3
5158,375
5159,240
5160,40
5161,255
5162,105
5163,10
5164,444.44
5165,20
5166,18
5167,540
5168,48
5169,28.26
5170,215
5171,314
5172,1.008
5173,1
5174,6
5175,58
5176,512
5177,8
5178,10041.76
5179,37.5
5180,280
5181,25.12
5182,5000
5183,60
5184,9.6
5185,2
5186,1350
5187,2324
5188,0.14
5189,13000
5190,3
5191,16
5192,240
5193,17
5194,60
5195,36
5196,100
5197,500
5198,9
5199,9/5
5200,719
5201,0.048
5202,3
5203,14
5204,36
5205,36.3
5206,5
5207,500
5208,6.67
5209,0.56
5210,60
5211,28.0224
5212,1700
5213,3
5214,45
5215,1
5216,405
5217,34.88
5218,18
5219,53.88
5220,240
5221,16
5222,400
5223,80
5224,4800
5225,39
5226,375
5227,8
5228,14.4
5229,375
5230,200.66
5231,12
5232,27.3
5233,14.4
5234,3360
5235,25200
5236,979.2
5237,25.12
5238,24
5239,36
5240,8.125
5241,2300
5242,600
5243,1.57
5244,480
5245,64
5246,225
5247,26
5248,94
5249,9
5250,7
5251,12
5252,1280
5253,32
5254,15
5255,88.75
5256,5.6
5257,7
5258,5
5259,25
5260,33
5261,480
5262,98
5263,500
5264,0.3
5265,-10
5266,19
5267,116.25
5268,3060
5269,27
5270,40
5271,8
5272,12
5273,36
5274,1800
5275,68.57
5276,200
5277,232
5278,8%
5279,4560
5280,19
5281,1.6
5282,72
5283,1710
5284,20
5285,14.65072
5286,50.24
5287,60
5288,12
5289,15
5290,86.4
5291,30
5292,-46899
5293,701
5294,4
5295,384
5296,10.47
5297,3
5298,13.5
5299,360
5300,50.4
5301,800
5302,630
5303,95.7
5304,5
5305,84
5306,60
5307,36
5308,210
5309,1600
5310,118.5
5311,16.8
5312,0
5313,4
5314,28.8
5315,4
5316,216
5317,140
5318,100
5319,1120
5320,2900
5321,48
5322,48
5323,8.635
5324,28.26
5325,120
5326,50
5327,20
5328,120
5329,458
5330,750
5331,16
5332,1
5333,138
5334,36
5335,7200
5336,144
5337,200
5338,51
5339,48
5340,1192
5341,400
5342,45
5343,384
5344,75.36
5345,28.26
5346,10
5347,30
5348,14
5349,250
5350,1920
5351,720
5352,350
5353,2600
5354,15
5355,60
5356,8000
5357,480
5358,70
5359,7.5
5360,0.07865
5361,2
5362,14
5363,80
5364,10
5365,37.5
5366,62.8
5367,5
5368,5652
5369,4.5216
5370,516
5371,3
5372,10000
5373,450
5374,2
5375,25
5376,90
5377,100
5378,2475
5379,200
5380,25
5381,24/5
5382,125
5383,5280
5384,90
5385,100
5386,9
5387,400
5388,2
5389,29
5390,30
5391,68120
5392,0.9
5393,85
5394,8
5395,1.6
5396,500
5397,2968
5398,85.5
5399,18.67
5400,2275
5401,1250
5402,6
5403,360
5404,33
5405,67.2
5406,76
5407,160
5408,21
5409,72
5410,30
5411,76.666
5412,24.4
5413,89
5414,2409.3
5415,1044.2
5416,104
5417,972
5418,480
5419,916
5420,840
5421,1.2
5422,0.9883333333333333
5423,90
5424,0.232
5425,3.75
5426,45
5427,768
5428,60
5429,900
5430,40
5431,768
5432,800
5433,265
5434,20
5435,630
5436,144
5437,5
5438,706.5
5439,30
5440,384
5441,18
5442,45
5443,48
5444,48
5445,0.2
5446,38
5447,2.9
5448,2.7
5449,17.2
5450,14
5451,90
5452,140.4
5453,480
5454,368
5455,20
5456,8
5457,3500
5458,314
5459,40
5460,52.5
5461,36
5462,13.4
5463,28
5464,5
5465,1
5466,1
5467,7
5468,1.7
5469,26.3
5470,46
5471,4800
5472,18
5473,1800
5474,12
5475,163
5476,6
5477,90
5478,133.35
5479,18000
5480,2400
5481,7
5482,48
5483,0.5
5484,52
5485,7.5
5486,580
5487,132
5488,121
5489,30
5490,18
5491,29
5492,44
5493,53
5494,200
5495,42
5496,1620
5497,5
5498,1333
5499,3750
5500,7
5501,92
5502,9
5503,1200
5504,460
5505,175
5506,1
5507,1500
5508,430
5509,160
5510,20
5511,560
5512,32
5513,7
5514,190
5515,20
5516,5000
5517,1200
5518,800
5519,810
5520,32
5521,288
5522,4.2
5523,1920
5524,45
5525,4
5526,210
5527,440
5528,25
5529,5488
5530,52
5531,2200
5532,5260
5533,48
5534,1
5535,3
5536,70500
5537,1.575
5538,1.3
5539,80
5540,100
5541,90
5542,216
5543,428
5544,15
5545,18
5546,-29.5
5547,57
5548,5/7
5549,45
5550,900
5551,375
5552,420
5553,48/5
5554,1.5
5555,6600
5556,96
5557,205
5558,5
5559,6_2/3
5560,2.4
5561,2250
5562,21600
5563,760
5564,12
5565,30
5566,1.5
5567,45
5568,80
5569,60
5570,6
5571,7
5572,204
5573,9250
5574,160
5575,-15
5576,5
5577,37.054
5578,7.75
5579,140
5580,12
5581,32
5582,74.4
5583,280
5584,120
5585,4
5586,65
5587,420
5588,360
5589,21
5590,3
5591,3600
5592,295
5593,1260
5594,0.4
5595,96
5596,396
5597,85
5598,12
5599,2700
5600,520
5601,17495
5602,107.8
5603,6
5604,5.12
5605,42.5
5606,20420
5607,78/3
5608,120
5609,840
5610,66.6
5611,150
5612,0.96
5613,0.00015467625
5614,124
5615,188.4
5616,4.71
5617,5.3846
5618,80462
5619,195
5620,1.14
5621,6280
5622,1405.625
5623,2
5624,160
5625,12
5626,0.9133
5627,1450
5628,9
5629,256
5630,250
5631,1153
5632,44
5633,2700
5634,84
5635,78.5
5636,4500
5637,1439000.48
5638,30
5639,9.825
5640,20
5641,51.2
5642,2592
5643,30
5644,5.111
5645,600
5646,7
5647,28.26
5648,78
5649,120
5650,26
5651,28.26
5652,600
5653,375
5654,3.95
5655,105
5656,500
5657,3
5658,2170
5659,62.2
5660,800
5661,8
5662,80
5663,0.625
5664,8
5665,128
5666,20
5667,200
5668,30
5669,3
5670,500
5671,2.3
5672,3000
5673,60
5674,600
5675,628
5676,5023
5677,28
5678,31
5679,1500
5680,500
5681,704.5
5682,471
5683,41.6
5684,60
5685,180
5686,25
5687,596
5688,6849
5689,48
5690,175
5691,2000
5692,0.4
5693,360
5694,2400
5695,48
5696,1575
5697,1600
5698,24
5699,1728
5700,17.44
5701,12
5702,40
5703,15
5704,35
5705,80
5706,20.7
5707,270
5708,3
5709,14015
5710,18.45
5711,20
5712,12800
5713,1600
5714,1.1
5715,14118
5716,113
5717,8
5718,192
5719,-2
5720,945
5721,5.652
5722,80
5723,10
5724,945
5725,105
5726,8.333333333333333
5727,300
5728,4.37
5729,16
5730,4
5731,192
5732,992
5733,86.8
5734,5702
5735,7.5
5736,200.96
5737,400
5738,3430
5739,45
5740,8
5741,6.4
5742,5520
5743,25
5744,592
5745,200
5746,4800
5747,16
5748,1620
5749,28.26
5750,642
5751,332
5752,300
5753,285
5754,232
5755,90
5756,142
5757,23
5758,100
5759,18
5760,40
5761,0.75
5762,300
5763,70
5764,36
5765,16
5766,2090
5767,7.2
5768,720
5769,260
5770,100
5771,200
5772,21.818181818181818
5773,270
5774,24
5775,800
5776,90
5777,28.125
5778,33.6
5779,10
5780,88
5781,10
5782,96
5783,6
5784,30
5785,1000
5786,145
5787,44
5788,11275
5789,200
5790,810
5791,22
5792,2400
5793,930
5794,40
5795,81
5796,525
5797,6
5798,36
5799,19.44
5800,257.04
5801,9
5802,250
5803,15.84
5804,3
5805,22
5806,200
5807,290
5808,71.42857143
5809,78.2
5810,18
5811,0.7661
5812,3
5813,30
5814,227
5815,20
5816,50.625
5817,96
5818,2
5819,187.5
5820,9
5821,36
5822,25/2
5823,10
5824,28
5825,15
5826,20
5827,7983
5828,960
5829,23810
5830,2550
5831,360
5832,14291
5833,1
5834,5
5835,249
5836,502.4
5837,3.75
5838,23.55
5839,75.36
5840,32
5841,14
5842,300
5843,4
5844,103
5845,93
5846,94
5847,1600
5848,300
5849,47.8
5850,8
5851,100
5852,25
5853,8640
5854,10
5855,9366.67
5856,9000
5857,4000
5858,3040
5859,24
5860,7
5861,0.8
5862,126.7
5863,695.84
5864,42
5865,4.58
5866,300
5867,1.12
5868,9/10
5869,2.67
5870,15
5871,12
5872,120
5873,0.2
5874,-45
5875,3.92
5876,32
5877,72
5878,0.5
5879,450
5880,10
5881,401
5882,72.375
5883,124875
5884,2/3
5885,100
5886,13.33
5887,7.5
5888,40
5889,53
5890,50
5891,90
5892,41
5893,37.8
5894,1000
5895,2112
5896,750
5897,5.7
5898,5460
5899,4
5900,3.6
5901,6
5902,47.5
5903,1.875
5904,111520
5905,138
5906,274
5907,24
5908,21
5909,28
5910,49
5911,9
5912,16
5913,33
5914,21.25
5915,8
5916,3
5917,7
5918,50
5919,60
5920,46
5921,8
5922,8
5923,18
5924,41
5925,42
5926,36
5927,44
5928,694
5929,1031
5930,5
5931,800
5932,6
5933,72
5934,42
5935,26
5936,33
5937,8
5938,6
5939,35
5940,12
5941,20
5942,10
5943,15
5944,15
5945,10
5946,10
5947,25
5948,46
5949,56
5950,3
5951,4
5952,12
5953,11
5954,8
5955,42
5956,21
5957,32
5958,82
5959,44
5960,20
5961,50
5962,18
5963,36
5964,33
5965,24
5966,16
5967,53
5968,41
5969,3
5970,72
5971,53
5972,4
5973,1
5974,5
5975,24
5976,28
5977,3
5978,0.5
5979,12
5980,3
5981,38
5982,9
5983,4
5984,22
5985,60
5986,9
5987,34
5988,17
5989,27
5990,10
5991,4
5992,4
5993,18
5994,18
5995,20
5996,6
5997,4
5998,8
5999,5
6000,7
6001,21
6002,6
6003,6
6004,26
6005,47
6006,6
6007,9
6008,47
6009,81
6010,19
6011,30
6012,20
6013,34
6014,46
6015,44
6016,27
6017,4
6018,0
6019,25
6020,31
6021,60
6022,19
6023,13
6024,4
6025,27
6026,18
6027,13
6028,3
6029,11
6030,25
6031,31
6032,91
6033,35
6034,90
6035,56
6036,26
6037,81
6038,55
6039,6
6040,97
6041,51
6042,88
6043,16
6044,51
6045,57
6046,26
6047,4
6048,90
6049,21
6050,20
6051,26
6052,31
6053,27
6054,15
6055,88
6056,33
6057,7
6058,16
6059,8
6060,81
6061,81
6062,37
6063,79
6064,24
6065,-18
6066,23
6067,27
6068,77
6069,25
6070,19
6071,9
6072,24
6073,80
6074,26
6075,20
6076,4
6077,20
6078,3
6079,25
6080,8
6081,6
6082,22
6083,53
6084,41
6085,37
6086,45
6087,19
6088,24
6089,31
6090,42
6091,11
6092,84
6093,40
6094,44
6095,30
6096,20
6097,18
6098,45
6099,25
6100,8
6101,8
6102,14
6103,47
6104,10
6105,72
6106,34
6107,9
6108,6
6109,3
6110,18
6111,4
6112,19
6113,10
6114,5
6115,7
6116,27
6117,30
6118,840
6119,16
6120,6
6121,56
6122,32
6123,18
6124,43
6125,32
6126,16
6127,24
6128,23
6129,8
6130,6
6131,8
6132,16
6133,15
6134,18
6135,12
6136,18
6137,6
6138,15
6139,49
6140,18
6141,20
6142,82
6143,16
6144,27
6145,21
6146,8
6147,27
6148,8
6149,9
6150,3
6151,80
6152,68
6153,60
6154,120
6155,45
6156,270
6157,139
6158,948
6159,898
6160,4
6161,40
6162,120
6163,5
6164,0.8
6165,2
6166,94
6167,1841
6168,500
6169,720
6170,121
6171,49
6172,68
6173,1620
6174,30
6175,90
6176,1025
6177,2400
6178,0.6
6179,9
6180,38
6181,27.78
6182,176
6183,370
6184,1000
6185,-3080
6186,61
6187,4360
6188,560
6189,543
6190,253
6191,65
6192,450
6193,90
6194,95
6195,1880
6196,240
6197,5100
6198,984
6199,12
6200,4
6201,2
6202,4
6203,7776
6204,40
6205,40
6206,72
6207,9
6208,100
6209,23
6210,78
6211,136
6212,358
6213,372
6214,142
6215,270
6216,99
6217,40
6218,48
6219,5
6220,477
6221,1392
6222,129
6223,39
6224,22
6225,9
6226,52
6227,9
6228,9
6229,72
6230,315
6231,265
6232,8
6233,220
6234,14
6235,2200
6236,98
6237,96
6238,113
6239,16
6240,360
6241,111
6242,210
6243,5
6244,6
6245,1205
6246,278
6247,78
6248,395
6249,150
6250,5
6251,5
6252,88
6253,200
6254,9216
6255,170
6256,78
6257,400
6258,-6
6259,225
6260,11
6261,44
6262,1152
6263,3840
6264,40
6265,41
6266,60
6267,100
6268,21
6269,540
6270,4000
6271,120
6272,800
6273,77
6274,41.2
6275,1400
6276,-2
6277,63
6278,250
6279,4
6280,5
6281,344
6282,186
6283,10
6284,29.4
6285,1.16
6286,2.12
6287,4
6288,216
6289,32
6290,16
6291,-1900
6292,0.6
6293,47.5
6294,87
6295,90
6296,1240
6297,275
6298,92.78
6299,57.3
6300,22.4
6301,12
6302,307
6303,370
6304,64
6305,165
6306,14910
6307,315
6308,6
6309,86
6310,157
6311,8
6312,50
6313,24
6314,120
6315,120
6316,30
6317,45
6318,1950
6319,4
6320,0.5
6321,6.4
6322,4.548
6323,238
6324,52
6325,60
6326,3
6327,740
6328,165
6329,3
6330,6120
6331,480
6332,750
6333,13650
6334,4800
6335,696
6336,125
6337,900
6338,9
6339,40
6340,160
6341,48
6342,160
6343,440
6344,2200
6345,4
6346,6
6347,30
6348,48
6349,2
6350,20
6351,3600
6352,13
6353,7
6354,250
6355,7.5
6356,12
6357,1200
6358,16
6359,15
6360,19
6361,110
6362,9765
6363,30
6364,5.6
6365,11/50
6366,6
6367,8
6368,33990
6369,762
6370,30
6371,24
6372,45
6373,600
6374,76
6375,107
6376,714
6377,1872
6378,113.04
6379,17.78
6380,14
6381,20
6382,12
6383,7000
6384,2
6385,100
6386,78
6387,6000
6388,38.5
6389,1.2
6390,60
6391,0.6
6392,48
6393,12
6394,100
6395,35
6396,6720
6397,5.46
6398,4.3
6399,1428
6400,140
6401,64000
6402,1
6403,6
6404,200
6405,240
6406,675
6407,900
6408,700
6409,20000
6410,13800
6411,204
6412,91000
6413,0.35
6414,1.6
6415,22
6416,140.1
6417,63
6418,1950
6419,5
6420,540
6421,236
6422,440
6423,45
6424,210
6425,5
6426,750
6427,180
6428,11.43
6429,17
6430,13.5
6431,8
6432,15
6433,1200
6434,145
6435,320
6436,288
6437,4050
6438,18
6439,17
6440,1200
6441,5300
6442,8
6443,5
6444,72
6445,86.1
6446,9.42
6447,188.8
6448,30
6449,50
6450,349.04
6451,32
6452,36
6453,38
6454,1350
6455,10.8
6456,630
6457,4.2
6458,76.8
6459,648
6460,150
6461,15
6462,40
6463,122.5
6464,2000
6465,8000
6466,44
6467,10
6468,71
6469,27
6470,18.75
6471,40
6472,24
6473,8
6474,7
6475,3.5
6476,33
6477,9
6478,4
6479,4
6480,38.2
6481,-27/113
6482,48
6483,34009
6484,45/4
6485,300
6486,8
6487,49
6488,480
6489,11.87
6490,4
6491,140
6492,216
6493,60
6494,4
6495,62.8
6496,118
6497,7850
6498,30
6499,24.2
6500,44
6501,7
6502,20
6503,1.8
6504,24
6505,600
6506,139
6507,180
6508,95
6509,16
6510,35
6511,105
6512,64
6513,335
6514,368
6515,9
6516,120
6517,3_1/7
6518,0.05
6519,3722
6520,17
6521,1568
6522,5
6523,1.73
6524,-3408
6525,4
6526,24
6527,40.5
6528,64
6529,91
6530,1050
6531,858
6532,32
6533,6
6534,2700
6535,30
6536,176
6537,54
6538,170
6539,15
6540,160
6541,37.5
6542,1680
6543,222
6544,4.52
6545,47000
6546,280
6547,25
6548,147
6549,375
6550,16
6551,3048
6552,106
6553,10
6554,4
6555,648
6556,133
6557,2.7
6558,69
6559,4
6560,15
6561,660
6562,8.29
6563,16
6564,572
6565,35
6566,24
6567,17.6
6568,23325
6569,80
6570,310
6571,45
6572,1800
6573,1800
6574,12.5
6575,2008
6576,900
6577,680.4
6578,4410
6579,8
6580,40
6581,360
6582,85
6583,2520
6584,4
6585,4.5
6586,576
6587,36
6588,93.1
6589,8
6590,224
6591,1330
6592,360
6593,130
6594,900
6595,85
6596,92
6597,6.7
6598,306
6599,2730
6600,2560
6601,2250
6602,52
6603,328
6604,38
6605,215
6606,18750
6607,120
6608,18.5
6609,18
6610,60
6611,248
6612,4
6613,24
6614,48
6615,1050
6616,624
6617,825
6618,37
6619,356
6620,18
6621,9
6622,4
6623,576
6624,1320
6625,6
6626,13000
6627,3909
6628,600
6629,60
6630,824
6631,13.2
6632,72
6633,21.4752
6634,80
6635,6.25
6636,27.125
6637,3
6638,24
6639,23600
6640,40
6641,0.21
6642,1610
6643,120
6644,552
6645,2
6646,4450
6647,6960
6648,14970
6649,378
6650,384
6651,48
6652,22.5
6653,615
6654,249
6655,10.1
6656,23
6657,20
6658,205
6659,540
6660,22.5
6661,266
6662,4
6663,7
6664,285
6665,8
6666,126
6667,832
6668,154.05
6669,23
6670,1050
6671,1872
6672,60
6673,1621.5
6674,138
6675,315
6676,28
6677,379
6678,43200
6679,7.5
6680,40
6681,1400
6682,472
6683,22
6684,4242
6685,50
6686,525
6687,473.37
6688,29.4
6689,732
6690,0.3925
6691,52
6692,17.9
6693,560
6694,240
6695,56
6696,20
6697,2700
6698,72
6699,10.3
6700,47
6701,600
6702,980
6703,13
6704,4840
6705,25
6706,45
6707,46
6708,18.72
6709,25.976
6710,18000
6711,10
6712,127
6713,8
6714,22
6715,7
6716,16
6717,16
6718,18
6719,23
6720,85
6721,3216
6722,225
6723,75
6724,248
6725,2440
6726,80
6727,5
6728,18
6729,0.6
6730,21
6731,29
6732,8
6733,12
6734,19
6735,48
6736,52
6737,79
6738,38
6739,96
6740,10
6741,41
6742,-21
6743,32
6744,12
6745,-15
6746,2
6747,3
6748,30
6749,32
6750,-21
6751,4
6752,29
6753,35
6754,36
6755,80
6756,37
6757,8
6758,29
6759,17
6760,35
6761,45
6762,6
6763,20
6764,4
6765,48
6766,24
6767,41.65
6768,4
6769,4
6770,6
6771,6
6772,39
6773,40
6774,20
6775,6
6776,9
6777,45
6778,5
6779,17
6780,11
6781,17
6782,45
6783,-43
6784,39
6785,72
6786,94
6787,50
6788,8
6789,69
6790,87
6791,-2
6792,38
6793,79
6794,-54
6795,10
6796,38
6797,24
6798,35
6799,39
6800,61
6801,20
6802,200
6803,22
6804,14
6805,94
6806,40
6807,24
6808,10
6809,27
6810,37
6811,34
6812,50
6813,42
6814,33
6815,47
6816,21
6817,25
6818,47
6819,81
6820,39
6821,11
6822,53
6823,23
6824,3
6825,33
6826,30
6827,38
6828,12
6829,28
6830,33
6831,119
6832,57
6833,14
6834,36
6835,42
6836,46
6837,16
6838,24
6839,12
6840,5
6841,35
6842,7
6843,7
6844,17
6845,12
6846,8
6847,18
6848,5
6849,18
6850,2.33
6851,17
6852,8
6853,7
6854,6
6855,17
6856,9
6857,8
6858,27.552
6859,178
6860,1360
6861,50
6862,120
6863,5670
6864,680
6865,3.75
6866,2
6867,95%
6868,84
6869,400
6870,128
6871,304
6872,3290
6873,1500
6874,3600
6875,144
6876,12
6877,9
6878,260
6879,33.75
6880,200
6881,6000
6882,108
6883,16
6884,120
6885,20
6886,160
6887,792
6888,60
6889,9
6890,62
6891,58
6892,95.073
6893,2250
6894,6
6895,232
6896,512
6897,1680
6898,5652
6899,270000
6900,36
6901,0.6
6902,5652
6903,43
6904,2.5
6905,204
6906,0.05625
6907,28
6908,12
6909,625
6910,37
6911,485
6912,45
6913,96%
6914,100%
6915,1/5
6916,20.0952
6917,19.44
6918,79.56
6919,21.6
6920,126
6921,73.92
6922,1
6923,3
6924,3025
6925,32
6926,14
6927,2500
6928,8.08
6929,1296
6930,7245
6931,2011.8
6932,70
6933,40
6934,1.5
6935,13
6936,18
6937,40
6938,13
6939,4
6940,25%
6941,200
6942,60
6943,15%
6944,89
6945,32
6946,10
6947,3
6948,37
6949,-68.4
6950,300
6951,31.4
6952,360
6953,30
6954,4.62
6955,5
6956,10
6957,1.2
6958,14
6959,24.59
6960,150
6961,96
6962,7500
6963,376
6964,5
6965,224
6966,28
6967,307.76
6968,44
6969,30
6970,20
6971,20
6972,7.2
6973,8
6974,144
6975,160
6976,14
6977,16
6978,96
6979,40
6980,7.5
6981,15%
6982,-300
6983,6000
6984,1/3
6985,24
6986,2380
6987,108
6988,200
6989,35
6990,4.5
6991,1600
6992,96
6993,30
6994,270
6995,-1670
6996,1300
6997,5.32
6998,300
6999,1540
7000,19
7001,0.20
7002,5.2
7003,20
7004,401.92
7005,10
7006,56.25
7007,180
7008,16%
7009,4.8
7010,46
7011,1256
7012,625
7013,100
7014,44
7015,6092
7016,1500
7017,5
7018,26.4
7019,1650
7020,50
7021,62.8
7022,100
7023,84
7024,2.5
7025,100
7026,180
7027,2.612
7028,16.7%
7029,60.288
7030,228
7031,30
7032,192
7033,75
7034,20%
7035,8
7036,5/3
7037,5.89%
7038,512
7039,717
7040,36
7041,780
7042,420
7043,345
7044,60
7045,9
7046,270
7047,96
7048,60
7049,2/3
7050,15.893
7051,1560
7052,9
7053,2
7054,18
7055,80
7056,254.34
7057,2.4
7058,18
7059,720
7060,95%
7061,30
7062,22.8
7063,38.4
7064,50
7065,3.7
7066,2400
7067,2.08
7068,0.8
7069,30
7070,9.42
7071,1.5
7072,350
7073,12.5
7074,28%
7075,7.2
7076,110
7077,5
7078,2500
7079,6
7080,23
7081,40
7082,60
7083,990
7084,27/35
7085,3/20
7086,204
7087,3.5
7088,8
7089,35
7090,96
7091,1200
7092,4
7093,3048
7094,56
7095,28
7096,4
7097,60
7098,34.8
7099,20
7100,41
7101,3360
7102,7800
7103,1.25
7104,1
7105,450
7106,471
7107,6.25
7108,8
7109,75
7110,1/3
7111,235
7112,28.26
7113,5
7114,720
7115,60
7116,500
7117,251.2
7118,200
7119,58
7120,4.8
7121,40/23
7122,445
7123,8460
7124,32
7125,3/7
7126,540
7127,84.75
7128,-40
7129,95
7130,12.56
7131,7
7132,20
7133,41
7134,188
7135,49
7136,80
7137,184
7138,62.5
7139,56
7140,2.62
7141,44.9
7142,27
7143,10%
7144,6
7145,7
7146,40%
7147,25%
7148,10
7149,4
7150,6
7151,8
7152,340
7153,14
7154,80
7155,1000
7156,408.4
7157,58
7158,123
7159,9.6
7160,36
7161,375
7162,3.5
7163,4
7164,52
7165,0.5
7166,1244
7167,672
7168,93.75
7169,24
7170,12
7171,87.2
7172,192
7173,108.3%
7174,25%
7175,45
7176,20
7177,1000
7178,42.5
7179,168
7180,100.48
7181,522.5
7182,1400
7183,3330
7184,9
7185,72
7186,9
7187,768
7188,48
7189,368
7190,97
7191,480
7192,225
7193,84688
7194,6160
7195,4.75
7196,800
7197,108
7198,27
7199,6
7200,12
7201,12
7202,1240
7203,108
7204,15
7205,88
7206,206.25
7207,9
7208,8000
7209,426
7210,294
7211,1.02
7212,42.86
7213,0.3
7214,50
7215,75.36
7216,796
7217,251.2
7218,87.92
7219,710
7220,9
7221,192
7222,15
7223,20%
7224,18.75
7225,975
7226,13.68
7227,19
7228,32
7229,30
7230,16%
7231,1866.7
7232,300
7233,0.068
7234,2.5
7235,90
7236,24.04
7237,100
7238,222
7239,11
7240,8
7241,196
7242,25.75
7243,27
7244,4
7245,630
7246,9
7247,4.8
7248,168
7249,2000
7250,3000
7251,7
7252,36
7253,108
7254,3000
7255,119
7256,105
7257,340
7258,1350
7259,187
7260,70
7261,48
7262,18
7263,180
7264,768
7265,40000
7266,105.2
7267,35.4
7268,3
7269,5500
7270,3.14
7271,37.68
7272,24
7273,300
7274,20
7275,105
7276,-50
7277,300
7278,300
7279,400
7280,4
7281,90
7282,240
7283,20%
7284,30
7285,60
7286,24
7287,24
7288,5
7289,300
7290,1
7291,30
7292,35
7293,135
7294,4000
7295,29.4
7296,240
7297,150
7298,272
7299,55
7300,40
7301,1/7
7302,15
7303,120
7304,25000
7305,80
7306,108
7307,750
7308,300
7309,1.35
7310,70
7311,150
7312,74
7313,560
7314,9.0
7315,36
7316,10/7
7317,125.6
7318,408
7319,4710
7320,9
7321,150
7322,-4.1357142857142856
7323,300
7324,103.3
7325,0.5
7326,2800
7327,0.4
7328,30000
7329,16
7330,12
7331,280
7332,-1.354375
7333,-140
7334,4
7335,800
7336,7956
7337,12.8
7338,15
7339,4432
7340,45.775
7341,50
7342,16
7343,5
7344,144
7345,316
7346,296
7347,4000
7348,204.384
7349,400
7350,1800
7351,32
7352,5/9
7353,12
7354,800
7355,1980
7356,78.5
7357,486
7358,8
7359,1480
7360,10
7361,940
7362,1778
7363,8
7364,90
7365,47
7366,4500
7367,4500
7368,2200
7369,72
7370,12
7371,12
7372,720
7373,48
7374,32
7375,40/9
7376,359/360
7377,53.784
7378,50
7379,1230.9
7380,2200
7381,13
7382,5040
7383,24
7384,5
7385,197.32
7386,200.96
7387,625
7388,7.065
7389,14.25
7390,6
7391,0.6
7392,9
7393,1256
7394,400
7395,480
7396,9840
7397,106
7398,16
7399,60
7400,64
7401,2.4
7402,5.5
7403,40
7404,20%
7405,160
7406,1.5
7407,9
7408,9.9
7409,450
7410,90
7411,11
7412,100
7413,125
7414,65
7415,5
7416,8
7417,132
7418,195
7419,0.25
7420,38
7421,92
7422,9
7423,162
7424,121
7425,450
7426,5
7427,88
7428,2
7429,3600
7430,99%
7431,480
7432,43
7433,50/3
7434,19.136
7435,1440
7436,108
7437,12.6
7438,17
7439,15
7440,-400
7441,4
7442,368
7443,0.0008
7444,14/15
7445,3.125
7446,28
7447,180
7448,7200
7449,7500
7450,31.4
7451,10
7452,25
7453,150
7454,4
7455,81
7456,50%
7457,144
7458,3.14
7459,4.8
7460,50
7461,360
7462,44
7463,4368
7464,3.6
7465,2700
7466,680
7467,48
7468,125
7469,15
7470,628
7471,4
7472,30
7473,0
7474,153
7475,1.5
7476,520
7477,-6
7478,55
7479,67.2
7480,29
7481,49.5
7482,80
7483,400
7484,12187.5
7485,147
7486,450
7487,27
7488,5.105
7489,4800
7490,15
7491,399
7492,50
7493,80
7494,90
7495,24
7496,4.8
7497,450
7498,3.3
7499,12
7500,11.4006
7501,3
7502,2.4
7503,7.5
7504,45
7505,63
7506,16
7507,9880
7508,58
7509,1680
7510,2.4
7511,720
7512,2550
7513,8
7514,-110
7515,975
7516,69
7517,410
7518,0.5
7519,80
7520,1595
7521,140
7522,1413
7523,16
7524,992
7525,288
7526,25800
7527,1500
7528,2.5
7529,40
7530,41
7531,90
7532,22.5
7533,560
7534,940
7535,453.76
7536,54
7537,43.2
7538,40
7539,8
7540,195
7541,30
7542,1224
7543,160
7544,60
7545,251.2
7546,18
7547,75.36
7548,675
7549,56.52
7550,80
7551,3140
7552,115
7553,90
7554,90
7555,870
7556,12
7557,180
7558,120
7559,9
7560,90
7561,9
7562,200
7563,147
7564,40
7565,384
7566,99
7567,-28.5
7568,1000
7569,500
7570,18
7571,8
7572,25.72
7573,16
7574,3200
7575,8/3
7576,4
7577,62.8
7578,51.6
7579,2/3
7580,200
7581,138
7582,29.4
7583,135
7584,1500
7585,9000
7586,37.5
7587,20
7588,40
7589,14
7590,4
7591,17
7592,20
7593,5
7594,4
7595,2430
7596,16
7597,4
7598,6
7599,85
7600,5
7601,1
7602,71.04
7603,24
7604,20
7605,132
7606,512
7607,23000
7608,40
7609,4
7610,24
7611,6.8
7612,34
7613,68
7614,1.56
7615,2.16
7616,1.5
7617,1
7618,7
7619,40
7620,12
7621,24
7622,18
7623,16
7624,0.295
7625,9
7626,830.95
7627,32.5
7628,36.55
7629,1.3
7630,3.31
7631,3.8
7632,343
7633,270
7634,90
7635,90%
7636,800
7637,13.5
7638,120
7639,69
7640,13.296
7641,2/5
7642,3/4
7643,18
7644,21
7645,20
7646,6
7647,12
7648,1/2
7649,5/7
7650,3240
7651,2000
7652,3
7653,1.7333
7654,36
7655,2400
7656,19/20
7657,64
7658,20
7659,10.4
7660,960
7661,32.8
7662,7/5
7663,150
7664,2
7665,2/5
7666,2/3
7667,11250
7668,5
7669,98
7670,42
7671,984
7672,13
7673,10
7674,5
7675,505
7676,4
7677,2520
7678,20/9
7679,1.4
7680,1.4
7681,3968
7682,750
7683,7
7684,30
7685,40
7686,800
7687,872
7688,49/35
7689,20160
7690,1620
7691,64
7692,8280
7693,93
7694,3
7695,534000
7696,11.4
7697,1
7698,3
7699,26
7700,17
7701,41.57
7702,7
7703,9.5
7704,13.35
7705,17/20
7706,3045
7707,120/7
7708,7
7709,148
7710,72
7711,1/2
7712,7.5
7713,20/36
7714,4.25
7715,48
7716,42
7717,599.4
7718,5/24
7719,60
7720,11
7721,48.4
7722,81
7723,25
7724,1350
7725,5
7726,7/10
7727,5.8
7728,222
7729,6
7730,140
7731,882
7732,85
7733,0.3
7734,160
7735,337.5
7736,9
7737,6
7738,50
7739,90
7740,29
7741,135
7742,36
7743,85
7744,640
7745,84
7746,38
7747,2.25
7748,194
7749,68
7750,2
7751,700
7752,1.8
7753,1573
7754,1.25
7755,0.25
7756,14
7757,1440
7758,135
7759,18.6
7760,5
7761,7.55
7762,400
7763,64
7764,4
7765,6
7766,6
7767,32800
7768,84
7769,77
7770,230
7771,2865
7772,17/20
7773,200
7774,72
7775,506
7776,1214
7777,380
7778,5
7779,60
7780,3.6
7781,230
7782,4
7783,22
7784,220
7785,10
7786,19
7787,432
7788,9000
7789,150
7790,8965
7791,26
7792,250
7793,6/7
7794,10
7795,15
7796,16
7797,51.25
7798,1260
7799,2400
7800,112.5
7801,60
7802,8000
7803,4/10
7804,9/4
7805,66
7806,100
7807,222
7808,518
7809,61
7810,2.8
7811,80
7812,4
7813,300
7814,127.29
7815,0.54
7816,2
7817,14
7818,240
7819,2550
7820,5
7821,9/10
7822,3616
7823,1026
7824,0.2
7825,42
7826,11/12
7827,2/3
7828,80000
7829,24
7830,72
7831,630
7832,99
7833,25
7834,0.0093
7835,41
7836,5/8
7837,1
7838,600
7839,13
7840,180
7841,36/49
7842,4/9
7843,35
7844,450
7845,32/15
7846,38
7847,135
7848,24/5
7849,320
7850,265
7851,19/4
7852,570
7853,7
7854,0.7143
7855,4/5
7856,4
7857,59/40
7858,48
7859,-40
7860,32
7861,1/5
7862,122.88
7863,3
7864,10.3
7865,13
7866,64
7867,1
7868,40
7869,7
7870,180
7871,3/4
7872,12
7873,12.6
7874,28/3
7875,4/5
7876,40/3
7877,7
7878,8
7879,309
7880,3/4
7881,150
7882,312.5
7883,3/5
7884,5/60
7885,16/25
7886,96
7887,34/36
7888,12
7889,9
7890,8
7891,1
7892,10
7893,765
7894,311
7895,67
7896,95238
7897,80
7898,240
7899,8
7900,13
7901,10
7902,9
7903,20
7904,5.42
7905,13
7906,632
7907,200
7908,24/7
7909,5/9
7910,8
7911,-7/9
7912,10000
7913,6.4
7914,2700
7915,3/16
7916,10
7917,96
7918,20%
7919,864
7920,9/20
7921,1
7922,3/4
7923,20%
7924,6_2/7
7925,324
7926,90
7927,900
7928,-6
7929,360
7930,50
7931,112.5
7932,4/5
7933,8
7934,77
7935,5/8
7936,5/3
7937,4/5
7938,1000
7939,7
7940,7
7941,36
7942,1/6
7943,3
7944,300
7945,42
7946,15.6
7947,15
7948,16
7949,70
7950,90
7951,42.86
7952,2100
7953,10
7954,128
7955,86
7956,55
7957,2502
7958,4.4
7959,230
7960,3/4
7961,12.5
7962,12
7963,20
7964,3000
7965,6
7966,5
7967,960
7968,1710
7969,19
7970,10
7971,5
7972,624
7973,1
7974,4
7975,280
7976,27
7977,8000
7978,20
7979,0.04
7980,42
7981,392
7982,175
7983,4000
7984,10
7985,70
7986,144
7987,0
7988,405
7989,144000
7990,294
7991,72
7992,8
7993,1200
7994,193
7995,60/11
7996,36
7997,1750
7998,5/7
7999,5.000000000000001
